"ioc_name","english","spanish"
"Struthio camelus","Common Ostrich","Avestruz común"
"Struthio molybdophanes","Somali Ostrich","Avestruz somalí"
"Rhea americana","Greater Rhea","Ñandú común"
"Rhea pennata","Lesser Rhea","Ñandú petiso"
"Apteryx australis","Southern Brown Kiwi","Kiwi sureño"
"Apteryx mantelli","North Island Brown Kiwi","Kiwi norteño"
"Apteryx rowi","Okarito Kiwi","Kiwi de Okarito"
"Apteryx owenii","Little Spotted Kiwi","Kiwi moteado menor"
"Apteryx maxima","Great Spotted Kiwi","Kiwi moteado mayor"
"Casuarius casuarius","Southern Cassowary","Casuario común"
"Casuarius bennetti","Dwarf Cassowary","Casuario menor"
"Casuarius unappendiculatus","Northern Cassowary","Casuario unicarunculado"
"Dromaius novaehollandiae","Emu","Emú"
"Tinamus tao","Grey Tinamou","Tinamú tao"
"Tinamus solitarius","Solitary Tinamou","Tinamú macuco"
"Tinamus osgoodi","Black Tinamou","Tinamú negro"
"Tinamus major","Great Tinamou","Tinamú oliváceo"
"Tinamus guttatus","White-throated Tinamou","Tinamú moteado"
"Nothocercus bonapartei","Highland Tinamou","Tinamú serrano"
"Nothocercus julius","Tawny-breasted Tinamou","Tinamú cabecirrojo"
"Nothocercus nigrocapillus","Hooded Tinamou","Tinamú cabecinegro"
"Crypturellus berlepschi","Berlepsch's Tinamou","Tinamú tizón"
"Crypturellus cinereus","Cinereous Tinamou","Tinamú sombrío"
"Crypturellus soui","Little Tinamou","Tinamú chico"
"Crypturellus ptaritepui","Tepui Tinamou","Tinamú de tepuy"
"Crypturellus obsoletus","Brown Tinamou","Tinamú café"
"Crypturellus undulatus","Undulated Tinamou","Tinamú ondeado"
"Crypturellus transfasciatus","Pale-browed Tinamou","Tinamú cejudo"
"Crypturellus strigulosus","Brazilian Tinamou","Tinamú brasileño"
"Crypturellus duidae","Grey-legged Tinamou","Tinamú patigrís"
"Crypturellus erythropus","Red-legged Tinamou","Tinamú patirrojo"
"Crypturellus noctivagus","Yellow-legged Tinamou","Tinamú patigualdo"
"Crypturellus atrocapillus","Black-capped Tinamou","Tinamú capirotado"
"Crypturellus cinnamomeus","Thicket Tinamou","Tinamú canelo"
"Crypturellus boucardi","Slaty-breasted Tinamou","Tinamú pizarroso"
"Crypturellus kerriae","Choco Tinamou","Tinamú del Chocó"
"Crypturellus variegatus","Variegated Tinamou","Tinamú abigarrado"
"Crypturellus brevirostris","Rusty Tinamou","Tinamú herrumbroso"
"Crypturellus bartletti","Bartlett's Tinamou","Tinamú de Bartlett"
"Crypturellus parvirostris","Small-billed Tinamou","Tinamú piquicorto"
"Crypturellus casiquiare","Barred Tinamou","Tinamú del Casiquiare"
"Crypturellus tataupa","Tataupa Tinamou","Tinamú tataupá"
"Rhynchotus rufescens","Red-winged Tinamou","Tinamú alirrojo"
"Rhynchotus maculicollis","Huayco Tinamou","Tinamú huayco"
"Nothoprocta taczanowskii","Taczanowski's Tinamou","Tinamú de Taczanowski"
"Nothoprocta ornata","Ornate Tinamou","Tinamú pisacca"
"Nothoprocta perdicaria","Chilean Tinamou","Tinamú chileno"
"Nothoprocta cinerascens","Brushland Tinamou","Tinamú montaraz"
"Nothoprocta pentlandii","Andean Tinamou","Tinamú andino"
"Nothoprocta curvirostris","Curve-billed Tinamou","Tinamú del páramo"
"Nothura boraquira","White-bellied Nothura","Tinamú ventriblanco"
"Nothura minor","Lesser Nothura","Tinamú menor"
"Nothura darwinii","Darwin's Nothura","Tinamú de Darwin"
"Nothura maculosa","Spotted Nothura","Tinamú manchado"
"Taoniscus nanus","Dwarf Tinamou","Tinamú enano"
"Eudromia elegans","Elegant Crested Tinamou","Martineta común"
"Eudromia formosa","Quebracho Crested Tinamou","Martineta chaqueña"
"Tinamotis pentlandii","Puna Tinamou","Kiula andina"
"Tinamotis ingoufi","Patagonian Tinamou","Kiula patagona"
"Anhima cornuta","Horned Screamer","Chajá añuma"
"Chauna chavaria","Northern Screamer","Chajá chicagüire"
"Chauna torquata","Southern Screamer","Chajá común"
"Anseranas semipalmata","Magpie Goose","Ganso urraca"
"Dendrocygna viduata","White-faced Whistling Duck","Suirirí cariblanco"
"Dendrocygna autumnalis","Black-bellied Whistling Duck","Suirirí piquirrojo"
"Dendrocygna guttata","Spotted Whistling Duck","Suirirí moteado"
"Dendrocygna arborea","West Indian Whistling Duck","Suirirí yaguaza"
"Dendrocygna bicolor","Fulvous Whistling Duck","Suirirí bicolor"
"Dendrocygna eytoni","Plumed Whistling Duck","Suirirí australiano"
"Dendrocygna arcuata","Wandering Whistling Duck","Suirirí capirotado"
"Dendrocygna javanica","Lesser Whistling Duck","Suirirí de Java"
"Thalassornis leuconotus","White-backed Duck","Pato dorsiblanco"
"Cereopsis novaehollandiae","Cape Barren Goose","Ganso cenizo"
"Branta bernicla","Brant Goose","Barnacla carinegra"
"Branta ruficollis","Red-breasted Goose","Barnacla cuelliroja"
"Branta sandvicensis","Nene","Barnacla nené"
"Branta canadensis","Canada Goose","Barnacla canadiense grande"
"Branta leucopsis","Barnacle Goose","Barnacla cariblanca"
"Branta hutchinsii","Cackling Goose","Barnacla canadiense chica"
"Anser indicus","Bar-headed Goose","Ánsar indio"
"Anser canagicus","Emperor Goose","Ánsar emperador"
"Anser rossii","Ross's Goose","Ánsar de Ross"
"Anser caerulescens","Snow Goose","Ánsar nival"
"Anser anser","Greylag Goose","Ánsar común"
"Anser cygnoides","Swan Goose","Ánsar cisnal"
"Anser fabalis","Taiga Bean Goose","Ánsar campestre"
"Anser brachyrhynchus","Pink-footed Goose","Ánsar piquicorto"
"Anser serrirostris","Tundra Bean Goose","Ánsar campestre de la tundra"
"Anser albifrons","Greater White-fronted Goose","Ánsar careto"
"Anser erythropus","Lesser White-fronted Goose","Ánsar chico"
"Coscoroba coscoroba","Coscoroba Swan","Cisne coscoroba"
"Cygnus atratus","Black Swan","Cisne negro"
"Cygnus melancoryphus","Black-necked Swan","Cisne cuellinegro"
"Cygnus olor","Mute Swan","Cisne vulgar"
"Cygnus buccinator","Trumpeter Swan","Cisne trompetero"
"Cygnus columbianus","Tundra Swan","Cisne chico"
"Cygnus cygnus","Whooper Swan","Cisne cantor"
"Stictonetta naevosa","Freckled Duck","Pato pecoso"
"Hymenolaimus malacorhynchos","Blue Duck","Pato azul"
"Tachyeres patachonicus","Flying Steamer Duck","Pato vapor volador"
"Tachyeres pteneres","Fuegian Steamer Duck","Pato vapor del Magallanes"
"Tachyeres brachypterus","Falkland Steamer Duck","Pato vapor malvinero"
"Tachyeres leucocephalus","Chubut Steamer Duck","Pato vapor cabeciblanco"
"Merganetta armata","Torrent Duck","Pato torrentero"
"Plectropterus gambensis","Spur-winged Goose","Ganso espolonado"
"Sarkidiornis sylvicola","Comb Duck","Pato crestudo americano"
"Sarkidiornis melanotos","Knob-billed Duck","Pato crestudo afroasiático"
"Cyanochen cyanoptera","Blue-winged Goose","Ganso aliazul"
"Alopochen aegyptiaca","Egyptian Goose","Ganso del Nilo"
"Alopochen mauritiana","Mauritius Sheldgoose","Ganso de Mauricio"
"Alopochen kervazoi","Reunion Sheldgoose","Ganso de Reunión"
"Neochen jubata","Orinoco Goose","Ganso del Orinoco"
"Chloephaga melanoptera","Andean Goose","Cauquén guayata"
"Chloephaga picta","Upland Goose","Cauquén común"
"Chloephaga hybrida","Kelp Goose","Cauquén caranca"
"Chloephaga poliocephala","Ashy-headed Goose","Cauquén cabecigrís"
"Chloephaga rubidiceps","Ruddy-headed Goose","Cauquén colorado"
"Radjah radjah","Radjah Shelduck","Tarro rajá"
"Tadorna tadorna","Common Shelduck","Tarro blanco"
"Tadorna ferruginea","Ruddy Shelduck","Tarro canelo"
"Tadorna cana","South African Shelduck","Tarro sudafricano"
"Tadorna tadornoides","Australian Shelduck","Tarro australiano"
"Tadorna variegata","Paradise Shelduck","Tarro maorí"
"Tadorna cristata","Crested Shelduck","Tarro crestado"
"Malacorhynchus membranaceus","Pink-eared Duck","Pato pachón"
"Salvadorina waigiuensis","Salvadori's Teal","Ánade papúa"
"Cairina moschata","Muscovy Duck","Pato criollo"
"Asarcornis scutulata","White-winged Duck","Pato de jungla"
"Pteronetta hartlaubii","Hartlaub's Duck","Pato de Hartlaub"
"Aix sponsa","Wood Duck","Pato joyuyo"
"Aix galericulata","Mandarin Duck","Pato mandarín"
"Chenonetta jubata","Maned Duck","Pato de crin"
"Nettapus auritus","African Pygmy Goose","Gansito africano"
"Nettapus coromandelianus","Cotton Pygmy Goose","Gansito asiático"
"Nettapus pulchellus","Green Pygmy Goose","Gansito australiano"
"Amazonetta brasiliensis","Brazilian Teal","Pato brasileño"
"Callonetta leucophrys","Ringed Teal","Pato acollarado"
"Lophonetta specularioides","Crested Duck","Ánade juarjal"
"Speculanas specularis","Bronze-winged Duck","Ánade anteojillo"
"Sibirionetta formosa","Baikal Teal","Cerceta del Baikal"
"Spatula querquedula","Garganey","Cerceta carretona"
"Spatula hottentota","Blue-billed Teal","Cerceta hotentote"
"Spatula puna","Puna Teal","Cerceta de la puna"
"Spatula versicolor","Silver Teal","Cerceta capuchina"
"Spatula platalea","Red Shoveler","Cuchara argentino"
"Spatula cyanoptera","Cinnamon Teal","Cerceta colorada"
"Spatula discors","Blue-winged Teal","Cerceta aliazul"
"Spatula smithii","Cape Shoveler","Cuchara de El Cabo"
"Spatula rhynchotis","Australasian Shoveler","Cuchara australiano"
"Spatula clypeata","Northern Shoveler","Cuchara común"
"Mareca strepera","Gadwall","Ánade friso"
"Mareca falcata","Falcated Duck","Cerceta de Alfanjes"
"Mareca penelope","Eurasian Wigeon","Silbón europeo"
"Mareca sibilatrix","Chiloe Wigeon","Silbón overo"
"Mareca americana","American Wigeon","Silbón americano"
"Mareca marecula","Amsterdam Wigeon","Pato de la isla de Amsterdam"
"Anas sparsa","African Black Duck","Ánade negro"
"Anas undulata","Yellow-billed Duck","Ánade picolimón"
"Anas melleri","Meller's Duck","Ánade malgache"
"Anas superciliosa","Pacific Black Duck","Ánade cejudo"
"Anas laysanensis","Laysan Duck","Ánade de Laysán"
"Anas wyvilliana","Hawaiian Duck","Ánade hawaiano"
"Anas luzonica","Philippine Duck","Ánade filipino"
"Anas poecilorhyncha","Indian Spot-billed Duck","Ánade picopinto indio"
"Anas zonorhyncha","Eastern Spot-billed Duck","Ánade picopinto chino"
"Anas platyrhynchos","Mallard","Ánade azulón"
"Anas fulvigula","Mottled Duck","Ánade moteado"
"Anas rubripes","American Black Duck","Ánade sombrío"
"Anas diazi","Mexican Duck","Pato mexicano"
"Anas capensis","Cape Teal","Cerceta de El Cabo"
"Anas bahamensis","White-cheeked Pintail","Ánade gargantillo"
"Anas erythrorhyncha","Red-billed Teal","Ánade piquirrojo"
"Anas georgica","Yellow-billed Pintail","Ánade maicero"
"Anas eatoni","Eaton's Pintail","Ánade rabudo meridional"
"Anas acuta","Northern Pintail","Ánade rabudo norteño"
"Anas crecca","Eurasian Teal","Cerceta común"
"Anas carolinensis","Green-winged Teal","Cerceta americana"
"Anas flavirostris","Yellow-billed Teal","Cerceta barcina"
"Anas andium","Andean Teal","Cerceta andina"
"Anas gibberifrons","Sunda Teal","Cerceta de la Sonda"
"Anas albogularis","Andaman Teal","Cerceta de Andamán"
"Anas theodori","Mascarene Teal","Pato de Mauricio"
"Anas gracilis","Grey Teal","Cerceta gris"
"Anas castanea","Chestnut Teal","Cerceta castaña"
"Anas bernieri","Bernier's Teal","Cerceta malgache"
"Anas chlorotis","Brown Teal","Cerceta maorí"
"Anas aucklandica","Auckland Teal","Cerceta de las Auckland"
"Anas nesiotis","Campbell Teal","Cerceta de la Campbell"
"Marmaronetta angustirostris","Marbled Duck","Cerceta pardilla"
"Rhodonessa caryophyllacea","Pink-headed Duck","Pato cabecirrosado"
"Netta rufina","Red-crested Pochard","Pato colorado"
"Netta peposaca","Rosy-billed Pochard","Pato picazo"
"Netta erythrophthalma","Southern Pochard","Pato morado"
"Aythya valisineria","Canvasback","Porrón coacoxtle"
"Aythya americana","Redhead","Porrón americano"
"Aythya ferina","Common Pochard","Porrón europeo"
"Aythya australis","Hardhead","Porrón australiano"
"Aythya innotata","Madagascar Pochard","Porrón malgache"
"Aythya baeri","Baer's Pochard","Porrón de Baer"
"Aythya nyroca","Ferruginous Duck","Porrón pardo"
"Aythya novaeseelandiae","New Zealand Scaup","Porrón maorí"
"Aythya collaris","Ring-necked Duck","Porrón acollarado"
"Aythya fuligula","Tufted Duck","Porrón moñudo"
"Aythya marila","Greater Scaup","Porrón bastardo"
"Aythya affinis","Lesser Scaup","Porrón bola"
"Polysticta stelleri","Steller's Eider","Éider menor"
"Camptorhynchus labradorius","Labrador Duck","Pato del Labrador"
"Somateria fischeri","Spectacled Eider","Éider de anteojos"
"Somateria spectabilis","King Eider","Éider real"
"Somateria mollissima","Common Eider","Éider común"
"Histrionicus histrionicus","Harlequin Duck","Pato arlequín"
"Melanitta perspicillata","Surf Scoter","Negrón careto"
"Melanitta fusca","Velvet Scoter","Negrón especulado"
"Melanitta deglandi","White-winged Scoter","Negrón aliblanco"
"Melanitta stejnegeri","Stejneger's Scoter","Negrón siberiano"
"Melanitta nigra","Common Scoter","Negrón común"
"Melanitta americana","Black Scoter","Negrón americano"
"Clangula hyemalis","Long-tailed Duck","Pato havelda"
"Bucephala albeola","Bufflehead","Porrón albeola"
"Bucephala clangula","Common Goldeneye","Porrón osculado"
"Bucephala islandica","Barrow's Goldeneye","Porrón islándico"
"Mergellus albellus","Smew","Serreta chica"
"Lophodytes cucullatus","Hooded Merganser","Serreta capuchona"
"Mergus australis","New Zealand Merganser","Serreta de las Auckland"
"Mergus octosetaceus","Brazilian Merganser","Serreta brasileña"
"Mergus merganser","Common Merganser","Serreta grande"
"Mergus serrator","Red-breasted Merganser","Serreta mediana"
"Mergus squamatus","Scaly-sided Merganser","Serreta china"
"Heteronetta atricapilla","Black-headed Duck","Pato rinconero"
"Nomonyx dominicus","Masked Duck","Malvasía enmascarada"
"Oxyura jamaicensis","Ruddy Duck","Malvasía canela"
"Oxyura ferruginea","Andean Duck","Malvasía andina"
"Oxyura vittata","Lake Duck","Malvasía argentina"
"Oxyura australis","Blue-billed Duck","Malvasía australiana"
"Oxyura maccoa","Maccoa Duck","Malvasía maccoa"
"Oxyura leucocephala","White-headed Duck","Malvasía cabeciblanca"
"Biziura lobata","Musk Duck","Malvasía papuda"
"Alectura lathami","Australian Brushturkey","Talégalo cabecirrojo"
"Aepypodius arfakianus","Wattled Brushturkey","Talégalo carunculado"
"Aepypodius bruijnii","Waigeo Brushturkey","Talégalo de la Waigeo"
"Talegalla cuvieri","Red-billed Brushturkey","Talégalo de Cuvier"
"Talegalla fuscirostris","Black-billed Brushturkey","Talégalo piquinegro"
"Talegalla jobiensis","Collared Brushturkey","Talégalo patirrojo"
"Leipoa ocellata","Malleefowl","Talégalo leipoa"
"Macrocephalon maleo","Maleo","Talégalo maleo"
"Eulipoa wallacei","Moluccan Megapode","Talégalo de Wallace"
"Megapodius pritchardii","Tongan Megapode","Talégalo de las Tonga"
"Megapodius laperouse","Micronesian Megapode","Talégalo de las Marianas"
"Megapodius nicobariensis","Nicobar Megapode","Talégalo de Nicobar"
"Megapodius cumingii","Philippine Megapode","Talégalo filipino"
"Megapodius bernsteinii","Sula Megapode","Talégalo de Sula"
"Megapodius tenimberensis","Tanimbar Megapode","Talégalo de Tanimbar"
"Megapodius freycinet","Dusky Megapode","Talégalo de Freycinet"
"Megapodius geelvinkianus","Biak Scrubfowl","Talégalo de Biak"
"Megapodius eremita","Melanesian Megapode","Talégalo eremita"
"Megapodius layardi","Vanuatu Megapode","Talégalo de Nuevas Hébridas"
"Megapodius decollatus","New Guinea Scrubfowl","Talégalo papúa"
"Megapodius reinwardt","Orange-footed Scrubfowl","Talégalo de Reinwardt"
"Ortalis vetula","Plain Chachalaca","Chachalaca norteña"
"Ortalis cinereiceps","Grey-headed Chachalaca","Chachalaca cabecigrís"
"Ortalis garrula","Chestnut-winged Chachalaca","Chachalaca alirroja"
"Ortalis ruficauda","Rufous-vented Chachalaca","Chachalaca culirroja"
"Ortalis erythroptera","Rufous-headed Chachalaca","Chachalaca cabecirrufa"
"Ortalis wagleri","Rufous-bellied Chachalaca","Chachalaca ventricastaña"
"Ortalis poliocephala","West Mexican Chachalaca","Chachalaca pechigrís"
"Ortalis canicollis","Chaco Chachalaca","Chachalaca charata"
"Ortalis leucogastra","White-bellied Chachalaca","Chachalaca ventriblanca"
"Ortalis guttata","Speckled Chachalaca","Chachalaca moteada"
"Ortalis araucuan","East Brazilian Chachalaca","Chachalaca oriental"
"Ortalis squamata","Scaled Chachalaca","Chachalaca escamosa"
"Ortalis columbiana","Colombian Chachalaca","Chachalaca colombiana"
"Ortalis motmot","Little Chachalaca","Chachalaca motmot"
"Ortalis ruficeps","Chestnut-headed Chachalaca","Chachalaca con Cabeza Castaña"
"Ortalis superciliaris","Buff-browed Chachalaca","Chachalaca cejuda"
"Penelope argyrotis","Band-tailed Guan","Pava camata"
"Penelope barbata","Bearded Guan","Pava barbuda"
"Penelope ortoni","Baudo Guan","Pava de Orton"
"Penelope montagnii","Andean Guan","Pava andina"
"Penelope marail","Marail Guan","Pava marail"
"Penelope superciliaris","Rusty-margined Guan","Pava yacupemba"
"Penelope dabbenei","Red-faced Guan","Pava carirroja"
"Penelope purpurascens","Crested Guan","Pava cojolita"
"Penelope perspicax","Cauca Guan","Pava del Cauca"
"Penelope albipennis","White-winged Guan","Pava aliblanca"
"Penelope jacquacu","Spix's Guan","Pava amazónica"
"Penelope obscura","Dusky-legged Guan","Pava oscura"
"Penelope bridgesi","Yungas Guan","Pava de las yungas"
"Penelope pileata","White-crested Guan","Pava crestiblanca"
"Penelope ochrogaster","Chestnut-bellied Guan","Pava ventrirrufa"
"Penelope jacucaca","White-browed Guan","Pava yacucaca"
"Pipile pipile","Trinidad Piping Guan","Pava de Trinidad"
"Pipile cumanensis","Blue-throated Piping Guan","Pava goliazul"
"Pipile grayi","White-throated Piping Guan","Pava goliblanca"
"Pipile cujubi","Red-throated Piping Guan","Pava cuyubí"
"Pipile jacutinga","Black-fronted Piping Guan","Pava yacutinga"
"Aburria aburri","Wattled Guan","Pava aburria"
"Chamaepetes unicolor","Black Guan","Pava negra"
"Chamaepetes goudotii","Sickle-winged Guan","Pava falcialar"
"Penelopina nigra","Highland Guan","Pava pajuil"
"Oreophasis derbianus","Horned Guan","Pavón cornudo"
"Nothocrax urumutum","Nocturnal Curassow","Paují nocturno"
"Mitu tomentosum","Crestless Curassow","Paují culicastaño"
"Mitu salvini","Salvin's Curassow","Paují culiblanco"
"Mitu tuberosum","Razor-billed Curassow","Paují tuberoso"
"Mitu mitu","Alagoas Curassow","Paují de Alagoas"
"Pauxi pauxi","Helmeted Curassow","Paují de Yelmo"
"Pauxi unicornis","Horned Curassow","Paují unicornio boliviano"
"Pauxi koepckeae","Sira Curassow","Paují unicornio peruano"
"Crax rubra","Great Curassow","Pavón norteño"
"Crax alberti","Blue-billed Curassow","Pavón piquiazul"
"Crax daubentoni","Yellow-knobbed Curassow","Pavón porú"
"Crax alector","Black Curassow","Pavón guayanés"
"Crax globulosa","Wattled Curassow","Pavón carunculado"
"Crax fasciolata","Bare-faced Curassow","Pavón muitú"
"Crax blumenbachii","Red-billed Curassow","Pavón piquirrojo"
"Agelastes meleagrides","White-breasted Guineafowl","Pintada pechiblanca"
"Agelastes niger","Black Guineafowl","Pintada negra"
"Numida meleagris","Helmeted Guineafowl","Pintada común"
"Guttera plumifera","Plumed Guineafowl","Pintada plumífera"
"Guttera verreauxi","Western Crested Guineafowl","Pintada moñuda occidental"
"Guttera pucherani","Eastern Crested Guineafowl","Pintada moñuda oriental"
"Guttera edouardi","Southern Crested Guineafowl","Pintada moñuda meridional"
"Acryllium vulturinum","Vulturine Guineafowl","Pintada vulturina"
"Ptilopachus petrosus","Stone Partridge","Gallinita roquera"
"Ptilopachus nahani","Nahan's Partridge","Gallinita de Nahan"
"Dendrortyx leucophrys","Buffy-crowned Wood Partridge","Colín cariclaro"
"Dendrortyx macroura","Long-tailed Wood Partridge","Colín rabudo"
"Dendrortyx barbatus","Bearded Wood Partridge","Colín barbudo"
"Oreortyx pictus","Mountain Quail","Colín serrano"
"Callipepla squamata","Scaled Quail","Colín escamado"
"Callipepla douglasii","Elegant Quail","Colín elegante"
"Callipepla californica","California Quail","Colín de California"
"Callipepla gambelii","Gambel's Quail","Colín de Gambel"
"Philortyx fasciatus","Banded Quail","Colín bandeado"
"Colinus virginianus","Northern Bobwhite","Colín de Virginia"
"Colinus nigrogularis","Yucatan Bobwhite","Colín gorjinegro"
"Colinus leucopogon","Spot-bellied Bobwhite","Colín gorjiblanco"
"Colinus cristatus","Crested Bobwhite","Colín crestudo"
"Odontophorus gujanensis","Marbled Wood Quail","Corcovado común"
"Odontophorus capueira","Spot-winged Wood Quail","Corcovado urú"
"Odontophorus melanotis","Black-eared Wood Quail","Corcovado orejinegro"
"Odontophorus erythrops","Rufous-fronted Wood Quail","Corcovado frentirrojo"
"Odontophorus atrifrons","Black-fronted Wood Quail","Corcovado carinegro"
"Odontophorus hyperythrus","Chestnut Wood Quail","Corcovado castaño"
"Odontophorus melanonotus","Dark-backed Wood Quail","Corcovado dorsioscuro"
"Odontophorus speciosus","Rufous-breasted Wood Quail","Corcovado pechirrufo"
"Odontophorus dialeucos","Tacarcuna Wood Quail","Corcovado del Tacarcuna"
"Odontophorus strophium","Gorgeted Wood Quail","Corcovado gorjiblanco"
"Odontophorus columbianus","Venezuelan Wood Quail","Corcovado venezolano"
"Odontophorus leucolaemus","Black-breasted Wood Quail","Corcovado pechinegro"
"Odontophorus balliviani","Stripe-faced Wood Quail","Corcovado enmascarado"
"Odontophorus stellatus","Starred Wood Quail","Corcovado estrellado"
"Odontophorus guttatus","Spotted Wood Quail","Corcovado goteado"
"Dactylortyx thoracicus","Singing Quail","Colín cantor"
"Cyrtonyx montezumae","Montezuma Quail","Colín de Moctezuma"
"Cyrtonyx ocellatus","Ocellated Quail","Colín ocelado"
"Rhynchortyx cinctus","Tawny-faced Quail","Colín carirrufo"
"Xenoperdix udzungwensis","Udzungwa Forest Partridge","Perdiz de las Udzungwa"
"Caloperdix oculeus","Ferruginous Partridge","Perdicilla herrumbrosa"
"Rollulus rouloul","Crested Partridge","Perdiz rulrul"
"Melanoperdix niger","Black Partridge","Perdiz negra"
"Arborophila torqueola","Hill Partridge","Arborófila común"
"Arborophila rufipectus","Sichuan Partridge","Arborófila de Sichuán"
"Arborophila mandellii","Chestnut-breasted Partridge","Arborófila pechirroja"
"Arborophila gingica","White-necklaced Partridge","Arborófila de Fujián"
"Arborophila rufogularis","Rufous-throated Partridge","Arborófila golirrufa"
"Arborophila rubrirostris","Red-billed Partridge","Arborófila piquirroja"
"Arborophila cambodiana","Chestnut-headed Partridge","Arborófila de Camboya"
"Arborophila ardens","Hainan Partridge","Arborófila de Hainán"
"Arborophila crudigularis","Taiwan Partridge","Arborófila de Formosa"
"Arborophila atrogularis","White-cheeked Partridge","Arborófila cariblanca"
"Arborophila brunneopectus","Bar-backed Partridge","Arborófila pechiparda"
"Arborophila davidi","Orange-necked Partridge","Arborófila de David"
"Arborophila hyperythra","Red-breasted Partridge","Arborófila de Borneo"
"Arborophila campbelli","Malayan Partridge","Arborófila de Malasia"
"Arborophila rolli","Roll's Partridge","Arborófila batak"
"Arborophila sumatrana","Sumatran Partridge","Arborófila de Sumatra"
"Arborophila javanica","Chestnut-bellied Partridge","Arborófila de Java"
"Arborophila orientalis","Grey-breasted Partridge","Arborófila oriental"
"Lerwa lerwa","Snow Partridge","Perdiz lerwa"
"Ithaginis cruentus","Blood Pheasant","Faisán ensangrentado"
"Tragopan melanocephalus","Western Tragopan","Tragopán dorsigrís"
"Tragopan satyra","Satyr Tragopan","Tragopán sátiro"
"Tragopan blythii","Blyth's Tragopan","Tragopán de Blyth"
"Tragopan temminckii","Temminck's Tragopan","Tragopán cariazul"
"Tragopan caboti","Cabot's Tragopan","Tragopán chino"
"Tetraophasis obscurus","Chestnut-throated Monal-Partridge","Perdiz faisán gorjioscura"
"Tetraophasis szechenyii","Buff-throated Monal-Partridge","Perdiz faisán gorjiclara"
"Lophophorus impejanus","Himalayan Monal","Monal colirrojo"
"Lophophorus sclateri","Sclater's Monal","Monal coliblanco"
"Lophophorus lhuysii","Chinese Monal","Monal coliverde"
"Pucrasia macrolopha","Koklass Pheasant","Faisán koklas"
"Meleagris gallopavo","Wild Turkey","Guajolote gallipavo"
"Meleagris ocellata","Ocellated Turkey","Guajolote ocelado"
"Bonasa umbellus","Ruffed Grouse","Grévol engolado"
"Tetrastes bonasia","Hazel Grouse","Grévol común"
"Tetrastes sewerzowi","Chinese Grouse","Grévol chino"
"Centrocercus urophasianus","Sage Grouse","Gallo de las artemisas grande"
"Centrocercus minimus","Gunnison Grouse","Gallo de las artemisas chico"
"Dendragapus obscurus","Dusky Grouse","Gallo oscuro"
"Dendragapus fuliginosus","Sooty Grouse","Gallo fuliginoso"
"Tympanuchus phasianellus","Sharp-tailed Grouse","Gallo de las praderas rabudo"
"Tympanuchus cupido","Greater Prairie Chicken","Gallo de las praderas grande"
"Tympanuchus pallidicinctus","Lesser Prairie Chicken","Gallo de las praderas chico"
"Lagopus leucura","White-tailed Ptarmigan","Lagópodo coliblanco"
"Lagopus scotica","Red Grouse",NA
"Lagopus lagopus","Willow Ptarmigan","Lagópodo común"
"Lagopus muta","Rock Ptarmigan","Lagópodo alpino"
"Falcipennis falcipennis","Siberian Grouse","Gallo siberiano"
"Canachites canadensis","Spruce Grouse","Gallo canadiense"
"Tetrao urogallus","Western Capercaillie","Urogallo común"
"Tetrao urogalloides","Black-billed Capercaillie","Urogallo piquinegro"
"Lyrurus tetrix","Black Grouse","Gallo lira común"
"Lyrurus mlokosiewiczi","Caucasian Grouse","Gallo lira caucasiano"
"Rhizothera longirostris","Long-billed Partridge","Perdiz piquilarga"
"Rhizothera dulitensis","Dulit Partridge","Perdiz del Dulit"
"Perdix hodgsoniae","Tibetan Partridge","Perdiz tibetana"
"Perdix perdix","Grey Partridge","Perdiz pardilla"
"Perdix dauurica","Daurian Partridge","Perdiz dáurica"
"Syrmaticus soemmerringii","Copper Pheasant","Faisán cobrizo"
"Syrmaticus reevesii","Reeves's Pheasant","Faisán venerado"
"Syrmaticus mikado","Mikado Pheasant","Faisán mikado"
"Syrmaticus ellioti","Elliot's Pheasant","Faisán de Elliot"
"Syrmaticus humiae","Mrs. Hume's Pheasant","Faisán de Hume"
"Chrysolophus pictus","Golden Pheasant","Faisán dorado"
"Chrysolophus amherstiae","Lady Amherst's Pheasant","Faisán de Lady Amherst"
"Phasianus colchicus","Common Pheasant","Faisán vulgar"
"Phasianus versicolor","Green Pheasant","Faisán verde"
"Catreus wallichii","Cheer Pheasant","Faisán chir"
"Crossoptilon harmani","Tibetan Eared Pheasant","Faisán orejudo gris"
"Crossoptilon crossoptilon","White Eared Pheasant","Faisán orejudo blanco"
"Crossoptilon mantchuricum","Brown Eared Pheasant","Faisán orejudo pardo"
"Crossoptilon auritum","Blue Eared Pheasant","Faisán orejudo azul"
"Lophura edwardsi","Edwards's Pheasant","Faisán de Edwards"
"Lophura swinhoii","Swinhoe's Pheasant","Faisán de Swinhoe"
"Lophura bulweri","Bulwer's Pheasant","Faisán coliblanco"
"Lophura leucomelanos","Kalij Pheasant","Faisán kálij"
"Lophura nycthemera","Silver Pheasant","Faisán plateado"
"Lophura erythrophthalma","Malayan Crestless Fireback","Faisán colicanelo malayo"
"Lophura pyronota","Bornean Crestless Fireback","Faisán colicanelo de Borneo"
"Lophura diardi","Siamese Fireback","Faisán siamés"
"Lophura inornata","Salvadori's Pheasant","Faisán sencillo"
"Lophura rufa","Malayan Crested Fireback","Faisán noble de Malasia"
"Lophura ignita","Bornean Crested Fireback","Faisán noble de Borneo"
"Rheinardia ocellata","Vietnamese Crested Argus","Argos perlado"
"Rheinardia nigrescens","Malayan Crested Argus","Argo Ocelado"
"Argusianus argus","Great Argus","Argos real"
"Afropavo congensis","Congo Peafowl","Pavo real del Congo"
"Pavo cristatus","Indian Peafowl","Pavo real común"
"Pavo muticus","Green Peafowl","Pavo real cuelliverde"
"Tropicoperdix chloropus","Green-legged Partridge","Arborófila pativerde"
"Tropicoperdix charltonii","Chestnut-necklaced Partridge","Arborófila pechicastaña"
"Tropicoperdix graydoni","Sabah Partridge","Arborófila de Sabah"
"Haematortyx sanguiniceps","Crimson-headed Partridge","Perdicilla cabecirroja"
"Galloperdix spadicea","Red Spurfowl","Faisancillo rojo"
"Galloperdix lunulata","Painted Spurfowl","Faisancillo moteado"
"Galloperdix bicalcarata","Sri Lanka Spurfowl","Faisancillo de Ceilán"
"Polyplectron napoleonis","Palawan Peacock-Pheasant","Espolonero de Palawan"
"Polyplectron schleiermacheri","Bornean Peacock-Pheasant","Espolonero de Borneo"
"Polyplectron malacense","Malayan Peacock-Pheasant","Espolonero malayo"
"Polyplectron germaini","Germain's Peacock-Pheasant","Espolonero de Germain"
"Polyplectron katsumatae","Hainan Peacock-Pheasant","Espolonero de Hainán"
"Polyplectron bicalcaratum","Grey Peacock-Pheasant","Espolonero chinquis"
"Polyplectron inopinatum","Mountain Peacock-Pheasant","Espolonero de Rothschild"
"Polyplectron chalcurum","Sumatran Peacock-Pheasant","Espolonero colibronceado"
"Bambusicola fytchii","Mountain Bamboo Partridge","Bambusícola montana"
"Bambusicola thoracicus","Chinese Bamboo Partridge","Bambusícola china"
"Bambusicola sonorivox","Taiwan Bamboo Partridge","Bambusícola de Formosa"
"Gallus varius","Green Junglefowl","Gallo de Java"
"Gallus gallus","Red Junglefowl","Gallo bankiva"
"Gallus sonneratii","Grey Junglefowl","Gallo gris"
"Gallus lafayettii","Sri Lanka Junglefowl","Gallo de Ceilán"
"Peliperdix lathami","Latham's Francolin","Francolín cariblanco"
"Ortygornis sephaena","Crested Francolin","Francolín capirotado"
"Ortygornis pondicerianus","Grey Francolin","Francolín gris"
"Ortygornis gularis","Swamp Francolin","Francolín palustre"
"Francolinus pintadeanus","Chinese Francolin","Francolín chino"
"Francolinus francolinus","Black Francolin","Francolín ventrinegro"
"Francolinus pictus","Painted Francolin","Francolín pintojo"
"Campocolinus coqui","Coqui Francolin","Francolín coqui"
"Campocolinus albogularis","White-throated Francolin","Francolín gorjiblanco"
"Campocolinus schlegelii","Schlegel's Francolin","Francolín de Schlegel"
"Scleroptila streptophora","Ring-necked Francolin","Francolín acollarado"
"Scleroptila levaillantii","Red-winged Francolin","Francolín alirrojo"
"Scleroptila finschi","Finsch's Francolin","Francolín de Finsch"
"Scleroptila psilolaema","Moorland Francolin","Francolín etíope"
"Scleroptila elgonensis","Elgon Francolin","Francolín del Elgon"
"Scleroptila afra","Grey-winged Francolin","Francolín aligrís"
"Scleroptila gutturalis","Orange River Francolin","Francolín del Orange"
"Scleroptila shelleyi","Shelley's Francolin","Francolín de Shelley"
"Scleroptila whytei","Whyte's Francolin","Francolín de Whyte"
"Tetraogallus tibetanus","Tibetan Snowcock","Perdigallo tibetano"
"Tetraogallus altaicus","Altai Snowcock","Perdigallo altaico"
"Tetraogallus caucasicus","Caucasian Snowcock","Perdigallo caucasiano"
"Tetraogallus caspius","Caspian Snowcock","Perdigallo del Caspio"
"Tetraogallus himalayensis","Himalayan Snowcock","Perdigallo himalayo"
"Ammoperdix griseogularis","See-see Partridge","Perdiz gorjigrís"
"Ammoperdix heyi","Sand Partridge","Perdiz desértica"
"Synoicus ypsilophorus","Brown Quail","Codorniz de Tasmania"
"Synoicus monorthonyx","Snow Mountain Quail","Codorniz papúa"
"Synoicus chinensis","King Quail","Codorniz china"
"Synoicus adansonii","Blue Quail","Codorniz africana"
"Margaroperdix madagarensis","Madagascar Partridge","Perdiz malgache"
"Coturnix coturnix","Common Quail","Codorniz común"
"Coturnix japonica","Japanese Quail","Codorniz japonesa"
"Coturnix delegorguei","Harlequin Quail","Codorniz arlequín"
"Coturnix coromandelica","Rain Quail","Codorniz coromandélica"
"Coturnix pectoralis","Stubble Quail","Codorniz pectoral"
"Coturnix novaezelandiae","New Zealand Quail","Codorniz maorí"
"Alectoris barbara","Barbary Partridge","Perdiz moruna"
"Alectoris melanocephala","Arabian Partridge","Perdiz árabe"
"Alectoris rufa","Red-legged Partridge","Perdiz roja"
"Alectoris chukar","Chukar Partridge","Perdiz chúcar"
"Alectoris graeca","Rock Partridge","Perdiz griega"
"Alectoris philbyi","Philby's Partridge","Perdiz gorjinegra"
"Alectoris magna","Przevalski's Partridge","Perdiz magna"
"Perdicula asiatica","Jungle Bush Quail","Perdicilla golirroja"
"Perdicula argoondah","Rock Bush Quail","Perdicilla argundá"
"Perdicula erythrorhyncha","Painted Bush Quail","Perdicilla piquirroja"
"Perdicula manipurensis","Manipur Bush Quail","Perdicilla de Manipur"
"Ophrysia superciliosa","Himalayan Quail","Perdicilla himalaya"
"Pternistis hartlaubi","Hartlaub's Spurfowl","Francolín de Hartlaub"
"Pternistis camerunensis","Mount Cameroon Spurfowl","Francolín del Camerún"
"Pternistis nobilis","Handsome Spurfowl","Francolín noble"
"Pternistis castaneicollis","Chestnut-naped Spurfowl","Francolín cuellicastaño"
"Pternistis erckelii","Erckel's Spurfowl","Francolín de Erckel"
"Pternistis ochropectus","Djibouti Spurfowl","Francolín de Yibuti"
"Pternistis swierstrai","Swierstra's Spurfowl","Francolín de Swierstra"
"Pternistis ahantensis","Ahanta Spurfowl","Francolín de Ahanta"
"Pternistis griseostriatus","Grey-striped Spurfowl","Francolín angoleño"
"Pternistis jacksoni","Jackson's Spurfowl","Francolín de Jackson"
"Pternistis adspersus","Red-billed Spurfowl","Francolín piquirrojo"
"Pternistis capensis","Cape Spurfowl","Francolín de El Cabo"
"Pternistis natalensis","Natal Spurfowl","Francolín de Natal"
"Pternistis hildebrandti","Hildebrandt's Spurfowl","Francolín de Hildebrandt"
"Pternistis bicalcaratus","Double-spurred Spurfowl","Francolín biespolado"
"Pternistis squamatus","Scaly Spurfowl","Francolín escamoso"
"Pternistis icterorhynchus","Heuglin's Spurfowl","Francolín piquigualdo"
"Pternistis clappertoni","Clapperton's Spurfowl","Francolín de Clapperton"
"Pternistis harwoodi","Harwood's Spurfowl","Francolín de Harwood"
"Pternistis swainsonii","Swainson's Spurfowl","Francolín de Swainson"
"Pternistis leucoscepus","Yellow-necked Spurfowl","Francolín gorjiamarillo"
"Pternistis rufopictus","Grey-breasted Spurfowl","Francolín del Victoria"
"Pternistis afer","Red-necked Spurfowl","Francolín gorjirrojo"
"Eurostopodus argus","Spotted Nightjar","Chotacabras argos"
"Eurostopodus mystacalis","White-throated Nightjar","Chotacabras bigotudo"
"Eurostopodus nigripennis","Solomons Nightjar","Chotacabras de las Salomón"
"Eurostopodus exul","New Caledonian Nightjar","Chotacabras de Nueva Caledonia"
"Eurostopodus diabolicus","Satanic Nightjar","Chotacabras diabólico"
"Eurostopodus papuensis","Papuan Nightjar","Chotacabras papú"
"Eurostopodus archboldi","Archbold's Nightjar","Chotacabras de Archbold"
"Lyncornis temminckii","Malaysian Eared Nightjar","Chotacabras de Temminck"
"Lyncornis macrotis","Great Eared Nightjar","Chotacabras orejudo"
"Gactornis enarratus","Collared Nightjar","Chotacabras acollarado"
"Chordeiles nacunda","Nacunda Nighthawk","Añapero ñacundá"
"Chordeiles pusillus","Least Nighthawk","Añapero menudo"
"Chordeiles rupestris","Sand-colored Nighthawk","Añapero blanco"
"Chordeiles acutipennis","Lesser Nighthawk","Añapero garrapena"
"Chordeiles minor","Common Nighthawk","Añapero yanqui"
"Chordeiles gundlachii","Antillean Nighthawk","Añapero querequeté"
"Lurocalis semitorquatus","Short-tailed Nighthawk","Añapero colicorto"
"Lurocalis rufiventris","Rufous-bellied Nighthawk","Añapero ventrirrufo"
"Nyctiprogne leucopyga","Band-tailed Nighthawk","Añapero colibandeado"
"Nyctiprogne vielliardi","Plain-tailed Nighthawk","Añapero de Bahía"
"Nyctipolus nigrescens","Blackish Nightjar","Chotacabras negruzco"
"Nyctipolus hirundinaceus","Pygmy Nightjar","Chotacabras pigmeo"
"Nyctidromus albicollis","Pauraque","Chotacabras pauraque"
"Nyctidromus anthonyi","Anthony's Nightjar","Chotacabras de Anthony"
"Setopagis heterura","Todd's Nightjar","Chotacabras de Todd"
"Setopagis parvula","Little Nightjar","Chotacabras Chico"
"Setopagis maculosa","Cayenne Nightjar","Chotacabras guayanés"
"Tepuiornis whitelyi","Roraiman Nightjar","Chotacabras del Roraima"
"Eleothreptus anomalus","Sickle-winged Nightjar","Chotacabras pantanero"
"Eleothreptus candicans","White-winged Nightjar","Chotacabras aliblanco"
"Systellura longirostris","Band-winged Nightjar","Chotacabras ñañarca grande"
"Quechuavis decussata","Tschudi's Nightjar","Chotacabras ñañarca chico"
"Uropsalis segmentata","Swallow-tailed Nightjar","Chotacabras golondrina"
"Uropsalis lyra","Lyre-tailed Nightjar","Chotacabras lira"
"Hydropsalis cayennensis","White-tailed Nightjar","Chotacabras coliblanco"
"Hydropsalis climacocerca","Ladder-tailed Nightjar","Chotacabras de Escalera"
"Hydropsalis torquata","Scissor-tailed Nightjar","Chotacabras tijereta"
"Hydropsalis forcipata","Long-trained Nightjar","Chotacabras coludo"
"Antiurus maculicaudus","Spot-tailed Nightjar","Chotacabras colipinto"
"Siphonorhis brewsteri","Least Poorwill","Chotacabras torico"
"Siphonorhis americana","Jamaican Poorwill","Chotacabras jamaicano"
"Nyctiphrynus rosenbergi","Choco Poorwill","Chotacabras del Chocó"
"Nyctiphrynus mcleodii","Eared Poorwill","Chotacabras prío"
"Nyctiphrynus yucatanicus","Yucatan Poorwill","Chotacabras yucateco"
"Nyctiphrynus ocellatus","Ocellated Poorwill","Chotacabras ocelado"
"Phalaenoptilus nuttallii","Common Poorwill","Chotacabras pachacua"
"Antrostomus carolinensis","Chuck-will's-widow","Chotacabras de la Carolina"
"Antrostomus rufus","Rufous Nightjar","Chotacabras colorado"
"Antrostomus cubanensis","Cuban Nightjar","Chotacabras cubano"
"Antrostomus ekmani","Hispaniolan Nightjar","Chotacabras de La Española"
"Antrostomus salvini","Tawny-collared Nightjar","Chotacabras ticuer"
"Antrostomus badius","Yucatan Nightjar","Chotacabras guatemalteco"
"Antrostomus sericocaudatus","Silky-tailed Nightjar","Chotacabras coladeseda"
"Antrostomus ridgwayi","Buff-collared Nightjar","Chotacabras tucuchillo"
"Antrostomus vociferus","Eastern Whip-poor-will","Chotacabras cuerporruín norteño"
"Antrostomus arizonae","Mexican Whip-poor-will","Chotacabras cuerporruín mexicano"
"Antrostomus noctitherus","Puerto Rican Nightjar","Chotacabras puertorriqueño"
"Antrostomus saturatus","Dusky Nightjar","Chotacabras fuliginoso"
"Veles binotatus","Brown Nightjar","Chotacabras bimaculado"
"Caprimulgus ruficollis","Red-necked Nightjar","Chotacabras cuellirrojo"
"Caprimulgus indicus","Jungle Nightjar","Chotacabras de jungla"
"Caprimulgus jotaka","Grey Nightjar","Chotacabras jotaka"
"Caprimulgus phalaena","Palau Nightjar","Chotacabras de Palaos"
"Caprimulgus europaeus","European Nightjar","Chotacabras europeo"
"Caprimulgus fraenatus","Sombre Nightjar","Chotacabras oscuro"
"Caprimulgus rufigena","Rufous-cheeked Nightjar","Chotacabras carirrojo"
"Caprimulgus aegyptius","Egyptian Nightjar","Chotacabras egipcio"
"Caprimulgus mahrattensis","Sykes's Nightjar","Chotacabras de Mahratta"
"Caprimulgus nubicus","Nubian Nightjar","Chotacabras nubio"
"Caprimulgus eximius","Golden Nightjar","Chotacabras dorado"
"Caprimulgus atripennis","Jerdon's Nightjar","Chotacabras marajá"
"Caprimulgus macrurus","Large-tailed Nightjar","Chotacabras macruro"
"Caprimulgus meesi","Mees's Nightjar","Chotacabras de Mees"
"Caprimulgus ritae","Timor Nightjar",NA
"Caprimulgus andamanicus","Andaman Nightjar","Chotacabras de Andamán"
"Caprimulgus manillensis","Philippine Nightjar","Chotacabras filipino"
"Caprimulgus celebensis","Sulawesi Nightjar","Chotacabras de Célebes"
"Caprimulgus donaldsoni","Donaldson Smith's Nightjar","Chotacabras espinero"
"Caprimulgus pectoralis","Fiery-necked Nightjar","Chotacabras músico"
"Caprimulgus poliocephalus","Montane Nightjar","Chotacabras montano"
"Caprimulgus asiaticus","Indian Nightjar","Chotacabras hindú"
"Caprimulgus madagascariensis","Madagascar Nightjar","Chotacabras malgache"
"Caprimulgus natalensis","Swamp Nightjar","Chotacabras del Natal"
"Caprimulgus solala","Nechisar Nightjar","Chotacabras de Nechisar"
"Caprimulgus inornatus","Plain Nightjar","Chotacabras sencillo"
"Caprimulgus stellatus","Star-spotted Nightjar","Chotacabras estrellado"
"Caprimulgus affinis","Savanna Nightjar","Chotacabras de sabana"
"Caprimulgus griseatus","Chirruping Nightjar",NA
"Caprimulgus tristigma","Freckled Nightjar","Chotacabras pecoso"
"Caprimulgus concretus","Bonaparte's Nightjar","Chotacabras de Bonaparte"
"Caprimulgus pulchellus","Salvadori's Nightjar","Chotacabras de Salvadori"
"Caprimulgus prigoginei","Prigogine's Nightjar","Chotacabras de Prigogine"
"Caprimulgus batesi","Bates's Nightjar","Chotacabras de Bates"
"Caprimulgus climacurus","Long-tailed Nightjar","Chotacabras rabudo"
"Caprimulgus clarus","Slender-tailed Nightjar","Chotacabras colifino"
"Caprimulgus fossii","Square-tailed Nightjar","Chotacabras de Fosse"
"Caprimulgus longipennis","Standard-winged Nightjar","Chotacabras portaestandarte"
"Caprimulgus vexillarius","Pennant-winged Nightjar","Chotacabras cuelgacintas"
"Steatornis caripensis","Oilbird","Guácharo"
"Phyllaemulor bracteatus","Rufous Potoo","Nictibio rufo"
"Nyctibius grandis","Great Potoo","Nictibio grande"
"Nyctibius aethereus","Long-tailed Potoo","Nictibio colilargo"
"Nyctibius jamaicensis","Northern Potoo","Nictibio jamaicano"
"Nyctibius griseus","Common Potoo","Nictibio urutaú"
"Nyctibius maculosus","Andean Potoo","Nictibio andino"
"Nyctibius leucopterus","White-winged Potoo","Nictibio aliblanco"
"Podargus ocellatus","Marbled Frogmouth","Podargo ocelado"
"Podargus papuensis","Papuan Frogmouth","Podargo papú"
"Podargus strigoides","Tawny Frogmouth","Podargo australiano"
"Rigidipenna inexpectata","Solomons Frogmouth","Podargo de las Salomón"
"Batrachostomus auritus","Large Frogmouth","Podargo orejudo"
"Batrachostomus harterti","Dulit Frogmouth","Podargo del Dulit"
"Batrachostomus septimus","Philippine Frogmouth","Podargo filipino"
"Batrachostomus stellatus","Gould's Frogmouth","Podargo estrellado"
"Batrachostomus moniliger","Sri Lanka Frogmouth","Podargo de Ceilán"
"Batrachostomus hodgsoni","Hodgson's Frogmouth","Podargo colilargo"
"Batrachostomus poliolophus","Sumatran Frogmouth","Podargo colicorto"
"Batrachostomus mixtus","Bornean Frogmouth","Podargo de Borneo"
"Batrachostomus javensis","Javan Frogmouth","Podargo de Java"
"Batrachostomus affinis","Blyth's Frogmouth","Podargo de Blyth"
"Batrachostomus chaseni","Palawan Frogmouth","Podargo de Palawan"
"Batrachostomus cornutus","Sunda Frogmouth","Podargo cornudo"
"Aegotheles insignis","Feline Owlet-nightjar","Egotelo grande"
"Aegotheles tatei","Starry Owlet-nightjar","Egotelo de Rand"
"Aegotheles crinifrons","Moluccan Owlet-nightjar","Egotelo moluqueño"
"Aegotheles wallacii","Wallace's Owlet-nightjar","Egotelo de Wallace"
"Aegotheles albertisi","Mountain Owlet-nightjar","Egotelo montano"
"Aegotheles savesi","New Caledonian Owlet-nightjar","Egotelo de Nueva Caledonia"
"Aegotheles bennettii","Barred Owlet-nightjar","Egotelo barrado"
"Aegotheles affinis","Vogelkop Owlet-nightjar","Egotelo afín"
"Aegotheles terborghi","Karimui Owlet-nightjar",NA
"Aegotheles cristatus","Australian Owlet-nightjar","Egotelo australiano"
"Hemiprocne coronata","Crested Treeswift","Vencejo arborícola coronado"
"Hemiprocne longipennis","Grey-rumped Treeswift","Vencejo arborícola culigrís"
"Hemiprocne comata","Whiskered Treeswift","Vencejo arborícola chico"
"Hemiprocne mystacea","Moustached Treeswift","Vencejo arborícola bigotudo"
"Cypseloides cherriei","Spot-fronted Swift","Vencejo cuatroojos"
"Cypseloides cryptus","White-chinned Swift","Vencejo barbiblanco"
"Cypseloides storeri","White-fronted Swift","Vencejo frentiblanco"
"Cypseloides fumigatus","Sooty Swift","Vencejo negruzco"
"Cypseloides rothschildi","Rothschild's Swift","Vencejo parduzco"
"Cypseloides niger","American Black Swift","Vencejo negro"
"Cypseloides lemosi","White-chested Swift","Vencejo pechiblanco"
"Cypseloides senex","Great Dusky Swift","Vencejo canoso"
"Streptoprocne phelpsi","Tepui Swift","Vencejo de tepuy"
"Streptoprocne rutila","Chestnut-collared Swift","Vencejo cuellirrojo"
"Streptoprocne zonaris","White-collared Swift","Vencejo acollarado"
"Streptoprocne biscutata","Biscutate Swift","Vencejo nuquiblanco brasileño"
"Streptoprocne semicollaris","White-naped Swift","Vencejo nuquiblanco mexicano"
"Hydrochous gigas","Giant Swiftlet","Salangana gigante"
"Collocalia affinis","Plume-toed Swiftlet","Salangana calzada"
"Collocalia marginata","Grey-rumped Swiftlet","Rabitojo Filipino"
"Collocalia isonota","Ridgetop Swiftlet","Salangana crestada"
"Collocalia sumbawae","Tenggara Swiftlet","Salangana de Tenggara"
"Collocalia neglecta","Drab Swiftlet","Salangana pardusca"
"Collocalia esculenta","Glossy Swiftlet","Salangana lustrosa"
"Collocalia uropygialis","Satin Swiftlet","Salangana satinada"
"Collocalia dodgei","Bornean Swiftlet","Salangana de Borneo"
"Collocalia linchi","Cave Swiftlet","Salangana linchi"
"Collocalia natalis","Christmas Swiftlet","Salangana de Isla Navidad"
"Collocalia troglodytes","Pygmy Swiftlet","Salangana chica"
"Aerodramus elaphrus","Seychelles Swiftlet","Salangana de Seychelles"
"Aerodramus francicus","Mascarene Swiftlet","Salangana de las Mascareñas"
"Aerodramus unicolor","Indian Swiftlet","Salangana de Malabar"
"Aerodramus mearnsi","Philippine Swiftlet","Salangana filipina"
"Aerodramus infuscatus","Moluccan Swiftlet","Salangana moluqueña"
"Aerodramus hirundinaceus","Mountain Swiftlet","Salangana montana"
"Aerodramus spodiopygius","White-rumped Swiftlet","Salangana culiblanca"
"Aerodramus terraereginae","Australian Swiftlet","Salangana australiana"
"Aerodramus brevirostris","Himalayan Swiftlet","Salangana del Himalaya"
"Aerodramus vulcanorum","Volcano Swiftlet","Salangana de los volcanes"
"Aerodramus whiteheadi","Whitehead's Swiftlet","Salangana de Whitehead"
"Aerodramus nuditarsus","Bare-legged Swiftlet","Salangana tarsidesnuda"
"Aerodramus orientalis","Mayr's Swiftlet","Salangana de Guadalcanal"
"Aerodramus salangana","Mossy-nest Swiftlet","Salangana de la Sonda"
"Aerodramus vanikorensis","Uniform Swiftlet","Salangana de Vanikoro"
"Aerodramus amelis","Ameline Swiftlet","Salangana de Mindanao"
"Aerodramus pelewensis","Palau Swiftlet","Salangana de las Palau"
"Aerodramus bartschi","Mariana Swiftlet","Salangana de Guam"
"Aerodramus inquietus","Caroline Swiftlet","Salangana de las Carolinas"
"Aerodramus leucophaeus","Tahiti Swiftlet","Salangana polinesia"
"Aerodramus sawtelli","Atiu Swiftlet","Salangana de las Cook"
"Aerodramus ocistus","Marquesan Swiftlet","Salangana de las Marquesas"
"Aerodramus maximus","Black-nest Swiftlet","Salangana nidonegro"
"Aerodramus fuciphagus","Edible-nest Swiftlet","Salangana nidoblanco"
"Aerodramus papuensis","Three-toed Swiftlet","Salangana papúa"
"Schoutedenapus myoptilus","Scarce Swift","Vencejo de Shoa"
"Mearnsia picina","Philippine Spinetail","Vencejo filipino"
"Mearnsia novaeguineae","Papuan Spinetail","Vencejo papúa"
"Zoonavena grandidieri","Madagascar Spinetail","Vencejo malgache"
"Zoonavena thomensis","Sao Tome Spinetail","Vencejo de Santo Tomé"
"Zoonavena sylvatica","White-rumped Spinetail","Vencejo indio"
"Telacanthura ussheri","Mottled Spinetail","Vencejo de baobab"
"Telacanthura melanopygia","Black Spinetail","Vencejo del Ituri"
"Rhaphidura leucopygialis","Silver-rumped Spinetail","Vencejo culiplata"
"Rhaphidura sabini","Sabine's Spinetail","Vencejo de Sabine"
"Neafrapus cassini","Cassin's Spinetail","Vencejo de Cassin"
"Neafrapus boehmi","Böhm's Spinetail","Vencejo de Böhm"
"Hirundapus caudacutus","White-throated Needletail","Vencejo mongol"
"Hirundapus cochinchinensis","Silver-backed Needletail","Vencejo de la Cochinchina"
"Hirundapus giganteus","Brown-backed Needletail","Vencejo gigante"
"Hirundapus celebensis","Purple Needletail","Vencejo de Célebes"
"Chaetura cinereiventris","Grey-rumped Swift","Vencejo ceniciento"
"Chaetura spinicaudus","Band-rumped Swift","Vencejo lomiblanco"
"Chaetura martinica","Lesser Antillean Swift","Vencejo de Martinica"
"Chaetura fumosa","Costa Rican Swift","Vencejo costarricense"
"Chaetura egregia","Pale-rumped Swift","Vencejo egregio"
"Chaetura pelagica","Chimney Swift","Vencejo de chimenea"
"Chaetura vauxi","Vaux's Swift","Vencejo de Vaux"
"Chaetura chapmani","Chapman's Swift","Vencejo de Chapman"
"Chaetura andrei","Ashy-tailed Swift","Vencejo de Tormenta"
"Chaetura meridionalis","Sick's Swift","Vencejo de Tormenta"
"Chaetura brachyura","Short-tailed Swift","Vencejo rabón"
"Aeronautes saxatalis","White-throated Swift","Vencejo gorjiblanco"
"Aeronautes montivagus","White-tipped Swift","Vencejo montañés"
"Aeronautes andecolus","Andean Swift","Vencejo andino"
"Tachornis phoenicobia","Antillean Palm Swift","Vencejillo antillano"
"Tachornis furcata","Pygmy Palm Swift","Vencejillo venezolano"
"Tachornis squamata","Fork-tailed Palm Swift","Vencejillo tijereta"
"Panyptila sanctihieronymi","Great Swallow-tailed Swift","Vencejo tijereta grande"
"Panyptila cayennensis","Lesser Swallow-tailed Swift","Vencejo tijereta chico"
"Cypsiurus parvus","African Palm Swift","Vencejo palmero africano"
"Cypsiurus gracilis","Malagasy Palm Swift","Vencejo palmero malgache"
"Cypsiurus balasiensis","Asian Palm Swift","Vencejo palmero asiático"
"Tachymarptis melba","Alpine Swift","Vencejo real"
"Tachymarptis aequatorialis","Mottled Swift","Vencejo ecuatorial"
"Apus alexandri","Cape Verde Swift","Vencejo de Cabo Verde"
"Apus apus","Common Swift","Vencejo común"
"Apus unicolor","Plain Swift","Vencejo unicolor"
"Apus niansae","Nyanza Swift","Vencejo de Nyanza"
"Apus pallidus","Pallid Swift","Vencejo pálido"
"Apus barbatus","African Black Swift","Vencejo de El Cabo"
"Apus balstoni","Malagasy Black Swift","Vencejo de Balston"
"Apus berliozi","Forbes-Watson's Swift","Vencejo de Socotora"
"Apus bradfieldi","Bradfield's Swift","Vencejo de Namibia"
"Apus pacificus","Pacific Swift","Vencejo del Pacífico"
"Apus leuconyx","Blyth's Swift","Vencejo del Himalaya"
"Apus cooki","Cook's Swift","Vencejo de Tailandia"
"Apus acuticauda","Dark-rumped Swift","Vencejo de los Khasi"
"Apus affinis","Little Swift","Vencejo moro"
"Apus nipalensis","House Swift","Vencejo oriental"
"Apus horus","Horus Swift","Vencejo horus"
"Apus caffer","White-rumped Swift","Vencejo cafre"
"Apus batesi","Bates's Swift","Vencejo del Camerún"
"Topaza pella","Crimson Topaz","Colibrí topacio"
"Topaza pyra","Fiery Topaz","Colibrí ígneo"
"Florisuga mellivora","White-necked Jacobin","Colibrí nuquiblanco"
"Florisuga fusca","Black Jacobin","Colibrí negro"
"Eutoxeres aquila","White-tipped Sicklebill","Picohoz coliverde"
"Eutoxeres condamini","Buff-tailed Sicklebill","Picohoz colicanela"
"Ramphodon naevius","Saw-billed Hermit","Ermitaño picosierra"
"Glaucis dohrnii","Hook-billed Hermit","Ermitaño de Espírito Santo"
"Glaucis aeneus","Bronzy Hermit","Ermitaño bronceado"
"Glaucis hirsutus","Rufous-breasted Hermit","Ermitaño hirsuto"
"Threnetes ruckeri","Band-tailed Barbthroat","Ermitaño barbudo colibandeado"
"Threnetes leucurus","Pale-tailed Barbthroat","Ermitaño barbudo coliblanco"
"Threnetes niger","Sooty Barbthroat","Ermitaño barbudo guayanés"
"Anopetia gounellei","Broad-tipped Hermit","Ermitaño coliancho"
"Phaethornis squalidus","Dusky-throated Hermit","Ermitaño escuálido"
"Phaethornis rupurumii","Streak-throated Hermit","Ermitaño del Rupununi"
"Phaethornis longuemareus","Little Hermit","Ermitaño chico"
"Phaethornis aethopygus","Tapajos Hermit","Ermitaño de Tapajoz"
"Phaethornis idaliae","Minute Hermit","Ermitaño pigmeo"
"Phaethornis nattereri","Cinnamon-throated Hermit","Ermitaño de Natterer"
"Phaethornis atrimentalis","Black-throated Hermit","Ermitaño barbinegro"
"Phaethornis striigularis","Stripe-throated Hermit","Ermitaño gorjiestriado"
"Phaethornis griseogularis","Grey-chinned Hermit","Ermitaño barbigrís"
"Phaethornis ruber","Reddish Hermit","Ermitaño rojizo"
"Phaethornis stuarti","White-browed Hermit","Ermitaño boliviano"
"Phaethornis subochraceus","Buff-bellied Hermit","Ermitaño ocráceo"
"Phaethornis augusti","Sooty-capped Hermit","Ermitaño limpiacasa"
"Phaethornis pretrei","Planalto Hermit","Ermitaño del Planalto"
"Phaethornis eurynome","Scale-throated Hermit","Ermitaño escamoso"
"Phaethornis anthophilus","Pale-bellied Hermit","Ermitaño ventripálido"
"Phaethornis hispidus","White-bearded Hermit","Ermitaño barbiblanco"
"Phaethornis yaruqui","White-whiskered Hermit","Ermitaño de Yaruqui"
"Phaethornis guy","Green Hermit","Ermitaño verde"
"Phaethornis syrmatophorus","Tawny-bellied Hermit","Ermitaño ventrihabano"
"Phaethornis koepckeae","Koepcke's Hermit","Ermitaño de Koepcke"
"Phaethornis philippii","Needle-billed Hermit","Ermitaño picoaguja"
"Phaethornis bourcieri","Straight-billed Hermit","Ermitaño piquirrecto"
"Phaethornis mexicanus","Mexican Hermit","Ermitaño mexicano"
"Phaethornis longirostris","Long-billed Hermit","Ermitaño piquilargo"
"Phaethornis superciliosus","Long-tailed Hermit","Ermitaño colilargo"
"Phaethornis malaris","Great-billed Hermit","Ermitaño picogrande"
"Doryfera ludovicae","Green-fronted Lancebill","Colibrí picolanza mayor"
"Doryfera johannae","Blue-fronted Lancebill","Colibrí picolanza menor"
"Schistes albogularis","White-throated Daggerbill","Colibrí picocuña occidental"
"Schistes geoffroyi","Geoffroy's Daggerbill","Colibrí picocuña oriental"
"Augastes scutatus","Hyacinth Visorbearer","Colibrí colaceleste"
"Augastes lumachella","Hooded Visorbearer","Colibrí lumaquela"
"Colibri delphinae","Brown Violetear","Colibrí pardo"
"Colibri thalassinus","Mexican Violetear","Colibrí verdemar"
"Colibri cyanotus","Lesser Violetear","Colibrí oreja violeta menor"
"Colibri coruscans","Sparkling Violetear","Colibrí rutilante"
"Colibri serrirostris","White-vented Violetear","Colibrí orejimorado"
"Androdon aequatorialis","Tooth-billed Hummingbird","Colibrí piquidentado"
"Heliactin bilophus","Horned Sungem","Colibrí cornudito"
"Heliothryx barroti","Purple-crowned Fairy","Colibrí hada occidental"
"Heliothryx auritus","Black-eared Fairy","Colibrí hada oriental"
"Polytmus guainumbi","White-tailed Goldenthroat","Colibrí guainumbí"
"Polytmus milleri","Tepui Goldenthroat","Colibrí de tepuy"
"Polytmus theresiae","Green-tailed Goldenthroat","Colibrí de Teresa"
"Avocettula recurvirostris","Fiery-tailed Awlbill","Mango picolezna"
"Chrysolampis mosquitus","Ruby-topaz Hummingbird","Colibrí rubí"
"Anthracothorax mango","Jamaican Mango","Mango jamaicano"
"Anthracothorax viridigula","Green-throated Mango","Mango gorjiverde"
"Anthracothorax prevostii","Green-breasted Mango","Mango pechiverde"
"Anthracothorax veraguensis","Veraguan Mango","Mango de Veragua"
"Anthracothorax nigricollis","Black-throated Mango","Mango gorjinegro"
"Anthracothorax dominicus","Hispaniolan Mango","Mango dominicano"
"Anthracothorax aurulentus","Puerto Rican Mango","Mango puertorriqueño dorado"
"Anthracothorax viridis","Green Mango","Mango puertorriqueño verde"
"Eulampis holosericeus","Green-throated Carib","Colibrí caribeño gorjiverde"
"Eulampis jugularis","Purple-throated Carib","Colibrí caribeño gorjimorado"
"Heliangelus mavors","Orange-throated Sunangel","Colibrí de Marte"
"Heliangelus amethysticollis","Amethyst-throated Sunangel","Colibrí gorjiamatista"
"Heliangelus clarisse","Longuemare's Sunangel","Colibrí de Clarissa"
"Heliangelus spencei","Merida Sunangel","Colibrí de Mérida"
"Heliangelus strophianus","Gorgeted Sunangel","Colibrí pectoral"
"Heliangelus exortis","Tourmaline Sunangel","Colibrí turmalina"
"Heliangelus micraster","Flame-throated Sunangel","Colibrí lucero"
"Heliangelus viola","Purple-throated Sunangel","Colibrí violeta"
"Heliangelus regalis","Royal Sunangel","Colibrí real"
"Sephanoides sephaniodes","Green-backed Firecrown","Colibrí austral"
"Sephanoides fernandensis","Juan Fernandez Firecrown","Colibrí de Juan Fernández"
"Discosura conversii","Green Thorntail","Rabudito verde"
"Discosura popelairii","Wire-crested Thorntail","Rabudito crestado"
"Discosura langsdorffi","Black-bellied Thorntail","Rabudito ventrinegro"
"Discosura letitiae","Letitia's Thorntail","Rabudito cobrizo"
"Discosura longicaudus","Racket-tipped Thorntail","Rabudito de Raquetas"
"Lophornis ornatus","Tufted Coquette","Coqueta adornada"
"Lophornis gouldii","Dot-eared Coquette","Coqueta moteada"
"Lophornis magnificus","Frilled Coquette","Coqueta magnífica"
"Lophornis brachylophus","Short-crested Coquette","Coqueta de Guerrero"
"Lophornis delattrei","Rufous-crested Coquette","Coqueta crestirrufa"
"Lophornis stictolophus","Spangled Coquette","Coqueta coronada"
"Lophornis chalybeus","Festive Coquette","Coqueta verde sureña"
"Lophornis verreauxii","Butterfly Coquette","Coqueta verde norteña"
"Lophornis pavoninus","Peacock Coquette","Coqueta pavonina"
"Lophornis helenae","Black-crested Coquette","Coqueta crestinegra"
"Lophornis adorabilis","White-crested Coquette","Coqueta adorable"
"Phlogophilus hemileucurus","Ecuadorian Piedtail","Colibrí colipinto ecuatoriano"
"Phlogophilus harterti","Peruvian Piedtail","Colibrí colipinto peruano"
"Adelomyia melanogenys","Speckled Hummingbird","Colibrí jaspeado"
"Aglaiocercus kingii","Long-tailed Sylph","Silfo de King"
"Aglaiocercus coelestis","Violet-tailed Sylph","Silfo celeste"
"Aglaiocercus berlepschi","Venezuelan Sylph","Silfo de Berlepsch"
"Sappho sparganurus","Red-tailed Comet","Colibrí cometa"
"Polyonymus caroli","Bronze-tailed Comet","Colibrí colibronce"
"Taphrolesbia griseiventris","Grey-bellied Comet","Colibrí ventrigrís"
"Oreotrochilus estella","Andean Hillstar","Colibrí puneño"
"Oreotrochilus leucopleurus","White-sided Hillstar","Colibrí cordillerano"
"Oreotrochilus chimborazo","Ecuadorian Hillstar","Colibrí del Chimborazo"
"Oreotrochilus cyanolaemus","Blue-throated Hillstar","Colibrí chivito de Arcos"
"Oreotrochilus stolzmanni","Green-headed Hillstar","Colibrí de Stolzmann"
"Oreotrochilus melanogaster","Black-breasted Hillstar","Colibrí pechinegro"
"Oreotrochilus adela","Wedge-tailed Hillstar","Colibrí de Cochabamba"
"Opisthoprora euryptera","Mountain Avocetbill","Colibrí picolezna"
"Lesbia victoriae","Black-tailed Trainbearer","Colibrí colilargo mayor"
"Lesbia nuna","Green-tailed Trainbearer","Colibrí colilargo menor"
"Ramphomicron dorsale","Black-backed Thornbill","Colibrí piquicorto dorsinegro"
"Ramphomicron microrhynchum","Purple-backed Thornbill","Colibrí piquicorto común"
"Oreonympha nobilis","Bearded Mountaineer","Colibrí noble oriental"
"Oxypogon stuebelii","Buffy Helmetcrest","Colibrí chivito del Nevado del Ruiz"
"Oxypogon cyanolaemus","Blue-bearded Helmetcrest","Colibrí chivito de Santa Marta"
"Oxypogon lindenii","White-bearded Helmetcrest","Colibrí chivito de Mérida"
"Oxypogon guerinii","Green-bearded Helmetcrest","Colibrí chivito de Bogotá"
"Chalcostigma heteropogon","Bronze-tailed Thornbill","Colibrí picoespina"
"Chalcostigma herrani","Rainbow-bearded Thornbill","Colibrí de Herrán"
"Chalcostigma ruficeps","Rufous-capped Thornbill","Colibrí capirrufo"
"Chalcostigma olivaceum","Olivaceous Thornbill","Colibrí oliváceo"
"Chalcostigma stanleyi","Blue-mantled Thornbill","Colibrí de Stanley"
"Metallura tyrianthina","Tyrian Metaltail","Metalura tiria"
"Metallura iracunda","Perija Metaltail","Metalura iracunda"
"Metallura williami","Viridian Metaltail","Metalura verde"
"Metallura baroni","Violet-throated Metaltail","Metalura de Azuay"
"Metallura odomae","Neblina Metaltail","Metalura del Chinguela"
"Metallura theresiae","Coppery Metaltail","Metalura de Teresa"
"Metallura eupogon","Fiery-throated Metaltail","Metalura barbafuego"
"Metallura aeneocauda","Scaled Metaltail","Metalura escamosa"
"Metallura phoebe","Black Metaltail","Metalura negra"
"Haplophaedia aureliae","Greenish Puffleg","Calzadito verdoso norteño"
"Haplophaedia assimilis","Buff-thighed Puffleg","Calzadito verdoso sureño"
"Haplophaedia lugens","Hoary Puffleg","Calzadito canoso"
"Eriocnemis nigrivestis","Black-breasted Puffleg","Calzadito pechinegro"
"Eriocnemis isabellae","Gorgeted Puffleg","Calzadito del Pinche"
"Eriocnemis vestita","Glowing Puffleg","Calzadito reluciente"
"Eriocnemis derbyi","Black-thighed Puffleg","Calzadito patinegro"
"Eriocnemis godini","Turquoise-throated Puffleg","Calzadito turquesa"
"Eriocnemis cupreoventris","Coppery-bellied Puffleg","Calzadito cobrizo"
"Eriocnemis luciani","Sapphire-vented Puffleg","Calzadito colilargo norteño"
"Eriocnemis mosquera","Golden-breasted Puffleg","Calzadito de Mosquera"
"Eriocnemis glaucopoides","Blue-capped Puffleg","Calzadito frentiazul"
"Eriocnemis mirabilis","Colorful Puffleg","Calzadito admirable"
"Eriocnemis aline","Emerald-bellied Puffleg","Calzadito pechiblanco"
"Loddigesia mirabilis","Marvelous Spatuletail","Colibrí admirable"
"Aglaeactis cupripennis","Shining Sunbeam","Colibrí cobrizo"
"Aglaeactis castelnaudii","White-tufted Sunbeam","Colibrí condecorado"
"Aglaeactis aliciae","Purple-backed Sunbeam","Colibrí de Alicia"
"Aglaeactis pamela","Black-hooded Sunbeam","Colibrí negrito"
"Coeligena coeligena","Bronzy Inca","Inca bronceado"
"Coeligena wilsoni","Brown Inca","Inca pardo"
"Coeligena prunellei","Black Inca","Inca negro"
"Coeligena conradii","Green Inca","Inca verde"
"Coeligena torquata","Collared Inca","Inca acollarado"
"Coeligena inca","Gould's Inca","Inca de Gould"
"Coeligena violifer","Violet-throated Starfrontlet","Inca boliviano"
"Coeligena iris","Rainbow Starfrontlet","Inca arcoiris"
"Coeligena phalerata","White-tailed Starfrontlet","Inca coliblanco"
"Coeligena orina","Dusky Starfrontlet","Inca de Antioquía"
"Coeligena lutetiae","Buff-winged Starfrontlet","Inca alihabano"
"Coeligena consita","Perija Starfrontlet","Inca de Perijá"
"Coeligena bonapartei","Golden-bellied Starfrontlet","Inca de Bogotá"
"Coeligena eos","Golden-tailed Starfrontlet","Inca alirrufo"
"Coeligena helianthea","Blue-throated Starfrontlet","Inca ventrivioleta"
"Lafresnaya lafresnayi","Mountain Velvetbreast","Colibrí aterciopelado"
"Ensifera ensifera","Sword-billed Hummingbird","Colibrí picoespada"
"Pterophanes cyanopterus","Great Sapphirewing","Colibrí aliazul"
"Boissonneaua flavescens","Buff-tailed Coronet","Colibrí colihabano"
"Boissonneaua matthewsii","Chestnut-breasted Coronet","Colibrí pechirrojo"
"Boissonneaua jardini","Velvet-purple Coronet","Colibrí sietecolores"
"Ocreatus underwoodii","White-booted Racket-tail","Colibrí de raquetas"
"Ocreatus peruanus","Peruvian Racket-tail",NA
"Ocreatus addae","Rufous-booted Racket-tail",NA
"Urochroa bougueri","Rufous-gaped Hillstar","Colibrí de Bouguer occidental"
"Urochroa leucura","Green-backed Hillstar","Colibrí de Bouguer oriental"
"Urosticte benjamini","Purple-bibbed Whitetip","Colibrí puntiblanco occidental"
"Urosticte ruficrissa","Rufous-vented Whitetip","Colibrí puntiblanco oriental"
"Heliodoxa xanthogonys","Velvet-browed Brilliant","Brillante de tepuy"
"Heliodoxa gularis","Pink-throated Brilliant","Brillante gorjirrosado"
"Heliodoxa branickii","Rufous-webbed Brilliant","Brillante alicanela"
"Heliodoxa schreibersii","Black-throated Brilliant","Brillante ventrinegro"
"Heliodoxa aurescens","Gould's Jewelfront","Brillante pechicastaño"
"Heliodoxa rubinoides","Fawn-breasted Brilliant","Brillante pechigamuza"
"Heliodoxa jacula","Green-crowned Brilliant","Brillante coroniverde"
"Heliodoxa imperatrix","Empress Brilliant","Brillante emperador"
"Heliodoxa leadbeateri","Violet-fronted Brilliant","Brillante frentivioleta"
"Heliodoxa rubricauda","Brazilian Ruby","Colibrí colirrojo"
"Patagona peruviana","Northern Giant Hummingbird",NA
"Patagona gigas","Southern Giant Hummingbird","Colibrí gigante"
"Sternoclyta cyanopectus","Violet-chested Hummingbird","Colibrí pechiazul"
"Hylonympha macrocerca","Scissor-tailed Hummingbird","Colibrí tijereta"
"Eugenes fulgens","Rivoli's Hummingbird","Colibrí magnífico"
"Eugenes spectabilis","Talamanca Hummingbird","Colibrí de Talamanca"
"Panterpe insignis","Fiery-throated Hummingbird","Colibrí insigne"
"Heliomaster longirostris","Long-billed Starthroat","Colibrí piquilargo"
"Heliomaster constantii","Plain-capped Starthroat","Colibrí pochotero"
"Heliomaster squamosus","Stripe-breasted Starthroat","Colibrí escamoso"
"Heliomaster furcifer","Blue-tufted Starthroat","Colibrí de barbijo"
"Lampornis hemileucus","White-bellied Mountaingem","Colibrí gorjivioleta"
"Lampornis clemenciae","Blue-throated Mountaingem","Colibrí gorjiazul"
"Lampornis amethystinus","Amethyst-throated Mountaingem","Colibrí amatistino"
"Lampornis viridipallens","Green-throated Mountaingem","Colibrí gorjiescamoso"
"Lampornis sybillae","Green-breasted Mountaingem","Colibrí de Sibila"
"Lampornis calolaemus","Purple-throated Mountaingem","Colibrí gorjipúrpura"
"Lampornis castaneoventris","White-throated Mountaingem","Colibrí ventricastaño"
"Lamprolaima rhami","Garnet-throated Hummingbird","Colibrí alicastaño"
"Calliphlox amethystina","Amethyst Woodstar","Colibrí amatista"
"Myrtis fanny","Purple-collared Woodstar","Colibrí de Myrtis"
"Rhodopis vesper","Oasis Hummingbird","Colibrí del Atacama"
"Myrmia micrura","Short-tailed Woodstar","Colibrí colicorto"
"Thaumastura cora","Peruvian Sheartail","Colibrí cora"
"Philodice bryantae","Magenta-throated Woodstar","Colibrí magenta"
"Philodice mitchellii","Purple-throated Woodstar","Colibrí de Mitchell"
"Eulidia yarrellii","Chilean Woodstar","Colibrí de Arica"
"Microstilbon burmeisteri","Slender-tailed Woodstar","Colibrí de Burmeister"
"Chaetocercus mulsant","White-bellied Woodstar","Colibrí de Mulsant"
"Chaetocercus bombus","Little Woodstar","Colibrí abejorro"
"Chaetocercus heliodor","Gorgeted Woodstar","Colibrí de Heliodoro"
"Chaetocercus astreans","Santa Marta Woodstar","Colibrí astral"
"Chaetocercus berlepschi","Esmeraldas Woodstar","Colibrí de Esmeraldas"
"Chaetocercus jourdanii","Rufous-shafted Woodstar","Colibrí de Jourdan"
"Tilmatura dupontii","Sparkling-tailed Woodstar","Colibrí de Dupont"
"Doricha enicura","Slender Sheartail","Colibrí colirraro"
"Doricha eliza","Mexican Sheartail","Colibrí de Elisa"
"Calothorax lucifer","Lucifer Sheartail","Colibrí luminoso"
"Calothorax pulcher","Beautiful Sheartail","Colibrí bonito"
"Archilochus alexandri","Black-chinned Hummingbird","Colibrí gorjinegro"
"Archilochus colubris","Ruby-throated Hummingbird","Colibrí gorjirrubí"
"Mellisuga minima","Vervain Hummingbird","Colibrí zumbadorcito"
"Mellisuga helenae","Bee Hummingbird","Colibrí zunzuncito"
"Nesophlox evelynae","Bahama Woodstar","Colibrí de las Bahamas"
"Nesophlox lyrura","Inagua Woodstar","Colibrí de Inagua"
"Calypte anna","Anna's Hummingbird","Colibrí de Anna"
"Calypte costae","Costa's Hummingbird","Colibrí de Costa"
"Selasphorus calliope","Calliope Hummingbird","Colibrí calíope"
"Selasphorus rufus","Rufous Hummingbird","Colibrí rufo"
"Selasphorus sasin","Allen's Hummingbird","Colibrí de Allen"
"Selasphorus platycercus","Broad-tailed Hummingbird","Colibrí coliancho"
"Selasphorus heloisa","Bumblebee Hummingbird","Colibrí de Eloísa"
"Selasphorus ellioti","Wine-throated Hummingbird","Colibrí de Elliot"
"Selasphorus flammula","Volcano Hummingbird","Colibrí volcanero"
"Selasphorus scintilla","Scintillant Hummingbird","Colibrí centelleante"
"Selasphorus ardens","Glow-throated Hummingbird","Colibrí ardiente"
"Phaeoptila sordida","Dusky Hummingbird","Colibrí prieto"
"Riccordia ricordii","Cuban Emerald","Esmeralda zunzún"
"Riccordia bracei","Brace's Emerald","Esmeralda de Brace"
"Riccordia swainsonii","Hispaniolan Emerald","Esmeralda de La Española"
"Riccordia maugaeus","Puerto Rican Emerald","Esmeralda puertorriqueña"
"Riccordia bicolor","Blue-headed Hummingbird","Colibrí bicolor"
"Cynanthus latirostris","Broad-billed Hummingbird","Colibrí piquiancho común"
"Cynanthus lawrencei","Tres Marias Hummingbird","Colibrí piquiancho de Tres Marías"
"Cynanthus doubledayi","Turquoise-crowned Hummingbird","Colibrí piquiancho de Guerrero"
"Cynanthus auriceps","Golden-crowned Emerald","Esmeralda mexicana"
"Cynanthus forficatus","Cozumel Emerald","Esmeralda de Cozumel"
"Cynanthus canivetii","Canivet's Emerald","Esmeralda de Canivet"
"Chlorostilbon assimilis","Garden Emerald","Esmeralda afín"
"Chlorostilbon melanorhynchus","Western Emerald","Esmeralda de los Andes Occidentales"
"Chlorostilbon gibsoni","Red-billed Emerald","Esmeralda piquirroja"
"Chlorostilbon mellisugus","Blue-tailed Emerald","Esmeralda coliazul"
"Chlorostilbon olivaresi","Chiribiquete Emerald","Esmeralda del Chiribiquete"
"Chlorostilbon lucidus","Glittering-bellied Emerald","Esmeralda ventridorada"
"Chlorostilbon russatus","Coppery Emerald","Esmeralda bronceada"
"Chlorostilbon stenurus","Narrow-tailed Emerald","Esmeralda colifina"
"Chlorostilbon alice","Green-tailed Emerald","Esmeralda Coliverde"
"Chlorostilbon poortmani","Short-tailed Emerald","Esmeralda colicorta"
"Basilinna leucotis","White-eared Hummingbird","Colibrí orejiblanco"
"Basilinna xantusii","Xantus's Hummingbird","Colibrí de Xantus"
"Pampa curvipennis","Curve-winged Sabrewing","Colibrí ruiseñor"
"Pampa pampa","Wedge-tailed Sabrewing","Colibrí Pampa"
"Pampa rufa","Rufous Sabrewing","Colibrí rojizo mexicano"
"Abeillia abeillei","Emerald-chinned Hummingbird","Colibrí de Abeillé"
"Klais guimeti","Violet-headed Hummingbird","Colibrí cabeciazul"
"Orthorhyncus cristatus","Antillean Crested Hummingbird","Colibrí crestado"
"Anthocephala floriceps","Santa Marta Blossomcrown","Colibrí florido de Santa Marta"
"Anthocephala berlepschi","Tolima Blossomcrown","Colibrí florido de Tolima"
"Stephanoxis lalandi","Green-crowned Plovercrest","Colibrí copetón norteño"
"Stephanoxis loddigesii","Purple-crowned Plovercrest","Colibrí copetón sureño"
"Campylopterus largipennis","Grey-breasted Sabrewing","Colibrí pechigrís"
"Campylopterus calcirupicola","Outcrop Sabrewing","Colibrí de bosque seco"
"Campylopterus diamantinensis","Diamantina Sabrewing","Colibrí de Diamantina"
"Campylopterus hyperythrus","Rufous-breasted Sabrewing","Colibrí rojizo venezolano"
"Campylopterus ensipennis","White-tailed Sabrewing","Colibrí coliblanco"
"Campylopterus falcatus","Lazuline Sabrewing","Colibrí lazulita"
"Campylopterus phainopeplus","Santa Marta Sabrewing","Colibrí de Santa Marta"
"Campylopterus hemileucurus","Violet Sabrewing","Colibrí morado"
"Campylopterus duidae","Buff-breasted Sabrewing","Colibrí del Duida"
"Campylopterus villaviscensio","Napo Sabrewing","Colibrí del Napo"
"Chalybura urochrysia","Bronze-tailed Plumeleteer","Colibrí patirrojo"
"Chalybura buffonii","White-vented Plumeleteer","Colibrí de Buffon"
"Thalurania colombica","Crowned Woodnymph","Zafiro coronado"
"Thalurania furcata","Fork-tailed Woodnymph","Zafiro golondrina"
"Thalurania watertonii","Long-tailed Woodnymph","Zafiro colilargo"
"Thalurania glaucopis","Violet-capped Woodnymph","Zafiro capirotado"
"Microchera albocoronata","Snowcap","Colibrí coroniblanco"
"Microchera cupreiceps","Coppery-headed Emerald","Esmeralda capirotada"
"Microchera chionura","White-tailed Emerald","Esmeralda de Elvira"
"Goldmania violiceps","Violet-capped Hummingbird","Colibrí de Goldman"
"Goldmania bella","Pirre Hummingbird","Colibrí del Pirre"
"Eupherusa ridgwayi","Mexican Woodnymph","Zafiro mexicano"
"Eupherusa poliocerca","White-tailed Hummingbird","Colibrí de Guerrero"
"Eupherusa cyanophrys","Oaxaca Hummingbird","Colibrí oaxaqueño"
"Eupherusa eximia","Stripe-tailed Hummingbird","Colibrí colirrayado"
"Eupherusa nigriventris","Black-bellied Hummingbird","Colibrí ventrinegro"
"Phaeochroa cuvierii","Scaly-breasted Hummingbird","Colibrí de Cuvier"
"Leucippus fallax","Buffy Hummingbird","Colibrí ante"
"Thaumasius baeri","Tumbes Hummingbird","Colibrí de Tumbes"
"Thaumasius taczanowskii","Spot-throated Hummingbird","Colibrí de Taczanowski"
"Taphrospilus hypostictus","Many-spotted Hummingbird","Colibrí moteado"
"Eupetomena macroura","Swallow-tailed Hummingbird","Colibrí golondrina"
"Eupetomena cirrochloris","Sombre Hummingbird","Colibrí apagado"
"Talaphorus chlorocercus","Olive-spotted Hummingbird","Colibrí blanquioliva"
"Trochilus polytmus","Red-billed Streamertail","Colibrí portacintas piquirrojo"
"Trochilus scitulus","Black-billed Streamertail","Colibrí portacintas piquinegro"
"Ramosomyia violiceps","Violet-crowned Hummingbird","Amazilia coronivioleta"
"Ramosomyia viridifrons","Green-fronted Hummingbird","Amazilia frentiverde"
"Ramosomyia wagneri","Cinnamon-sided Hummingbird","Amazilia de Wagner"
"Saucerottia cyanocephala","Azure-crowned Hummingbird","Amazilia coroniazul"
"Saucerottia hoffmanni","Blue-vented Hummingbird","Amazilia azul"
"Saucerottia beryllina","Berylline Hummingbird","Amazilia berilina"
"Saucerottia cyanura","Blue-tailed Hummingbird","Amazilia coliazul"
"Saucerottia edward","Snowy-bellied Hummingbird","Amazilia de Edward"
"Saucerottia saucerottei","Steely-vented Hummingbird","Amazilia verdiazul"
"Saucerottia cyanifrons","Indigo-capped Hummingbird","Amazilia capiazul"
"Saucerottia castaneiventris","Chestnut-bellied Hummingbird","Amazilia ventricastaña"
"Saucerottia viridigaster","Green-bellied Hummingbird","Amazilia colimorada"
"Saucerottia cupreicauda","Copper-tailed Hummingbird","Amazilia colicobriza"
"Saucerottia tobaci","Copper-rumped Hummingbird","Amazilia de Tobago"
"Amazilia rutila","Cinnamon Hummingbird","Amazilia canela"
"Amazilia yucatanensis","Buff-bellied Hummingbird","Amazilia yucateca"
"Amazilia tzacatl","Rufous-tailed Hummingbird","Amazilia tzacatl"
"Amazilia luciae","Honduran Emerald","Amazilia hondureña"
"Amazilis amazilia","Amazilia Hummingbird","Amazilia costeña"
"Uranomitra franciae","Andean Emerald","Amazilia andina"
"Chrysuronia goudoti","Shining-green Hummingbird","Colibrí de Goudot"
"Chrysuronia oenone","Golden-tailed Sapphire","Zafiro colidorado"
"Chrysuronia versicolor","Versicolored Emerald","Amazilia versicolor"
"Chrysuronia boucardi","Mangrove Hummingbird","Amazilia de manglar"
"Chrysuronia coeruleogularis","Sapphire-throated Hummingbird","Colibrí gorjizafiro"
"Chrysuronia lilliae","Sapphire-bellied Hummingbird","Colibrí ventrizafiro"
"Chrysuronia humboldtii","Humboldt's Sapphire","Amazilia de Humboldt"
"Chrysuronia grayi","Blue-headed Sapphire","Amazilia cabeciazul"
"Chrysuronia brevirostris","White-chested Emerald","Amazilia pechiblanca"
"Chrysuronia leucogaster","Plain-bellied Emerald","Amazilia ventriblanca"
"Leucochloris albicollis","White-throated Hummingbird","Colibrí gargantilla"
"Chionomesa fimbriata","Glittering-throated Emerald","Amazilia listada"
"Chionomesa lactea","Sapphire-spangled Emerald","Amazilia zafirina"
"Hylocharis sapphirina","Rufous-throated Sapphire","Amazilia gorjirroja"
"Hylocharis chrysura","Gilded Sapphire","Zafiro bronceado"
"Elliotomyia chionogaster","White-bellied Hummingbird","Amazilia ventrinívea"
"Elliotomyia viridicauda","Green-and-white Hummingbird","Amazilia blanquiverde"
"Polyerata amabilis","Blue-chested Hummingbird","Amazilia amable"
"Polyerata decora","Charming Hummingbird","Amazilia encantadora"
"Polyerata rosenbergi","Purple-chested Hummingbird","Amazilia de Rosenberg"
"Chlorestes candida","White-bellied Emerald","Amazilia cándida"
"Chlorestes eliciae","Blue-throated Sapphire","Zafiro de Elicia"
"Chlorestes cyanus","White-chinned Sapphire","Zafiro gorjiblanco"
"Chlorestes julie","Violet-bellied Hummingbird","Colibrí de Julia"
"Chlorestes notata","Blue-chinned Sapphire","Esmeralda gorjiazul"
"Corythaeola cristata","Great Blue Turaco","Turaco gigante"
"Crinifer personatus","Bare-faced Go-away-bird","Turaco enmascarado"
"Crinifer concolor","Grey Go-away-bird","Turaco unicolor"
"Crinifer leucogaster","White-bellied Go-away-bird","Turaco ventriblanco"
"Crinifer piscator","Western Plantain-eater","Turaco gris occidental"
"Crinifer zonurus","Eastern Plantain-eater","Turaco gris oriental"
"Gallirex porphyreolophus","Purple-crested Turaco","Turaco crestimorado"
"Gallirex johnstoni","Rwenzori Turaco","Turaco del Ruwenzori"
"Menelikornis leucotis","White-cheeked Turaco","Turaco cariblanco"
"Menelikornis ruspolii","Ruspoli's Turaco","Turaco de Ruspoli"
"Tauraco violaceus","Violet Turaco","Turaco violáceo"
"Tauraco rossae","Ross's Turaco","Turaco de Ross"
"Tauraco macrorhynchus","Yellow-billed Turaco","Turaco piquigualdo"
"Tauraco bannermani","Bannerman's Turaco","Turaco de Bannerman"
"Tauraco leucolophus","White-crested Turaco","Turaco crestiblanco"
"Tauraco erythrolophus","Red-crested Turaco","Turaco crestirrojo"
"Tauraco persa","Guinea Turaco","Turaco de Guinea"
"Tauraco livingstonii","Livingstone's Turaco","Turaco de Livingstone"
"Tauraco schalowi","Schalow's Turaco","Turaco de Schalow"
"Tauraco corythaix","Knysna Turaco","Turaco de Knysna"
"Tauraco schuettii","Black-billed Turaco","Turaco piquinegro"
"Tauraco fischeri","Fischer's Turaco","Turaco de Fischer"
"Tauraco hartlaubi","Hartlaub's Turaco","Turaco de Hartlaub"
"Otis tarda","Great Bustard","Avutarda euroasiática"
"Ardeotis arabs","Arabian Bustard","Avutarda árabe"
"Ardeotis kori","Kori Bustard","Avutarda kori"
"Ardeotis nigriceps","Great Indian Bustard","Avutarda india"
"Ardeotis australis","Australian Bustard","Avutarda australiana"
"Chlamydotis undulata","African Houbara","Avutarda hubara africana"
"Chlamydotis macqueenii","Asian Houbara","Avutarda hubara asiática"
"Neotis ludwigii","Ludwig's Bustard","Avutarda de Namibia"
"Neotis denhami","Denham's Bustard","Avutarda cafre"
"Neotis heuglinii","Heuglin's Bustard","Avutarda somalí"
"Neotis nuba","Nubian Bustard","Avutarda núbica"
"Eupodotis senegalensis","White-bellied Bustard","Sisón senegalés"
"Eupodotis caerulescens","Blue Korhaan","Sisón azulado"
"Heterotetrax vigorsii","Karoo Korhaan","Sisón del Karroo"
"Heterotetrax rueppelii","Rüppell's Korhaan","Sisón de Damaraland"
"Heterotetrax humilis","Little Brown Bustard","Sisón somalí"
"Lophotis savilei","Savile's Bustard","Sisón moñudo del Sahel"
"Lophotis gindiana","Buff-crested Bustard","Sisón moñudo etíope"
"Lophotis ruficrista","Red-crested Korhaan","Sisón moñudo austral"
"Afrotis afra","Southern Black Korhaan","Sisón negro alioscuro"
"Afrotis afraoides","Northern Black Korhaan","Sisón negro aliclaro"
"Lissotis melanogaster","Black-bellied Bustard","Sisón ventrinegro común"
"Lissotis hartlaubii","Hartlaub's Bustard","Sisón ventrinegro de Hartlaub"
"Houbaropsis bengalensis","Bengal Florican","Sisón bengalí"
"Sypheotides indicus","Lesser Florican","Sisón de penacho"
"Tetrax tetrax","Little Bustard","Sisón común"
"Guira guira","Guira Cuckoo","Pirincho"
"Crotophaga major","Greater Ani","Garrapatero mayor"
"Crotophaga ani","Smooth-billed Ani","Garrapatero aní"
"Crotophaga sulcirostris","Groove-billed Ani","Garrapatero asurcado"
"Tapera naevia","Striped Cuckoo","Cuclillo crespín"
"Dromococcyx phasianellus","Pheasant Cuckoo","Cuclillo faisán"
"Dromococcyx pavoninus","Pavonine Cuckoo","Cuclillo pavonino"
"Morococcyx erythropygus","Lesser Ground Cuckoo","Cuclillo bobo"
"Geococcyx californianus","Greater Roadrunner","Correcaminos grande"
"Geococcyx velox","Lesser Roadrunner","Correcaminos chico"
"Neomorphus geoffroyi","Rufous-vented Ground Cuckoo","Cuco hormiguero ventrirrufo"
"Neomorphus squamiger","Scaled Ground Cuckoo","Váquiro Escamado"
"Neomorphus radiolosus","Banded Ground Cuckoo","Cuco hormiguero escamoso"
"Neomorphus rufipennis","Rufous-winged Ground Cuckoo","Cuco hormiguero alirrufo"
"Neomorphus pucheranii","Red-billed Ground Cuckoo","Cuco hormiguero piquirrojo"
"Centropus milo","Buff-headed Coucal","Cucal milo"
"Centropus ateralbus","White-necked Coucal","Cucal blanquinegro"
"Centropus menbeki","Ivory-billed Coucal","Cucal menebiki"
"Centropus chalybeus","Biak Coucal","Cucal de Biak"
"Centropus unirufus","Rufous Coucal","Cucal rufo"
"Centropus chlororhynchos","Green-billed Coucal","Cucal de Ceilán"
"Centropus melanops","Black-faced Coucal","Cucal carinegro"
"Centropus steerii","Black-hooded Coucal","Cucal de Mindoro"
"Centropus rectunguis","Short-toed Coucal","Cucal de Strickland"
"Centropus celebensis","Bay Coucal","Cucal de Célebes"
"Centropus anselli","Gabon Coucal","Cucal de Gabón"
"Centropus leucogaster","Black-throated Coucal","Cucal ventriblanco"
"Centropus senegalensis","Senegal Coucal","Cucal senegalés"
"Centropus monachus","Blue-headed Coucal","Cucal monje"
"Centropus cupreicaudus","Coppery-tailed Coucal","Cucal colicobrizo"
"Centropus superciliosus","White-browed Coucal","Cucal cejiblanco"
"Centropus burchellii","Burchell's Coucal","Cucal de Burchel"
"Centropus nigrorufus","Sunda Coucal","Cucal de la Sonda"
"Centropus sinensis","Greater Coucal","Cucal chino"
"Centropus toulou","Malagasy Coucal","Cucal malgache"
"Centropus goliath","Goliath Coucal","Cucal goliat"
"Centropus grillii","Black Coucal","Cucal negro"
"Centropus viridis","Philippine Coucal","Cucal filipino"
"Centropus bengalensis","Lesser Coucal","Cucal bengalí"
"Centropus violaceus","Violaceous Coucal","Cucal violáceo"
"Centropus bernsteini","Black-billed Coucal","Cucal de Bernstein"
"Centropus spilopterus","Kai Coucal","Cucal de las Kai"
"Centropus phasianinus","Pheasant Coucal","Cucal faisán"
"Centropus andamanensis","Andaman Coucal","Cucal de Andamán"
"Carpococcyx radiceus","Bornean Ground Cuckoo","Cuco terrestre de Borneo"
"Carpococcyx viridis","Sumatran Ground Cuckoo","Cuco terrestre de Sumatra"
"Carpococcyx renauldi","Coral-billed Ground Cuckoo","Cuco terrestre de Indochina"
"Coua delalandei","Snail-eating Coua","Cúa de Delalande"
"Coua cristata","Crested Coua","Cúa crestado"
"Coua verreauxi","Verreaux's Coua","Cúa de Verreaux"
"Coua caerulea","Blue Coua","Cúa azul"
"Coua ruficeps","Red-capped Coua","Cúa capirrojo"
"Coua olivaceiceps","Olive-capped Coua","Cúa capioliva"
"Coua reynaudii","Red-fronted Coua","Cúa frentirrojo"
"Coua coquereli","Coquerel's Coua","Cúa de Coquerel"
"Coua cursor","Running Coua","Cúa corredor"
"Coua gigas","Giant Coua","Cúa gigante"
"Coua serriana","Red-breasted Coua","Cúa pechirrojo"
"Rhinortha chlorophaea","Raffles's Malkoha","Malcoha de Raffles"
"Ceuthmochares aereus","Blue Malkoha","Malcoha africano occidental"
"Ceuthmochares australis","Green Malkoha","Malcoha africano oriental"
"Taccocua leschenaultii","Sirkeer Malkoha","Malcoha sirkir"
"Zanclostomus javanicus","Red-billed Malkoha","Malcoha piquirrojo"
"Rhamphococcyx calyorhynchus","Yellow-billed Malkoha","Malcoha de Célebes"
"Phaenicophaeus curvirostris","Chestnut-breasted Malkoha","Malcoha pechicastaño"
"Phaenicophaeus oeneicaudus","Mentawai Malkoha","Malcoha de Mentawai"
"Phaenicophaeus pyrrhocephalus","Red-faced Malkoha","Malcoha carirrojo"
"Phaenicophaeus sumatranus","Chestnut-bellied Malkoha","Malcoha ventrirrufo"
"Phaenicophaeus viridirostris","Blue-faced Malkoha","Malcoha cariazul"
"Phaenicophaeus diardi","Black-bellied Malkoha","Malcoha ventrinegro"
"Phaenicophaeus tristis","Green-billed Malkoha","Malcoha sombrío"
"Dasylophus superciliosus","Rough-crested Malkoha","Malcoha crestirrojo"
"Dasylophus cumingi","Scale-feathered Malkoha","Malcoha frisado"
"Clamator coromandus","Chestnut-winged Cuckoo","Críalo oriental"
"Clamator glandarius","Great Spotted Cuckoo","Críalo europeo"
"Clamator levaillantii","Levaillant's Cuckoo","Críalo listado"
"Clamator jacobinus","Jacobin Cuckoo","Críalo blanquinegro"
"Coccycua minuta","Little Cuckoo","Cuco ardilla menor"
"Coccycua pumila","Dwarf Cuckoo","Cuclillo enano"
"Coccycua cinerea","Ash-colored Cuckoo","Cuclillo ceniciento"
"Piaya mexicana","Mexican Squirrel Cuckoo","Cuco ardilla mexicano"
"Piaya cayana","Common Squirrel Cuckoo","Cuco ardilla común"
"Piaya melanogaster","Black-bellied Cuckoo","Cuco ardilla ventrinegro"
"Coccyzus melacoryphus","Dark-billed Cuckoo","Cuclillo canela"
"Coccyzus americanus","Yellow-billed Cuckoo","Cuclillo piquigualdo"
"Coccyzus euleri","Pearly-breasted Cuckoo","Cuclillo ventriblanco"
"Coccyzus minor","Mangrove Cuckoo","Cuclillo de manglar"
"Coccyzus ferrugineus","Cocos Cuckoo","Cuclillo de Isla del Coco"
"Coccyzus erythropthalmus","Black-billed Cuckoo","Cuclillo piquinegro"
"Coccyzus lansbergi","Grey-capped Cuckoo","Cuclillo cabecigrís"
"Coccyzus pluvialis","Chestnut-bellied Cuckoo","Cuco picogordo de Jamaica"
"Coccyzus rufigularis","Bay-breasted Cuckoo","Cuco picogordo de La Española"
"Coccyzus vetula","Jamaican Lizard Cuckoo","Cuco lagartero jamaicano"
"Coccyzus merlini","Great Lizard Cuckoo","Cuco lagartero cubano"
"Coccyzus vieilloti","Puerto Rican Lizard Cuckoo","Cuco lagartero puertorriqueño"
"Coccyzus longirostris","Hispaniolan Lizard Cuckoo","Cuco lagartero de La Española"
"Pachycoccyx audeberti","Thick-billed Cuckoo","Críalo piquigrueso"
"Microdynamis parva","Dwarf Koel","Koel enano"
"Eudynamys scolopaceus","Asian Koel","Koel occidental"
"Eudynamys melanorhynchus","Black-billed Koel","Koel de Piconegro"
"Eudynamys orientalis","Pacific Koel","Koel oriental"
"Urodynamis taitensis","Long-tailed Koel","Koel colilargo"
"Scythrops novaehollandiae","Channel-billed Cuckoo","Cuco tucán"
"Chrysococcyx maculatus","Asian Emerald Cuckoo","Cuclillo esmeralda asiático"
"Chrysococcyx xanthorhynchus","Violet Cuckoo","Cuclillo violeta"
"Chrysococcyx caprius","Diederik Cuckoo","Cuclillo didric"
"Chrysococcyx klaas","Klaas's Cuckoo","Cuclillo de Klaas"
"Chrysococcyx flavigularis","Yellow-throated Cuckoo","Cuclillo gorjigualdo"
"Chrysococcyx cupreus","African Emerald Cuckoo","Cuclillo esmeralda africano"
"Chalcites megarhynchus","Long-billed Cuckoo","Cuclillo piquilargo"
"Chalcites basalis","Horsfield's Bronze Cuckoo","Cuclillo de Horsfield"
"Chalcites osculans","Black-eared Cuckoo","Cuclillo orejinegro"
"Chalcites ruficollis","Rufous-throated Bronze Cuckoo","Cuclillo gorjirrojo"
"Chalcites lucidus","Shining Bronze Cuckoo","Cuclillo broncíneo"
"Chalcites meyerii","White-eared Bronze Cuckoo","Cuclillo orejiblanco"
"Chalcites minutillus","Little Bronze Cuckoo","Cuclillo menudo"
"Chalcites crassirostris","Pied Bronze Cuckoo","Cuclillo pío"
"Heteroscenes pallidus","Pallid Cuckoo","Cuco pálido"
"Caliechthrus leucolophus","White-crowned Cuckoo","Koel coroniblanco"
"Cacomantis castaneiventris","Chestnut-breasted Cuckoo","Cuco ventricastaño"
"Cacomantis flabelliformis","Fan-tailed Cuckoo","Cuco flabeliforme"
"Cacomantis sonneratii","Banded Bay Cuckoo","Cuco bayo"
"Cacomantis merulinus","Plaintive Cuckoo","Cuco plañidero"
"Cacomantis passerinus","Grey-bellied Cuckoo","Cuco pechigrís"
"Cacomantis sepulcralis","Sunda Brush Cuckoo","Cuco de Indonesia"
"Cacomantis virescens","Sulawesi Brush Cuckoo",NA
"Cacomantis variolosus","Sahul Brush Cuckoo","Cuco varioloso"
"Cacomantis blandus","Manus Brush Cuckoo",NA
"Cacomantis addendus","Solomons Brush Cuckoo",NA
"Cacomantis aeruginosus","Moluccan Brush Cuckoo","Cuco moluqueño"
"Cercococcyx mechowi","Dusky Long-tailed Cuckoo","Cuco colilargo oscuro"
"Cercococcyx olivinus","Olive Long-tailed Cuckoo","Cuco colilargo oliváceo"
"Cercococcyx montanus","Barred Long-tailed Cuckoo","Cuco colilargo montano"
"Surniculus velutinus","Philippine Drongo-Cuckoo","Cuclillo drongo filipino"
"Surniculus lugubris","Square-tailed Drongo-Cuckoo","Cuclillo drongo colitruncado"
"Surniculus dicruroides","Fork-tailed Drongo-Cuckoo","Cuclillo drongo coliahorquillado"
"Surniculus musschenbroeki","Moluccan Drongo-Cuckoo","Cuclillo drongo moluqueño"
"Hierococcyx vagans","Moustached Hawk-Cuckoo","Cuco bigotudo"
"Hierococcyx sparverioides","Large Hawk-Cuckoo","Cuco grande"
"Hierococcyx bocki","Dark Hawk-Cuckoo","Cuco oscuro"
"Hierococcyx varius","Common Hawk-Cuckoo","Cuco chikra"
"Hierococcyx hyperythrus","Northern Hawk-Cuckoo","Cuco ventrirrojo"
"Hierococcyx pectoralis","Philippine Hawk-Cuckoo","Cuco filipino"
"Hierococcyx fugax","Malaysian Hawk-Cuckoo","Cuco huidizo"
"Hierococcyx nisicolor","Hodgson's Hawk-Cuckoo","Cuco silbador"
"Cuculus clamosus","Black Cuckoo","Cuco negro"
"Cuculus solitarius","Red-chested Cuckoo","Cuco solitario"
"Cuculus poliocephalus","Lesser Cuckoo","Cuco chico"
"Cuculus crassirostris","Sulawesi Cuckoo","Cuco de Célebes"
"Cuculus micropterus","Indian Cuckoo","Cuco alicorto"
"Cuculus rochii","Madagascar Cuckoo","Cuco malgache"
"Cuculus gularis","African Cuckoo","Cuco barbiblanco"
"Cuculus saturatus","Himalayan Cuckoo","Cuco oriental"
"Cuculus optatus","Oriental Cuckoo","Cuco de Horsfield"
"Cuculus lepidus","Sunda Cuckoo","Cuco de la Sonda"
"Cuculus canorus","Common Cuckoo","Cuco común"
"Nannococcyx psix","St. Helena Cuckoo","Cuco de Santa Helena"
"Mesitornis variegatus","White-breasted Mesite","Mesito pechiblanco"
"Mesitornis unicolor","Brown Mesite","Mesito unicolor"
"Monias benschi","Subdesert Mesite","Mesito monias"
"Syrrhaptes tibetanus","Tibetan Sandgrouse","Ganga tibetana"
"Syrrhaptes paradoxus","Pallas's Sandgrouse","Ganga de Pallas"
"Pterocles alchata","Pin-tailed Sandgrouse","Ganga ibérica"
"Pterocles namaqua","Namaqua Sandgrouse","Ganga namaqua"
"Pterocles exustus","Chestnut-bellied Sandgrouse","Ganga moruna"
"Pterocles senegallus","Spotted Sandgrouse","Ganga moteada"
"Pterocles orientalis","Black-bellied Sandgrouse","Ganga ortega"
"Pterocles gutturalis","Yellow-throated Sandgrouse","Ganga gorjigualda"
"Pterocles coronatus","Crowned Sandgrouse","Ganga coronada"
"Pterocles decoratus","Black-faced Sandgrouse","Ganga decorada"
"Pterocles personatus","Madagascar Sandgrouse","Ganga malgache"
"Pterocles lichtensteinii","Lichtenstein's Sandgrouse","Ganga de Lichtenstein"
"Pterocles indicus","Painted Sandgrouse","Ganga india"
"Pterocles quadricinctus","Four-banded Sandgrouse","Ganga cuadricinta"
"Pterocles bicinctus","Double-banded Sandgrouse","Ganga bicinta"
"Pterocles burchelli","Burchell's Sandgrouse","Ganga goteada"
"Columba livia","Rock Dove","Paloma bravía"
"Columba rupestris","Hill Pigeon","Paloma rupestre"
"Columba leuconota","Snow Pigeon","Paloma nival"
"Columba guinea","Speckled Pigeon","Paloma de Guinea"
"Columba albitorques","White-collared Pigeon","Paloma etíope"
"Columba oenas","Stock Dove","Paloma zurita"
"Columba eversmanni","Yellow-eyed Pigeon","Paloma del Turquestán"
"Columba oliviae","Somali Pigeon","Paloma somalí"
"Columba palumbus","Common Wood Pigeon","Paloma torcaz"
"Columba trocaz","Trocaz Pigeon","Paloma de Madeira"
"Columba bollii","Bolle's Pigeon","Paloma turqué"
"Columba junoniae","Laurel Pigeon","Paloma rabiche"
"Columba unicincta","Afep Pigeon","Paloma del Congo"
"Columba arquatrix","African Olive Pigeon","Paloma ojigualda"
"Columba sjostedti","Cameroon Olive Pigeon","Paloma del Camerún"
"Columba thomensis","Sao Tome Olive Pigeon","Paloma de Santo Tomé"
"Columba pollenii","Comoro Olive Pigeon","Paloma de las Comoras"
"Columba hodgsonii","Speckled Wood Pigeon","Paloma de Hodgson"
"Columba albinucha","White-naped Pigeon","Paloma nuquialba"
"Columba pulchricollis","Ashy Wood Pigeon","Paloma cenicienta"
"Columba elphinstonii","Nilgiri Wood Pigeon","Paloma de los Nilgiris"
"Columba torringtoniae","Sri Lanka Wood Pigeon","Paloma de Ceilán"
"Columba punicea","Pale-capped Pigeon","Paloma purpúrea"
"Columba argentina","Silvery Pigeon","Paloma plateada"
"Columba palumboides","Andaman Wood Pigeon","Paloma de Andamán"
"Columba janthina","Black Wood Pigeon","Paloma japonesa"
"Columba versicolor","Bonin Wood Pigeon","Paloma de las Bonin"
"Columba jouyi","Ryukyu Wood Pigeon","Paloma de las Ryukyu"
"Columba vitiensis","Metallic Pigeon","Paloma gorjiblanca"
"Columba leucomela","White-headed Pigeon","Paloma blanquinegra"
"Columba pallidiceps","Yellow-legged Pigeon","Paloma cabeciclara"
"Columba delegorguei","Eastern Bronze-naped Pigeon","Paloma de Delegorgue"
"Columba iriditorques","Western Bronze-naped Pigeon","Paloma nuquibronceada"
"Columba malherbii","Island Bronze-naped Pigeon","Paloma de Malherbe"
"Aplopelia larvata","Lemon Dove","Paloma caripálida"
"Ectopistes migratorius","Passenger Pigeon","Paloma migratoria"
"Patagioenas leucocephala","White-crowned Pigeon","Paloma coronita"
"Patagioenas squamosa","Scaly-naped Pigeon","Paloma isleña"
"Patagioenas speciosa","Scaled Pigeon","Paloma escamosa"
"Patagioenas picazuro","Picazuro Pigeon","Paloma picazuró"
"Patagioenas corensis","Bare-eyed Pigeon","Paloma aliblanca"
"Patagioenas maculosa","Spot-winged Pigeon","Paloma moteada común"
"Patagioenas fasciata","Band-tailed Pigeon","Paloma torcaza septentrional"
"Patagioenas araucana","Chilean Pigeon","Paloma araucana"
"Patagioenas caribaea","Ring-tailed Pigeon","Paloma jamaicana"
"Patagioenas cayennensis","Pale-vented Pigeon","Paloma colorada"
"Patagioenas flavirostris","Red-billed Pigeon","Paloma piquirroja"
"Patagioenas oenops","Maranon Pigeon","Paloma peruana"
"Patagioenas inornata","Plain Pigeon","Paloma boba"
"Patagioenas plumbea","Plumbeous Pigeon","Paloma plomiza"
"Patagioenas subvinacea","Ruddy Pigeon","Paloma vinosa"
"Patagioenas nigrirostris","Short-billed Pigeon","Paloma piquicorta"
"Patagioenas goodsoni","Dusky Pigeon","Paloma oscura"
"Nesoenas picturatus","Malagasy Turtle Dove","Tórtola malgache"
"Nesoenas rodericanus","Rodrigues Pigeon","Tórtola de Rodríguez"
"Nesoenas mayeri","Pink Pigeon","Paloma de Mauricio"
"Streptopelia turtur","European Turtle Dove","Tórtola europea"
"Streptopelia lugens","Dusky Turtle Dove","Tórtola oscura"
"Streptopelia hypopyrrha","Adamawa Turtle Dove","Tórtola del Camerún"
"Streptopelia orientalis","Oriental Turtle Dove","Tórtola oriental"
"Streptopelia bitorquata","Sunda Collared Dove","Tórtola bicollar de la Sonda"
"Streptopelia dusumieri","Philippine Collared Dove","Tórtola bicollar filipina"
"Streptopelia decaocto","Eurasian Collared Dove","Tórtola turca"
"Streptopelia xanthocycla","Burmese Collared Dove","Tórtola birmana"
"Streptopelia roseogrisea","African Collared Dove","Tórtola rosigrís"
"Streptopelia reichenowi","White-winged Collared Dove","Tórtola de Reichenow"
"Streptopelia decipiens","Mourning Collared Dove","Tórtola engañosa"
"Streptopelia semitorquata","Red-eyed Dove","Tórtola ojirroja"
"Streptopelia capicola","Ring-necked Dove","Tórtola de El Cabo"
"Streptopelia vinacea","Vinaceous Dove","Tórtola vinosa"
"Streptopelia tranquebarica","Red Collared Dove","Tórtola cabecigrís"
"Spilopelia chinensis","Spotted Dove","Tórtola moteada oriental"
"Spilopelia senegalensis","Laughing Dove","Tórtola senegalesa"
"Macropygia unchall","Barred Cuckoo-Dove","Tórtola cuco unchal"
"Macropygia amboinensis","Amboyna Cuckoo-Dove","Tórtola cuco pechirrosa"
"Macropygia doreya","Sultan's Cuckoo-Dove","Tórtola cuco Sultán"
"Macropygia emiliana","Ruddy Cuckoo-Dove","Tórtola cuco indonesia"
"Macropygia cinnamomea","Enggano Cuckoo-Dove","Tórtola cuco de Enggano"
"Macropygia modiglianii","Barusan Cuckoo-Dove","Tórtola cuco de Barusan"
"Macropygia magna","Timor Cuckoo-Dove","Tórtola cuco grande"
"Macropygia timorlaoensis","Tanimbar Cuckoo-Dove","Tórtola cuco de Tanimbar"
"Macropygia macassariensis","Flores Sea Cuckoo-Dove","Tórtola cuco de Flores"
"Macropygia tenuirostris","Philippine Cuckoo-Dove","Tórtola cuco filipina"
"Macropygia phasianella","Brown Cuckoo-Dove","Tórtola cuco parda"
"Macropygia rufipennis","Andaman Cuckoo-Dove","Tórtola cuco de Andamán"
"Macropygia nigrirostris","Bar-tailed Cuckoo-Dove","Tórtola cuco piquinegra"
"Macropygia mackinlayi","Spot-breasted Cuckoo-Dove","Tórtola cuco de Mackinlay"
"Macropygia ruficeps","Little Cuckoo-Dove","Tórtola cuco chica"
"Reinwardtoena reinwardti","Great Cuckoo-Dove","Paloma rabuda papúa"
"Reinwardtoena browni","Pied Cuckoo-Dove","Paloma rabuda de Nueva Bretaña"
"Reinwardtoena crassirostris","Crested Cuckoo-Dove","Paloma rabuda crestada"
"Turacoena manadensis","White-faced Cuckoo-Dove","Paloma cariblanca"
"Turacoena sulaensis","Sula Cuckoo-Dove","Tórtola cuco de Sula"
"Turacoena modesta","Black Cuckoo-Dove","Paloma de Timor"
"Turtur chalcospilos","Emerald-spotted Wood Dove","Palomita aliverde"
"Turtur abyssinicus","Black-billed Wood Dove","Palomita saheliana"
"Turtur afer","Blue-spotted Wood Dove","Palomita aliazul"
"Turtur tympanistria","Tambourine Dove","Palomita tamborilera"
"Turtur brehmeri","Blue-headed Wood Dove","Palomita cabeciazul"
"Oena capensis","Namaqua Dove","Tortolita rabilarga"
"Chalcophaps indica","Common Emerald Dove","Palomita esmeralda cabecigrís"
"Chalcophaps longirostris","Pacific Emerald Dove","Palomita esmeralda cabeciparda"
"Chalcophaps stephani","Stephan's Emerald Dove","Palomita esmeralda dorsiparda"
"Henicophaps albifrons","New Guinea Bronzewing","Paloma bronce frentiblanca"
"Henicophaps foersteri","New Britain Bronzewing","Paloma bronce de Nueva Bretaña"
"Phaps chalcoptera","Common Bronzewing","Paloma bronce común"
"Phaps elegans","Brush Bronzewing","Paloma bronce elegante"
"Phaps histrionica","Flock Bronzewing","Paloma bronce arlequín"
"Ocyphaps lophotes","Crested Pigeon","Paloma bronce crestada"
"Geophaps plumifera","Spinifex Pigeon","Paloma plumífera ventriblanca"
"Geophaps scripta","Squatter Pigeon","Paloma escrita"
"Geophaps smithii","Partridge Pigeon","Paloma de Smith"
"Trugon terrestris","Thick-billed Ground Pigeon","Paloma perdiz picogorda"
"Leucosarcia melanoleuca","Wonga Pigeon","Paloma wonga"
"Petrophassa rufipennis","Chestnut-quilled Rock Pigeon","Paloma roquera alirrufa"
"Petrophassa albipennis","White-quilled Rock Pigeon","Paloma roquera aliblanca"
"Geopelia cuneata","Diamond Dove","Tortolita diamante"
"Geopelia striata","Zebra Dove","Tortolita estriada"
"Geopelia placida","Peaceful Dove","Tortolita plácida"
"Geopelia maugeus","Barred Dove","Tortolita de Timor"
"Geopelia humeralis","Bar-shouldered Dove","Tortolita humeral"
"Columbina inca","Inca Dove","Tortolita mexicana"
"Columbina squammata","Scaled Dove","Tortolita escamosa"
"Columbina passerina","Common Ground Dove","Columbina común"
"Columbina minuta","Plain-breasted Ground Dove","Columbina menuda"
"Columbina buckleyi","Ecuadorian Ground Dove","Columbina ecuatoriana"
"Columbina talpacoti","Ruddy Ground Dove","Columbina colorada"
"Columbina picui","Picui Ground Dove","Columbina picuí"
"Columbina cruziana","Croaking Ground Dove","Columbina quiquagua"
"Columbina cyanopis","Blue-eyed Ground Dove","Columbina ojiazul"
"Claravis pretiosa","Blue Ground Dove","Tortolita azulada"
"Paraclaravis geoffroyi","Purple-winged Ground Dove","Tortolita alipúrpura"
"Paraclaravis mondetoura","Maroon-chested Ground Dove","Tortolita pechimorada"
"Metriopelia ceciliae","Bare-faced Ground Dove","Palomita cascabelita"
"Metriopelia morenoi","Moreno's Ground Dove","Palomita de Moreno"
"Metriopelia melanoptera","Black-winged Ground Dove","Palomita alinegra"
"Metriopelia aymara","Golden-spotted Ground Dove","Palomita aimará"
"Uropelia campestris","Long-tailed Ground Dove","Columbina colilarga"
"Starnoenas cyanocephala","Blue-headed Quail-Dove","Paloma perdiz cubana"
"Geotrygon purpurata","Purple Quail-Dove","Paloma perdiz purpúrea"
"Geotrygon saphirina","Sapphire Quail-Dove","Paloma perdiz zafiro"
"Geotrygon versicolor","Crested Quail-Dove","Paloma perdiz jamaicana"
"Geotrygon montana","Ruddy Quail-Dove","Paloma perdiz común"
"Geotrygon violacea","Violaceous Quail-Dove","Paloma perdiz violácea"
"Geotrygon caniceps","Grey-fronted Quail-Dove","Paloma perdiz camao"
"Geotrygon leucometopia","White-fronted Quail-Dove","Paloma perdiz dominicana"
"Geotrygon chrysia","Key West Quail-Dove","Paloma perdiz barbiqueja"
"Geotrygon mystacea","Bridled Quail-Dove","Paloma perdiz de Martinica"
"Leptotrygon veraguensis","Olive-backed Quail-Dove","Paloma perdiz de Veragua"
"Leptotila verreauxi","White-tipped Dove","Paloma montaraz común"
"Leptotila megalura","Yungas Dove","Paloma montaraz de las Yungas"
"Leptotila rufaxilla","Grey-fronted Dove","Paloma montaraz frentiblanca"
"Leptotila plumbeiceps","Grey-headed Dove","Paloma montaraz cabecigrís"
"Leptotila pallida","Pallid Dove","Paloma montaraz pálida"
"Leptotila battyi","Azuero Dove","Paloma montaraz de Coiba"
"Leptotila wellsi","Grenada Dove","Paloma montaraz de Granada"
"Leptotila jamaicensis","Caribbean Dove","Paloma montaraz jamaicana"
"Leptotila cassinii","Grey-chested Dove","Paloma montaraz pechigrís"
"Leptotila ochraceiventris","Ochre-bellied Dove","Paloma montaraz ventriocre"
"Leptotila conoveri","Tolima Dove","Paloma montaraz de Tolima"
"Zentrygon carrikeri","Tuxtla Quail-Dove","Paloma perdiz de Veracruz"
"Zentrygon costaricensis","Buff-fronted Quail-Dove","Paloma perdiz costarricense"
"Zentrygon lawrencii","Purplish-backed Quail-Dove","Paloma perdiz de Lawrence"
"Zentrygon albifacies","White-faced Quail-Dove","Paloma perdiz cariblanca"
"Zentrygon frenata","White-throated Quail-Dove","Paloma perdiz gorjiblanca"
"Zentrygon linearis","Lined Quail-Dove","Paloma perdiz embridada"
"Zentrygon chiriquensis","Chiriqui Quail-Dove","Paloma perdiz de Chiriquí"
"Zentrygon goldmani","Russet-crowned Quail-Dove","Paloma perdiz de Goldman"
"Zenaida macroura","Mourning Dove","Zenaida huilota"
"Zenaida graysoni","Socorro Dove","Zenaida de Socorro"
"Zenaida auriculata","Eared Dove","Zenaida torcaza"
"Zenaida aurita","Zenaida Dove","Zenaida caribeña"
"Zenaida galapagoensis","Galapagos Dove","Zenaida de Galápagos"
"Zenaida asiatica","White-winged Dove","Zenaida aliblanca"
"Zenaida meloda","West Peruvian Dove","Zenaida peruana"
"Caloenas nicobarica","Nicobar Pigeon","Paloma de Nicobar"
"Caloenas maculata","Spotted Green Pigeon","Paloma de Liverpool"
"Gallicolumba tristigmata","Sulawesi Ground Dove","Paloma perdiz de Célebes"
"Gallicolumba rufigula","Cinnamon Ground Dove","Paloma perdiz pechidorada"
"Gallicolumba luzonica","Luzon Bleeding-heart","Paloma apuñalada de Luzón"
"Gallicolumba crinigera","Mindanao Bleeding-heart","Paloma apuñalada de Mindanao"
"Gallicolumba platenae","Mindoro Bleeding-heart","Paloma apuñalada de Mindoro"
"Gallicolumba keayi","Negros Bleeding-heart","Paloma apuñalada de Negros"
"Gallicolumba menagei","Sulu Bleeding-heart","Paloma apuñalada de Tawitawi"
"Pampusana hoedtii","Wetar Ground Dove","Paloma perdiz de la Wetar"
"Pampusana jobiensis","White-breasted Ground Dove","Paloma perdiz pechiblanca"
"Pampusana kubaryi","White-fronted Ground Dove","Paloma perdiz de las Carolinas"
"Pampusana erythroptera","Polynesian Ground Dove","Paloma perdiz de Tuamotu"
"Pampusana xanthonura","White-throated Ground Dove","Paloma perdiz de las Marianas"
"Pampusana norfolkensis","Norfolk Ground Dove","Paloma-perdiz de la Isla Norfolk"
"Pampusana stairi","Shy Ground Dove","Paloma perdiz de las Fiji"
"Pampusana sanctaecrucis","Santa Cruz Ground Dove","Paloma perdiz de Santa Cruz"
"Pampusana ferruginea","Tanna Ground Dove","Paloma-perdiz de Tanna"
"Pampusana salamonis","Thick-billed Ground Dove","Paloma perdiz de las Salomón"
"Pampusana rubescens","Marquesan Ground Dove","Paloma perdiz de las Marquesas"
"Pampusana beccarii","Bronze Ground Dove","Paloma perdiz pechigrís"
"Pampusana canifrons","Palau Ground Dove","Paloma perdiz de las Palau"
"Microgoura meeki","Choiseul Pigeon","Paloma perdiz de la Choiseul"
"Otidiphaps nobilis","Pheasant Pigeon","Paloma faisán cuelliverde"
"Goura cristata","Western Crowned Pigeon","Gura occidental"
"Goura scheepmakeri","Scheepmaker's Crowned Pigeon","Gura de Scheepmaker"
"Goura sclaterii","Sclater's Crowned Pigeon","Gura de Sclater"
"Goura victoria","Victoria Crowned Pigeon","Gura de Victoria"
"Raphus cucullatus","Dodo","Dodo"
"Pezophaps solitaria","Rodrigues Solitaire","Solitario de Rodrigues"
"Didunculus strigirostris","Tooth-billed Pigeon","Paloma manumea"
"Phapitreron leucotis","White-eared Brown Dove","Vinago pardo de Luzón"
"Phapitreron amethystinus","Amethyst Brown Dove","Vinago pardo amatista"
"Phapitreron cinereiceps","Tawitawi Brown Dove","Vinago pardo de Tawitawi"
"Phapitreron brunneiceps","Mindanao Brown Dove","Vinago pardo de Mindanao"
"Treron fulvicollis","Cinnamon-headed Green Pigeon","Vinago cabecirrufo"
"Treron olax","Little Green Pigeon","Vinago chico"
"Treron vernans","Pink-necked Green Pigeon","Vinago cuellirrosa"
"Treron bicinctus","Orange-breasted Green Pigeon","Vinago bicinta"
"Treron pompadora","Sri Lanka Green Pigeon","Vinago de Ceilán"
"Treron affinis","Grey-fronted Green Pigeon","Vinago de los Ghats"
"Treron phayrei","Ashy-headed Green Pigeon","Vinago del Himalaya"
"Treron chloropterus","Andaman Green Pigeon","Vinago de Andamán"
"Treron axillaris","Philippine Green Pigeon","Vinago axilar"
"Treron aromaticus","Buru Green Pigeon","Vinago de Buru"
"Treron curvirostra","Thick-billed Green Pigeon","Vinago piquigrueso"
"Treron griseicauda","Grey-cheeked Green Pigeon","Vinago carigrís"
"Treron teysmannii","Sumba Green Pigeon","Vinago de Sumba"
"Treron floris","Flores Green Pigeon","Vinago de Flores"
"Treron psittaceus","Timor Green Pigeon","Vinago de Timor"
"Treron capellei","Large Green Pigeon","Vinago grande"
"Treron phoenicopterus","Yellow-footed Green Pigeon","Vinago patigualdo"
"Treron waalia","Bruce's Green Pigeon","Vinago waalia"
"Treron australis","Madagascar Green Pigeon","Vinago malgache"
"Treron griveaudi","Comoro Green Pigeon","Vinago de las Comoras"
"Treron calvus","African Green Pigeon","Vinago africano común"
"Treron pembaensis","Pemba Green Pigeon","Vinago de Pemba"
"Treron sanctithomae","Sao Tome Green Pigeon","Vinago de Santo Tomé"
"Treron apicauda","Pin-tailed Green Pigeon","Vinago rabudo"
"Treron oxyurus","Sumatran Green Pigeon","Vinago de Sumatra"
"Treron seimundi","Yellow-vented Green Pigeon","Vinago culigualdo"
"Treron sphenurus","Wedge-tailed Green Pigeon","Vinago rabocuña"
"Treron sieboldii","White-bellied Green Pigeon","Vinago japonés"
"Treron permagnus","Ryukyu Green Pigeon","Vinago de Ryukyu"
"Treron formosae","Taiwan Green Pigeon","Vinago de Formosa"
"Megaloprepia formosa","Scarlet-breasted Fruit Dove","Tilopo de Bernstein"
"Megaloprepia magnifica","Wompoo Fruit Dove","Tilopo magnífico"
"Ramphiculus marchei","Flame-breasted Fruit Dove","Tilopo de Marche"
"Ramphiculus merrilli","Cream-breasted Fruit Dove","Tilopo de Merrill"
"Ramphiculus occipitalis","Yellow-breasted Fruit Dove","Tilopo occipital"
"Ramphiculus fischeri","Red-eared Fruit Dove","Tilopo de Fischer"
"Ramphiculus jambu","Jambu Fruit Dove","Tilopo jambú"
"Ramphiculus subgularis","Banggai Fruit Dove","Tilopo de Banggai"
"Ramphiculus gularis","Oberholser's Fruit Dove","Tilopo barbioscuro"
"Ramphiculus mangoliensis","Sula Fruit Dove","Tilopo de Sula"
"Ramphiculus leclancheri","Black-chinned Fruit Dove","Tilopo barbinegro"
"Ptilinopus cinctus","Banded Fruit Dove","Tilopo dorsinegro"
"Ptilinopus alligator","Black-banded Fruit Dove","Tilopo del Alligator"
"Ptilinopus dohertyi","Red-naped Fruit Dove","Tilopo de Sumba"
"Ptilinopus porphyreus","Pink-headed Fruit Dove","Tilopo cuellirrosa"
"Ptilinopus perlatus","Pink-spotted Fruit Dove","Tilopo perlado"
"Ptilinopus ornatus","Ornate Fruit Dove","Tilopo adornado occidental"
"Ptilinopus tannensis","Tanna Fruit Dove","Tilopo de Tanna"
"Ptilinopus aurantiifrons","Orange-fronted Fruit Dove","Tilopo frentiáureo"
"Ptilinopus wallacii","Wallace's Fruit Dove","Tilopo de Wallace"
"Ptilinopus superbus","Superb Fruit Dove","Tilopo soberbio oriental"
"Ptilinopus perousii","Many-colored Fruit Dove","Tilopo multicolor"
"Ptilinopus porphyraceus","Crimson-crowned Fruit Dove","Tilopo de Tonga"
"Ptilinopus ponapensis","Purple-capped Fruit Dove","Tilopo de Ponape"
"Ptilinopus hernsheimi","Kosrae Fruit Dove","Tilopo de Kosrae"
"Ptilinopus pelewensis","Palau Fruit Dove","Tilopo de las Palau"
"Ptilinopus rarotongensis","Lilac-crowned Fruit Dove","Tilopo de Rarotonga"
"Ptilinopus roseicapilla","Mariana Fruit Dove","Tilopo de las Marianas"
"Ptilinopus regina","Rose-crowned Fruit Dove","Tilopo reina"
"Ptilinopus richardsii","Silver-capped Fruit Dove","Tilopo de Richards"
"Ptilinopus chrysogaster","Raiatea Fruit Dove","Tilopo de Raiatea"
"Ptilinopus purpuratus","Grey-green Fruit Dove","Tilopo de Tahití"
"Ptilinopus chalcurus","Makatea Fruit Dove","Tilopo de la Makatea"
"Ptilinopus coralensis","Atoll Fruit Dove","Tilopo de Tuamotu"
"Ptilinopus greyi","Red-bellied Fruit Dove","Tilopo de Grey"
"Ptilinopus huttoni","Rapa Fruit Dove","Tilopo de Rapa"
"Ptilinopus dupetithouarsii","White-capped Fruit Dove","Tilopo coroniblanco"
"Ptilinopus mercierii","Red-moustached Fruit Dove","Tilopo de Mercier"
"Ptilinopus insularis","Henderson Fruit Dove","Tilopo de la Henderson"
"Ptilinopus coronulatus","Coroneted Fruit Dove","Tilopo coronita"
"Ptilinopus pulchellus","Beautiful Fruit Dove","Tilopo bonito"
"Ptilinopus monacha","Blue-capped Fruit Dove","Tilopo monje"
"Ptilinopus rivoli","White-bibbed Fruit Dove","Tilopo de Rivoli"
"Ptilinopus speciosus","Geelvink Fruit Dove","Tilopo de Geelvink"
"Ptilinopus solomonensis","Yellow-bibbed Fruit Dove","Tilopo de las Salomón"
"Ptilinopus viridis","Claret-breasted Fruit Dove","Tilopo pechirrojo"
"Ptilinopus eugeniae","White-headed Fruit Dove","Tilopo de Eugenia"
"Ptilinopus iozonus","Orange-bellied Fruit Dove","Tilopo ventrinaranja"
"Ptilinopus insolitus","Knob-billed Fruit Dove","Tilopo insólito"
"Ptilinopus hyogastrus","Grey-headed Fruit Dove","Tilopo cabecigrís"
"Ptilinopus granulifrons","Carunculated Fruit Dove","Tilopo carunculado"
"Ptilinopus melanospilus","Black-naped Fruit Dove","Tilopo nuquinegro"
"Ptilinopus nainus","Dwarf Fruit Dove","Tilopo enano"
"Ptilinopus arcanus","Negros Fruit Dove","Tilopo de Negros"
"Ptilinopus victor","Orange Dove","Tilopo naranja"
"Ptilinopus luteovirens","Golden Dove","Tilopo dorado"
"Ptilinopus layardi","Whistling Dove","Tilopo de la Kadavu"
"Ptilinopus holosericea","Cloven-feathered Dove","Tilopo de Nueva Caledonia"
"Alectroenas nitidissimus","Mauritius Blue Pigeon","Paloma azul de Mauricio"
"Alectroenas madagascariensis","Madagascar Blue Pigeon","Paloma azul malgache"
"Alectroenas sganzini","Comoro Blue Pigeon","Paloma azul de las Comoras"
"Alectroenas pulcherrimus","Seychelles Blue Pigeon","Paloma azul de Seychelles"
"Ducula poliocephala","Pink-bellied Imperial Pigeon","Dúcula ventrirrosa"
"Ducula forsteni","White-bellied Imperial Pigeon","Dúcula de Forsten"
"Ducula mindorensis","Mindoro Imperial Pigeon","Dúcula de Mindoro"
"Ducula radiata","Grey-headed Imperial Pigeon","Dúcula colibarrada"
"Ducula carola","Spotted Imperial Pigeon","Dúcula de Carlota"
"Ducula aenea","Green Imperial Pigeon","Dúcula verde"
"Ducula oenothorax","Enggano Imperial Pigeon","Dúcula de la Enggano"
"Ducula nicobarica","Nicobar Imperial Pigeon","Dúcula de Nicobars"
"Ducula perspicillata","Spectacled Imperial Pigeon","Dúcula de anteojos"
"Ducula neglecta","Seram Imperial Pigeon","Dúcula de Ceram"
"Ducula concinna","Elegant Imperial Pigeon","Dúcula coliazul"
"Ducula pacifica","Pacific Imperial Pigeon","Dúcula del Pacífico"
"Ducula oceanica","Micronesian Imperial Pigeon","Dúcula de Micronesia"
"Ducula aurorae","Polynesian Imperial Pigeon","Dúcula de Makatea"
"Ducula galeata","Nuku Hiva Imperial Pigeon","Dúcula de las Marquesas"
"Ducula rubricera","Red-knobbed Imperial Pigeon","Dúcula cerirrubra"
"Ducula myristicivora","Spice Imperial Pigeon","Dúcula de la nuez moscada"
"Ducula geelvinkiana","Geelvink Imperial Pigeon","Dúcula de Geelvink"
"Ducula rufigaster","Purple-tailed Imperial Pigeon","Dúcula ventrirrufa"
"Ducula basilica","Cinnamon-bellied Imperial Pigeon","Dúcula moluqueña"
"Ducula finschii","Finsch's Imperial Pigeon","Dúcula de Finsch"
"Ducula chalconota","Rufescent Imperial Pigeon","Dúcula capuchina"
"Ducula pistrinaria","Island Imperial Pigeon","Dúcula insular"
"Ducula rosacea","Pink-headed Imperial Pigeon","Dúcula rosácea"
"Ducula whartoni","Christmas Imperial Pigeon","Dúcula de la Christmas"
"Ducula pickeringii","Grey Imperial Pigeon","Dúcula gris"
"Ducula latrans","Barking Imperial Pigeon","Dúcula ladradora"
"Ducula brenchleyi","Chestnut-bellied Imperial Pigeon","Dúcula de las Salomón"
"Ducula bakeri","Vanuatu Imperial Pigeon","Dúcula de Nuevas Hébridas"
"Ducula goliath","Goliath Imperial Pigeon","Dúcula goliat"
"Ducula pinon","Pinon's Imperial Pigeon","Dúcula de Pinon"
"Ducula melanochroa","Black Imperial Pigeon","Dúcula negra"
"Ducula mullerii","Collared Imperial Pigeon","Dúcula acollarada"
"Ducula zoeae","Zoe's Imperial Pigeon","Dúcula de Zoé"
"Ducula cuprea","Malabar Imperial Pigeon","Dúcula de las Nilgiri"
"Ducula badia","Mountain Imperial Pigeon","Dúcula dorsicastaña"
"Ducula lacernulata","Dark-backed Imperial Pigeon","Dúcula dorsioscura"
"Ducula cineracea","Timor Imperial Pigeon","Dúcula de Timor"
"Ducula bicolor","Pied Imperial Pigeon","Dúcula bicolor"
"Ducula luctuosa","Silver-tipped Imperial Pigeon","Dúcula luctuosa"
"Ducula spilorrhoa","Torresian Imperial Pigeon","Dúcula australiana"
"Ducula subflavescens","Yellowish Imperial Pigeon","Dúcula amarillenta"
"Lopholaimus antarcticus","Topknot Pigeon","Paloma bicrestada"
"Hemiphaga novaeseelandiae","New Zealand Pigeon","Paloma maorí"
"Hemiphaga chathamensis","Chatham Islands Pigeon","Paloma de las Chatham"
"Cryptophaps poecilorrhoa","Sombre Pigeon","Paloma culipinta"
"Gymnophaps albertisii","Papuan Mountain Pigeon","Paloma montana papúa"
"Gymnophaps mada","Buru Mountain Pigeon","Paloma montana de Buru"
"Gymnophaps stalkeri","Seram Mountain Pigeon","Paloma montana de Ceram"
"Gymnophaps solomonensis","Pale Mountain Pigeon","Paloma montana de las Salomón"
"Podica senegalensis","African Finfoot","Avesol africano"
"Heliopais personatus","Masked Finfoot","Avesol asiático"
"Heliornis fulica","Sungrebe","Avesol americano"
"Mentocrex kioloides","Madagascar Forest Rail","Rascón kioloide"
"Mentocrex beankaensis","Tsingy Forest Rail","Rascón del Tsingy"
"Sarothrura pulchra","White-spotted Flufftail","Polluela pulcra"
"Sarothrura elegans","Buff-spotted Flufftail","Polluela elegante"
"Sarothrura rufa","Red-chested Flufftail","Polluela rufa"
"Sarothrura lugens","Chestnut-headed Flufftail","Polluela cabecirroja"
"Sarothrura boehmi","Streaky-breasted Flufftail","Polluela de Boehm"
"Sarothrura ayresi","White-winged Flufftail","Polluela especulada"
"Sarothrura affinis","Striped Flufftail","Polluela estriada"
"Sarothrura insularis","Madagascar Flufftail","Polluela malgache"
"Sarothrura watersi","Slender-billed Flufftail","Polluela de Waters"
"Rallicula rubra","Chestnut Forest Rail","Polluela castaña"
"Rallicula leucospila","White-striped Forest Rail","Polluela listada"
"Rallicula forbesi","Forbes's Forest Rail","Polluela de Forbes"
"Rallicula mayri","Mayr's Forest Rail","Polluela de Mayr"
"Canirallus oculeus","Grey-throated Rail","Rascón carigrís"
"Anurolimnas castaneiceps","Chestnut-headed Crake","Polluela pituro"
"Pardirallus maculatus","Spotted Rail","Rascón overo"
"Pardirallus nigricans","Blackish Rail","Rascón negruzco"
"Pardirallus sanguinolentus","Plumbeous Rail","Rascón gallineta"
"Mustelirallus albicollis","Ash-throated Crake","Polluela turura"
"Mustelirallus cerverai","Zapata Rail","Polluela de Zapata"
"Mustelirallus colombianus","Colombian Crake","Polluela colombiana"
"Mustelirallus erythrops","Paint-billed Crake","Polluela picopinta"
"Amaurolimnas concolor","Uniform Crake","Cotara café"
"Aramides axillaris","Rufous-necked Wood Rail","Cotara cuellirrufa"
"Aramides mangle","Little Wood Rail","Cotara de manglar"
"Aramides albiventris","Russet-naped Wood Rail","Cotara ventriblanca"
"Aramides cajaneus","Grey-cowled Wood Rail","Cotara chiricote"
"Aramides wolfi","Brown Wood Rail","Cotara morena"
"Aramides ypecaha","Giant Wood Rail","Cotara ipacaá"
"Aramides calopterus","Red-winged Wood Rail","Cotara alirrufa"
"Aramides saracura","Slaty-breasted Wood Rail","Cotara saracura"
"Rallus obsoletus","Ridgway's Rail","Rascón de Ridgway"
"Rallus crepitans","Clapper Rail","Rascón crepitante"
"Rallus tenuirostris","Aztec Rail","Rascón mexicano"
"Rallus longirostris","Mangrove Rail","Rascón de manglar"
"Rallus elegans","King Rail","Rascón elegante"
"Rallus wetmorei","Plain-flanked Rail","Rascón de Wetmore"
"Rallus limicola","Virginia Rail","Rascón de Virginia"
"Rallus semiplumbeus","Bogota Rail","Rascón de Bogotá"
"Rallus aequatorialis","Ecuadorian Rail","Rascón Ecuatoriano"
"Rallus antarcticus","Austral Rail","Rascón pidén"
"Rallus aquaticus","Water Rail","Rascón europeo"
"Rallus indicus","Brown-cheeked Rail","Rascón asiático"
"Rallus caerulescens","African Rail","Rascón cafre"
"Rallus madagascariensis","Madagascar Rail","Rascón malgache"
"Crecopsis egregia","African Crake","Guión africano"
"Rougetius rougetii","Rouget's Rail","Rascón etíope"
"Dryolimnas cuvieri","White-throated Rail","Rascón de Cuvier"
"Dryolimnas augusti","Reunion Rail","Rascón de Reunión"
"Crex crex","Corn Crake","Guión de codornices"
"Aramidopsis plateni","Snoring Rail","Rascón de Platen"
"Lewinia striata","Slaty-breasted Rail","Rascón rufigrís"
"Lewinia mirifica","Brown-banded Rail","Rascón de Luzón"
"Lewinia pectoralis","Lewin's Rail","Rascón pectoral"
"Lewinia muelleri","Auckland Rail","Rascón de las Auckland"
"Diaphorapteryx hawkinsi","Hawkins's Rail","Rascón de Hawkins"
"Gallirallus calayanensis","Calayan Rail","Rascón de Calayán"
"Gallirallus wallacii","Invisible Rail","Rascón de Wallace"
"Gallirallus australis","Weka","Rascón weka"
"Gallirallus castaneoventris","Chestnut Rail","Cotara australiana"
"Gallirallus lafresnayanus","New Caledonian Rail","Rascón de Nueva Caledonia"
"Gallirallus modestus","Chatham Islands Rail","Rascón de las Chatham"
"Gallirallus okinawae","Okinawa Rail","Rascón de Okinawa"
"Gallirallus torquatus","Barred Rail","Rascón acollarado"
"Gallirallus philippensis","Buff-banded Rail","Rascón filipino"
"Gallirallus owstoni","Guam Rail","Rascón de Guam"
"Gallirallus insignis","Pink-legged Rail","Rascón de Nueva Bretaña"
"Gallirallus rovianae","Roviana Rail","Rascón roviana"
"Gallirallus woodfordi","Woodford's Rail","Rascón de Guadalcanal"
"Gallirallus poecilopterus","Bar-winged Rail","Rascón alibarrado"
"Gallirallus sylvestris","Lord Howe Woodhen","Rascón de la Lord Howe"
"Gallirallus dieffenbachii","Dieffenbach's Rail","Rascón de Dieffenbach"
"Gallirallus pacificus","Tahiti Rail","Rascón de Tahiti"
"Gallirallus wakensis","Wake Island Rail","Rascón de la Wake"
"Porphyriops melanops","Spot-flanked Gallinule","Gallineta pintada"
"Porzana carolina","Sora","Polluela sora"
"Porzana porzana","Spotted Crake","Polluela pintoja"
"Porzana fluminea","Australian Crake","Polluela australiana"
"Tribonyx ventralis","Black-tailed Nativehen","Gallineta patirroja"
"Tribonyx mortierii","Tasmanian Nativehen","Gallineta de Tasmania"
"Paragallinula angulata","Lesser Moorhen","Gallineta chica"
"Gallinula tenebrosa","Dusky Moorhen","Gallineta enlutada"
"Gallinula galeata","Common Gallinule","Gallineta americana"
"Gallinula chloropus","Common Moorhen","Gallineta común"
"Gallinula nesiotis","Tristan Moorhen","Gallineta de Tristán de Acuña"
"Gallinula comeri","Gough Moorhen","Gallineta de Gough"
"Gallinula silvestris","Makira Woodhen","Gallineta de San Cristóbal"
"Gallinula pacifica","Samoan Woodhen","Gallineta de Samoa"
"Fulica rufifrons","Red-fronted Coot","Focha frentirroja"
"Fulica cornuta","Horned Coot","Focha cornuda"
"Fulica gigantea","Giant Coot","Focha gigante"
"Fulica armillata","Red-gartered Coot","Focha de ligas"
"Fulica atra","Eurasian Coot","Focha común"
"Fulica cristata","Red-knobbed Coot","Focha moruna"
"Fulica newtonii","Mascarene Coot","Focha de las Mascareñas"
"Fulica alai","Hawaiian Coot","Focha hawaiana"
"Fulica americana","American Coot","Focha americana"
"Fulica ardesiaca","Andean Coot","Focha andina"
"Fulica leucoptera","White-winged Coot","Focha aliblanca"
"Porphyrio alleni","Allen's Gallinule","Calamoncillo africano"
"Porphyrio martinica","Purple Gallinule","Calamoncillo americano"
"Porphyrio flavirostris","Azure Gallinule","Calamoncillo celeste"
"Porphyrio porphyrio","Western Swamphen","Calamón común"
"Porphyrio madagascariensis","African Swamphen","Calamón de Africa"
"Porphyrio poliocephalus","Grey-headed Swamphen","Calamón cabecigrís"
"Porphyrio indicus","Black-backed Swamphen","Calamón dorsinegro"
"Porphyrio pulverulentus","Philippine Swamphen","Calamón Filipino"
"Porphyrio melanotus","Australasian Swamphen","Calamón Australiano"
"Porphyrio albus","White Swamphen","Calamón blanco"
"Porphyrio paepae","Marquesan Swamphen","Calamón de las Islas Marquesas"
"Porphyrio mantelli","North Island Takahe","Calamón Takahe de la Isla Norte"
"Porphyrio hochstetteri","South Island Takahe","Calamón takahe"
"Rufirallus xenopterus","Rufous-faced Crake","Polluela guaraní"
"Rufirallus leucopyrrhus","Red-and-white Crake","Polluela rojiblanca"
"Rufirallus fasciatus","Black-banded Crake","Polluela barreada"
"Rufirallus schomburgkii","Ocellated Crake","Polluela ocelada"
"Rufirallus viridis","Russet-crowned Crake","Polluela coronirrufa"
"Coturnicops exquisitus","Swinhoe's Rail","Polluela exquisita"
"Coturnicops noveboracensis","Yellow Rail","Polluela amarillenta"
"Laterallus notatus","Speckled Rail","Polluela de Darwin"
"Laterallus spiloptera","Dot-winged Crake","Polluela overa"
"Laterallus rogersi","Inaccessible Island Rail","Rasconcillo de Tristán de Acuña"
"Laterallus jamaicensis","Black Rail","Polluela negruzca"
"Laterallus spilonota","Galapagos Crake","Polluela de Galápagos"
"Laterallus flaviventer","Yellow-breasted Crake","Polluela pálida"
"Laterallus exilis","Grey-breasted Crake","Polluela pechigrís"
"Laterallus albigularis","White-throated Crake","Polluela carrasqueadora"
"Laterallus ruber","Ruddy Crake","Polluela rojiza"
"Laterallus levraudi","Rusty-flanked Crake","Polluela venezolana"
"Laterallus melanophaius","Rufous-sided Crake","Polluela burrito"
"Mundia elpenor","Ascension Crake","Rascón de Ascensión"
"Aphanocrex podarces","St. Helena Rail","Calamón de Santa Helena"
"Zapornia flavirostra","Black Crake","Polluela negra africana"
"Zapornia olivieri","Sakalava Rail","Polluela negra malgache"
"Zapornia fusca","Ruddy-breasted Crake","Polluela pechirrufa"
"Zapornia paykullii","Band-bellied Crake","Polluela mandarina"
"Zapornia bicolor","Black-tailed Crake","Polluela bicolor"
"Zapornia akool","Brown Crake","Gallineta akul"
"Zapornia pusilla","Baillon's Crake","Polluela chica"
"Zapornia astrictocarpus","St. Helena Crake","Polluela de Santa Helena"
"Zapornia parva","Little Crake","Polluela bastarda"
"Zapornia tabuensis","Spotless Crake","Polluela de Tongatapu"
"Zapornia monasa","Kosrae Crake","Rascón de la Kosrae"
"Zapornia nigra","Tahiti Crake","Polluela de Miller"
"Zapornia atra","Henderson Crake","Polluela de la Henderson"
"Zapornia sandwichensis","Hawaiian Rail","Rascón hawaiano"
"Zapornia palmeri","Laysan Rail","Rascón de Laysan"
"Rallina eurizonoides","Slaty-legged Crake","Polluela de jungla"
"Rallina canningi","Andaman Crake","Polluela de Andamán"
"Rallina fasciata","Red-legged Crake","Polluela patirroja"
"Rallina tricolor","Red-necked Crake","Polluela tricolor"
"Gymnocrex rosenbergii","Blue-faced Rail","Cotara cariazul"
"Gymnocrex talaudensis","Talaud Rail","Cotara de las Talaud"
"Gymnocrex plumbeiventris","Bare-eyed Rail","Cotara moluqueña"
"Himantornis haematopus","Nkulengu Rail","Rascón nkulenga"
"Megacrex inepta","New Guinea Flightless Rail","Rascón inepto"
"Poliolimnas cinereus","White-browed Crake","Polluela cejiblanca"
"Aenigmatolimnas marginalis","Striped Crake","Polluela culirroja"
"Gallicrex cinerea","Watercock","Gallineta crestada"
"Amaurornis phoenicurus","White-breasted Waterhen","Gallineta pechiblanca"
"Amaurornis olivacea","Plain Bush-hen","Gallineta filipina"
"Amaurornis magnirostris","Talaud Bush-hen","Gallineta de las Talaud"
"Amaurornis isabellina","Isabelline Bush-hen","Gallineta isabelina"
"Amaurornis moluccana","Pale-vented Bush-hen","Gallineta moluqueña"
"Aphanapteryx bonasia","Red Rail","Rascón Rojo"
"Erythromachus leguati","Rodrigues Rail","Rascón de Rodríguez"
"Psophia crepitans","Grey-winged Trumpeter","Trompetero aligrís"
"Psophia leucoptera","Pale-winged Trumpeter","Trompetero aliblanco"
"Psophia viridis","Dark-winged Trumpeter","Trompetero aliverde occidental"
"Balearica regulorum","Grey Crowned Crane","Grulla coronada cuelligrís"
"Balearica pavonina","Black Crowned Crane","Grulla coronada cuellinegra"
"Leucogeranus leucogeranus","Siberian Crane","Grulla siberiana"
"Antigone canadensis","Sandhill Crane","Grulla canadiense"
"Antigone vipio","White-naped Crane","Grulla cuelliblanca"
"Antigone antigone","Sarus Crane","Grulla sarus"
"Antigone rubicunda","Brolga","Grulla brolga"
"Grus carunculata","Wattled Crane","Grulla carunculada"
"Grus paradisea","Blue Crane","Grulla del Paraíso"
"Grus virgo","Demoiselle Crane","Grulla damisela"
"Grus japonensis","Red-crowned Crane","Grulla manchú"
"Grus americana","Whooping Crane","Grulla trompetera"
"Grus grus","Common Crane","Grulla común"
"Grus monacha","Hooded Crane","Grulla monje"
"Grus nigricollis","Black-necked Crane","Grulla cuellinegra"
"Aramus guarauna","Limpkin","Carrao"
"Tachybaptus rufolavatus","Alaotra Grebe","Zampullín del Alaotra"
"Tachybaptus ruficollis","Little Grebe","Zampullín común"
"Tachybaptus novaehollandiae","Australasian Grebe","Zampullín australiano"
"Tachybaptus pelzelnii","Madagascar Grebe","Zampullín malgache"
"Tachybaptus dominicus","Least Grebe","Zampullín macacito"
"Podilymbus podiceps","Pied-billed Grebe","Zampullín picogrueso"
"Podilymbus gigas","Atitlan Grebe","Zampullín del Atitlán"
"Rollandia rolland","White-tufted Grebe","Zampullín pimpollo"
"Rollandia microptera","Titicaca Grebe","Zampullín del Titicaca"
"Poliocephalus poliocephalus","Hoary-headed Grebe","Zampullín canoso"
"Poliocephalus rufopectus","New Zealand Grebe","Zampullín maorí"
"Podiceps major","Great Grebe","Somormujo macachón"
"Podiceps grisegena","Red-necked Grebe","Somormujo cuellirrojo"
"Podiceps cristatus","Great Crested Grebe","Somormujo lavanco"
"Podiceps auritus","Horned Grebe","Zampullín cuellirrojo"
"Podiceps nigricollis","Black-necked Grebe","Zampullín cuellinegro"
"Podiceps andinus","Colombian Grebe","Zampullín colombiano"
"Podiceps occipitalis","Silvery Grebe","Zampullín blanquillo meridional"
"Podiceps taczanowskii","Junin Grebe","Zampullín del Junín"
"Podiceps gallardoi","Hooded Grebe","Zampullín tobiano"
"Aechmophorus occidentalis","Western Grebe","Achichilique común"
"Aechmophorus clarkii","Clark's Grebe","Achichilique de Clark"
"Phoenicopterus roseus","Greater Flamingo","Flamenco común"
"Phoenicopterus ruber","American Flamingo","Flamenco rojo"
"Phoenicopterus chilensis","Chilean Flamingo","Flamenco chileno"
"Phoeniconaias minor","Lesser Flamingo","Flamenco enano"
"Phoenicoparrus andinus","Andean Flamingo","Parina grande"
"Phoenicoparrus jamesi","James's Flamingo","Parina chica"
"Turnix tanki","Yellow-legged Buttonquail","Torillo tanki"
"Turnix maculosus","Red-backed Buttonquail","Torillo moteado"
"Turnix suscitator","Barred Buttonquail","Torillo batallador"
"Turnix ocellatus","Spotted Buttonquail","Torillo ocelado"
"Turnix sylvaticus","Common Buttonquail","Torillo andaluz"
"Turnix velox","Little Buttonquail","Torillo veloz"
"Turnix pyrrhothorax","Red-chested Buttonquail","Torillo pechirrufo"
"Turnix worcesteri","Luzon Buttonquail","Torillo de Worcester"
"Turnix everetti","Sumba Buttonquail","Torillo de Sumba"
"Turnix nanus","Black-rumped Buttonquail","Torillo enano"
"Turnix hottentottus","Fynbos Buttonquail","Torillo hotentote"
"Turnix castanotus","Chestnut-backed Buttonquail","Torillo dorsicastaño"
"Turnix olivii","Buff-breasted Buttonquail","Torillo de Robinson"
"Turnix varius","Painted Buttonquail","Torillo pintojo"
"Turnix novaecaledoniae","New Caledonian Buttonquail","Torillo de Nueva Caledonia"
"Turnix melanogaster","Black-breasted Buttonquail","Torillo pechinegro"
"Turnix nigricollis","Madagascar Buttonquail","Torillo malgache"
"Ortyxelos meiffrenii","Quail-plover","Torillo alaudino"
"Hesperoburhinus bistriatus","Double-striped Thick-knee","Alcaraván venezolano"
"Hesperoburhinus superciliaris","Peruvian Thick-knee","Alcaraván peruano"
"Esacus recurvirostris","Great Stone-curlew","Alcaraván piquigrueso indio"
"Esacus magnirostris","Beach Stone-curlew","Alcaraván piquigrueso australiano"
"Burhinus capensis","Spotted Thick-knee","Alcaraván de El Cabo"
"Burhinus vermiculatus","Water Thick-knee","Alcaraván acuático"
"Burhinus grallarius","Bush Stone-curlew","Alcaraván colilargo"
"Burhinus oedicnemus","Eurasian Stone-curlew","Alcaraván común"
"Burhinus indicus","Indian Stone-curlew","Alcaraván indio"
"Burhinus senegalensis","Senegal Thick-knee","Alcaraván senegalés"
"Pluvianellus socialis","Magellanic Plover","Chorlito de Magallanes"
"Chionis albus","Snowy Sheathbill","Picovaina de las Malvinas"
"Chionis minor","Black-faced Sheathbill","Picovaina de las Kerguelen"
"Haematopus leucopodus","Magellanic Oystercatcher","Ostrero magallánico"
"Haematopus ater","Blackish Oystercatcher","Ostrero negro americano"
"Haematopus bachmani","Black Oystercatcher","Ostrero Negro Norteamericano"
"Haematopus palliatus","American Oystercatcher","Ostrero pío americano"
"Haematopus meadewaldoi","Canary Islands Oystercatcher","Ostrero negro canario"
"Haematopus moquini","African Oystercatcher","Ostrero negro africano"
"Haematopus ostralegus","Eurasian Oystercatcher","Ostrero euroasiático"
"Haematopus finschi","South Island Oystercatcher","Ostrero de Finsch"
"Haematopus longirostris","Pied Oystercatcher","Ostrero pío australiano"
"Haematopus unicolor","Variable Oystercatcher","Ostrero variable"
"Haematopus chathamensis","Chatham Islands Oystercatcher","Ostrero de las Chatham"
"Haematopus fuliginosus","Sooty Oystercatcher","Ostrero negro australiano"
"Ibidorhyncha struthersii","Ibisbill","Picoibis"
"Himantopus himantopus","Black-winged Stilt","Cigüeñuela común"
"Himantopus leucocephalus","Pied Stilt","Cigüeñuela Pechirroja"
"Himantopus mexicanus","Black-necked Stilt","Cigüeñuela de Cuello Negro"
"Himantopus melanurus","White-backed Stilt","Cigüeñuela Americana"
"Himantopus novaezelandiae","Black Stilt","Cigüeñuela negra"
"Cladorhynchus leucocephalus","Banded Stilt","Cigüeñuela pechirroja"
"Recurvirostra avosetta","Pied Avocet","Avoceta común"
"Recurvirostra americana","American Avocet","Avoceta americana"
"Recurvirostra novaehollandiae","Red-necked Avocet","Avoceta australiana"
"Recurvirostra andina","Andean Avocet","Avoceta andina"
"Pluvialis squatarola","Grey Plover","Chorlito gris"
"Pluvialis apricaria","European Golden Plover","Chorlito dorado europeo"
"Pluvialis fulva","Pacific Golden Plover","Chorlito dorado siberiano"
"Pluvialis dominica","American Golden Plover","Chorlito dorado americano"
"Oreopholus ruficollis","Tawny-throated Dotterel","Chorlito cabezón"
"Zonibyx modestus","Rufous-chested Dotterel","Chorlito chileno"
"Phegornis mitchellii","Diademed Sandpiper-Plover","Chorlitejo cordillerano"
"Eudromias morinellus","Eurasian Dotterel","Chorlito carambolo"
"Charadrius vociferus","Killdeer","Chorlitejo culirrojo"
"Charadrius hiaticula","Common Ringed Plover","Chorlitejo grande"
"Charadrius semipalmatus","Semipalmated Plover","Chorlitejo semipalmeado"
"Charadrius melodus","Piping Plover","Chorlitejo silbador"
"Thinornis cucullatus","Hooded Plover","Chorlito encapuchado"
"Thinornis forbesi","Forbes's Plover","Chorlitejo de Forbes"
"Thinornis tricollaris","Three-banded Plover","Chorlitejo tricollar"
"Thinornis melanops","Black-fronted Dotterel","Chorlitejo frentinegro"
"Thinornis novaeseelandiae","Shore Plover","Chorlitejo de las Chatham"
"Thinornis dubius","Little Ringed Plover","Chorlitejo chico"
"Thinornis placidus","Long-billed Plover","Chorlitejo piquilargo"
"Hoploxypterus cayanus","Pied Plover","Avefría de Cayena"
"Vanellus vanellus","Northern Lapwing","Avefría europea"
"Vanellus crassirostris","Long-toed Lapwing","Avefría palustre"
"Vanellus armatus","Blacksmith Lapwing","Avefría armada"
"Vanellus spinosus","Spur-winged Lapwing","Avefría espinosa"
"Vanellus duvaucelii","River Lapwing","Avefría fluvial"
"Vanellus malabaricus","Yellow-wattled Lapwing","Avefría malabar"
"Vanellus tectus","Black-headed Lapwing","Avefría coletuda"
"Vanellus albiceps","White-crowned Lapwing","Avefría coroniblanca"
"Vanellus lugubris","Senegal Lapwing","Avefría lúgubre"
"Vanellus melanopterus","Black-winged Lapwing","Avefría lugubroide"
"Vanellus coronatus","Crowned Lapwing","Avefría coronada"
"Vanellus senegallus","African Wattled Lapwing","Avefría senegalesa"
"Vanellus melanocephalus","Spot-breasted Lapwing","Avefría pechipinta"
"Vanellus superciliosus","Brown-chested Lapwing","Avefría pechirrufa"
"Vanellus cinereus","Grey-headed Lapwing","Avefría ceniza"
"Vanellus indicus","Red-wattled Lapwing","Avefría india"
"Vanellus macropterus","Javan Lapwing","Avefría javanesa"
"Vanellus tricolor","Banded Lapwing","Avefría tricolor"
"Vanellus miles","Masked Lapwing","Avefría militar norteña"
"Vanellus gregarius","Sociable Lapwing","Avefría sociable"
"Vanellus leucurus","White-tailed Lapwing","Avefría coliblanca"
"Vanellus chilensis","Southern Lapwing","Avefría tero"
"Vanellus resplendens","Andean Lapwing","Avefría andina"
"Erythrogonys cinctus","Red-kneed Dotterel","Chorlito pechinegro"
"Peltohyas australis","Inland Dotterel","Chorlito australiano"
"Anarhynchus asiaticus","Caspian Plover","Chorlitejo asiático chico"
"Anarhynchus veredus","Oriental Plover","Chorlito asiático grande"
"Anarhynchus atrifrons","Tibetan Sand Plover",NA
"Anarhynchus mongolus","Siberian Sand Plover","Chorlitejo mongol chico"
"Anarhynchus leschenaultii","Greater Sand Plover","Chorlitejo mongol grande"
"Anarhynchus bicinctus","Double-banded Plover","Chorlitejo bicinchado"
"Anarhynchus frontalis","Wrybill","Chorlitejo piquituerto"
"Anarhynchus obscurus","New Zealand Plover","Chorlito maorí de Isla Sur"
"Anarhynchus wilsonia","Wilson's Plover","Chorlitejo piquigrueso"
"Anarhynchus collaris","Collared Plover","Chorlitejo de Azara"
"Anarhynchus montanus","Mountain Plover","Chorlito llanero"
"Anarhynchus alticola","Puna Plover","Chorlitejo andino"
"Anarhynchus falklandicus","Two-banded Plover","Chorlitejo malvinero"
"Anarhynchus thoracicus","Madagascar Plover","Chorlitejo torácico"
"Anarhynchus pecuarius","Kittlitz's Plover","Chorlitejo pecuario"
"Anarhynchus sanctaehelenae","St. Helena Plover","Chorlitejo de Santa Elena"
"Anarhynchus ruficapillus","Red-capped Plover","Chorlitejo capirrojo"
"Anarhynchus nivosus","Snowy Plover","Chorlitejo nivoso"
"Anarhynchus pallidus","Chestnut-banded Plover","Chorlitejo pálido"
"Anarhynchus peronii","Malaysian Plover","Chorlitejo malayo"
"Anarhynchus marginatus","White-fronted Plover","Chorlitejo frentiblanco"
"Anarhynchus javanicus","Javan Plover","Chorlitejo javanés"
"Anarhynchus alexandrinus","Kentish Plover","Chorlitejo patinegro"
"Anarhynchus dealbatus","White-faced Plover","Chorlitejo cariblanco"
"Pluvianus aegyptius","Egyptian Plover","Pluvial"
"Rostratula benghalensis","Greater Painted-snipe","Aguatero bengalí"
"Rostratula australis","Australian Painted-snipe","Aguatero australiano"
"Nycticryphes semicollaris","South American Painted-snipe","Aguatero americano"
"Hydrophasianus chirurgus","Pheasant-tailed Jacana","Jacana colilarga"
"Jacana spinosa","Northern Jacana","Jacana centroamericana"
"Jacana jacana","Wattled Jacana","Jacana suramericana"
"Microparra capensis","Lesser Jacana","Jacana chica"
"Irediparra gallinacea","Comb-crested Jacana","Jacana crestada"
"Metopidius indicus","Bronze-winged Jacana","Jacana bronceada"
"Actophilornis africanus","African Jacana","Jacana africana"
"Actophilornis albinucha","Madagascar Jacana","Jacana malgache"
"Pedionomus torquatus","Plains-wanderer","Llanero"
"Attagis gayi","Rufous-bellied Seedsnipe","Agachona grande"
"Attagis malouinus","White-bellied Seedsnipe","Agachona patagona"
"Thinocorus orbignyianus","Grey-breasted Seedsnipe","Agachona mediana"
"Thinocorus rumicivorus","Least Seedsnipe","Agachona chica"
"Bartramia longicauda","Upland Sandpiper","Correlimos batitú"
"Numenius tahitiensis","Bristle-thighed Curlew","Zarapito del Pacífico"
"Numenius phaeopus","Eurasian Whimbrel","Zarapito trinador"
"Numenius hudsonicus","Hudsonian Whimbrel","Chorlo Trinador"
"Numenius minutus","Little Curlew","Zarapito chico"
"Numenius borealis","Eskimo Curlew","Zarapito esquimal"
"Numenius americanus","Long-billed Curlew","Zarapito americano"
"Numenius madagascariensis","Far Eastern Curlew","Zarapito siberiano"
"Numenius tenuirostris","Slender-billed Curlew","Zarapito fino"
"Numenius arquata","Eurasian Curlew","Zarapito real"
"Limosa lapponica","Bar-tailed Godwit","Aguja colipinta"
"Limosa limosa","Black-tailed Godwit","Aguja colinegra"
"Limosa haemastica","Hudsonian Godwit","Aguja café"
"Limosa fedoa","Marbled Godwit","Aguja canela"
"Limnodromus semipalmatus","Asian Dowitcher","Agujeta asiática"
"Limnodromus scolopaceus","Long-billed Dowitcher","Agujeta escolopácea"
"Limnodromus griseus","Short-billed Dowitcher","Agujeta gris"
"Lymnocryptes minimus","Jack Snipe","Agachadiza chica"
"Scolopax minor","American Woodcock","Chocha americana"
"Scolopax rusticola","Eurasian Woodcock","Chocha perdiz"
"Scolopax mira","Amami Woodcock","Chocha de Amami"
"Scolopax bukidnonensis","Bukidnon Woodcock","Chocha filipina"
"Scolopax saturata","Javan Woodcock","Chocha oscura"
"Scolopax rosenbergii","New Guinea Woodcock","Chocha papúa"
"Scolopax celebensis","Sulawesi Woodcock","Chocha de Célebes"
"Scolopax rochussenii","Moluccan Woodcock","Chocha moluqueña"
"Coenocorypha barrierensis","North Island Snipe","Chochita de Isla Norte"
"Coenocorypha iredalei","South Island Snipe","Chochita de la Stewart"
"Coenocorypha pusilla","Chatham Islands Snipe","Chochita de las Chatham"
"Coenocorypha huegeli","Snares Snipe","Chochita de las Snares"
"Coenocorypha aucklandica","Subantarctic Snipe","Chochita de las Auckland"
"Gallinago imperialis","Imperial Snipe","Agachadiza imperial"
"Gallinago jamesoni","Jameson's Snipe","Agachadiza andina"
"Gallinago stricklandii","Fuegian Snipe","Agachadiza fueguina"
"Gallinago solitaria","Solitary Snipe","Agachadiza solitaria"
"Gallinago nemoricola","Wood Snipe","Agachadiza del Himalaya"
"Gallinago media","Great Snipe","Agachadiza real"
"Gallinago megala","Swinhoe's Snipe","Agachadiza del Baikal"
"Gallinago stenura","Pin-tailed Snipe","Agachadiza colirrara"
"Gallinago hardwickii","Latham's Snipe","Agachadiza japonesa"
"Gallinago nigripennis","African Snipe","Agachadiza africana"
"Gallinago gallinago","Common Snipe","Agachadiza común"
"Gallinago delicata","Wilson's Snipe","Agachadiza de Wilson"
"Gallinago undulata","Giant Snipe","Agachadiza gigante"
"Gallinago nobilis","Noble Snipe","Agachadiza noble"
"Gallinago andina","Puna Snipe","Agachadiza de la puna"
"Gallinago macrodactyla","Madagascar Snipe","Agachadiza malgache"
"Gallinago paraguaiae","Pantanal Snipe","Agachadiza paraguaya"
"Gallinago magellanica","Magellanic Snipe","Agachadiza magallánica"
"Phalaropus tricolor","Wilson's Phalarope","Falaropo tricolor"
"Phalaropus fulicarius","Red Phalarope","Falaropo picogrueso"
"Phalaropus lobatus","Red-necked Phalarope","Falaropo picofino"
"Xenus cinereus","Terek Sandpiper","Andarríos del Terek"
"Actitis hypoleucos","Common Sandpiper","Andarríos chico"
"Actitis macularius","Spotted Sandpiper","Andarríos maculado"
"Tringa ochropus","Green Sandpiper","Andarríos grande"
"Tringa solitaria","Solitary Sandpiper","Andarríos solitario"
"Tringa brevipes","Grey-tailed Tattler","Playero siberiano"
"Tringa incana","Wandering Tattler","Playero de Alaska"
"Tringa stagnatilis","Marsh Sandpiper","Archibebe fino"
"Tringa glareola","Wood Sandpiper","Andarríos bastardo"
"Tringa totanus","Common Redshank","Archibebe común"
"Tringa flavipes","Lesser Yellowlegs","Archibebe patigualdo chico"
"Tringa guttifer","Nordmann's Greenshank","Archibebe moteado"
"Tringa semipalmata","Willet","Playero aliblanco"
"Tringa erythropus","Spotted Redshank","Archibebe oscuro"
"Tringa nebularia","Common Greenshank","Archibebe claro"
"Tringa melanoleuca","Greater Yellowlegs","Archibebe patigualdo grande"
"Prosobonia cancellata","Kiritimati Sandpiper","Andarríos de Tuamotu"
"Prosobonia leucoptera","Tahiti Sandpiper","Andarríos de Tahití"
"Prosobonia ellisi","Moorea Sandpiper","Andarríos de Moorea"
"Prosobonia parvirostris","Tuamotu Sandpiper","Andarríos de Tuamotu"
"Arenaria interpres","Ruddy Turnstone","Vuelvepiedras común"
"Arenaria melanocephala","Black Turnstone","Vuelvepiedras oscuro"
"Calidris tenuirostris","Great Knot","Correlimos grande"
"Calidris canutus","Red Knot","Correlimos gordo"
"Calidris virgata","Surfbird","Correlimos de rompientes"
"Calidris pugnax","Ruff","Combatiente"
"Calidris falcinellus","Broad-billed Sandpiper","Correlimos falcinelo"
"Calidris acuminata","Sharp-tailed Sandpiper","Correlimos acuminado"
"Calidris himantopus","Stilt Sandpiper","Correlimos zancolín"
"Calidris ferruginea","Curlew Sandpiper","Correlimos zarapitín"
"Calidris temminckii","Temminck's Stint","Correlimos de Temminck"
"Calidris subminuta","Long-toed Stint","Correlimos dedilargo"
"Calidris ruficollis","Red-necked Stint","Correlimos cuellirrojo"
"Calidris pygmaea","Spoon-billed Sandpiper","Correlimos cuchareta"
"Calidris subruficollis","Buff-breasted Sandpiper","Correlimos canelo"
"Calidris alba","Sanderling","Correlimos tridáctilo"
"Calidris alpina","Dunlin","Correlimos común"
"Calidris maritima","Purple Sandpiper","Correlimos oscuro"
"Calidris ptilocnemis","Rock Sandpiper","Correlimos roquero"
"Calidris bairdii","Baird's Sandpiper","Correlimos de Baird"
"Calidris minuta","Little Stint","Correlimos menudo"
"Calidris minutilla","Least Sandpiper","Correlimos menudillo"
"Calidris fuscicollis","White-rumped Sandpiper","Correlimos culiblanco"
"Calidris melanotos","Pectoral Sandpiper","Correlimos pectoral"
"Calidris mauri","Western Sandpiper","Correlimos de Alaska"
"Calidris pusilla","Semipalmated Sandpiper","Correlimos semipalmeado"
"Dromas ardeola","Crab-plover","Dromas"
"Smutsornis africanus","Double-banded Courser","Corredor escamoso chico"
"Rhinoptilus chalcopterus","Bronze-winged Courser","Corredor patirrojo"
"Rhinoptilus cinctus","Three-banded Courser","Corredor escamoso grande"
"Rhinoptilus bitorquatus","Jerdon's Courser","Corredor del Godavari"
"Cursorius coromandelicus","Indian Courser","Corredor indio"
"Cursorius temminckii","Temminck's Courser","Corredor etiópico"
"Cursorius rufus","Burchell's Courser","Corredor rufo"
"Cursorius cursor","Cream-colored Courser","Corredor sahariano"
"Cursorius somalensis","Somali Courser","Corredor somalí"
"Glareola isabella","Australian Pratincole","Canastera patilarga"
"Glareola nuchalis","Rock Pratincole","Canastera sombría"
"Glareola cinerea","Grey Pratincole","Canastera gris"
"Glareola lactea","Small Pratincole","Canastera chica"
"Glareola maldivarum","Oriental Pratincole","Canastera oriental"
"Glareola nordmanni","Black-winged Pratincole","Canastera alinegra"
"Glareola pratincola","Collared Pratincole","Canastera común"
"Glareola ocularis","Madagascar Pratincole","Canastera malgache"
"Rynchops flavirostris","African Skimmer","Rayador africano"
"Rynchops albicollis","Indian Skimmer","Rayador indio"
"Rynchops niger","Black Skimmer","Rayador americano"
"Gygis alba","Atlantic White Tern","Charrán blanco común"
"Gygis candida","Blue-billed White Tern",NA
"Gygis microrhyncha","Little White Tern","Charrán blanco picofino"
"Anous stolidus","Brown Noddy","Tiñosa boba"
"Anous tenuirostris","Lesser Noddy","Tiñosa picofina"
"Anous minutus","Black Noddy","Tiñosa menuda"
"Anous albivitta","Grey Noddy","Tiñosa gris"
"Anous ceruleus","Blue Noddy","Tiñosa azulada"
"Onychoprion aleuticus","Aleutian Tern","Charrán aleutiano"
"Onychoprion fuscatus","Sooty Tern","Charrán sombrío"
"Onychoprion anaethetus","Bridled Tern","Charrán embridado"
"Onychoprion lunatus","Spectacled Tern","Charrán lunado"
"Sternula albifrons","Little Tern","Charrancito común"
"Sternula saundersi","Saunders's Tern","Charrancito de Saunders"
"Sternula antillarum","Least Tern","Charrancito americano"
"Sternula superciliaris","Yellow-billed Tern","Charrancito amazónico"
"Sternula lorata","Peruvian Tern","Charrancito peruano"
"Sternula nereis","Fairy Tern","Charrancito australiano"
"Sternula balaenarum","Damara Tern","Charrancito de Damara"
"Phaetusa simplex","Large-billed Tern","Charrán picudo"
"Gelochelidon nilotica","Gull-billed Tern","Pagaza piconegra"
"Gelochelidon macrotarsa","Australian Tern","Pagaza australiana"
"Hydroprogne caspia","Caspian Tern","Pagaza piquirroja"
"Larosterna inca","Inca Tern","Charrán inca"
"Chlidonias hybrida","Whiskered Tern","Fumarel cariblanco"
"Chlidonias albostriatus","Black-fronted Tern","Fumarel maorí"
"Chlidonias niger","Black Tern","Fumarel común"
"Chlidonias leucopterus","White-winged Tern","Fumarel aliblanco"
"Sterna aurantia","River Tern","Charrán indio"
"Sterna forsteri","Forster's Tern","Charrán de Forster"
"Sterna trudeaui","Snowy-crowned Tern","Charrán coroniblanco"
"Sterna paradisaea","Arctic Tern","Charrán ártico"
"Sterna hirundinacea","South American Tern","Charrán suramericano"
"Sterna vittata","Antarctic Tern","Charrán antártico"
"Sterna virgata","Kerguelen Tern","Charrán de las Kerguelen"
"Sterna hirundo","Common Tern","Charrán común"
"Sterna repressa","White-cheeked Tern","Charrán arábigo"
"Sterna sumatrana","Black-naped Tern","Charrán de Sumatra"
"Sterna dougallii","Roseate Tern","Charrán rosado"
"Sterna striata","White-fronted Tern","Charrán maorí"
"Sterna acuticauda","Black-bellied Tern","Charrán ventrinegro"
"Thalasseus sandvicensis","Sandwich Tern","Charrán patinegro"
"Thalasseus acuflavidus","Cabot's Tern",NA
"Thalasseus elegans","Elegant Tern","Charrán elegante"
"Thalasseus bengalensis","Lesser Crested Tern","Charrán bengalí"
"Thalasseus albididorsalis","West African Crested Tern","Charrán real africano"
"Thalasseus maximus","Royal Tern","Charrán real americano"
"Thalasseus bergii","Greater Crested Tern","Charrán piquigualdo"
"Thalasseus bernsteini","Chinese Crested Tern","Charrán chino"
"Creagrus furcatus","Swallow-tailed Gull","Gaviota tijereta"
"Hydrocoloeus minutus","Little Gull","Gaviota enana"
"Rhodostethia rosea","Ross's Gull","Gaviota rosada"
"Rissa tridactyla","Black-legged Kittiwake","Gaviota tridáctila"
"Rissa brevirostris","Red-legged Kittiwake","Gaviota piquicorta"
"Pagophila eburnea","Ivory Gull","Gaviota marfileña"
"Xema sabini","Sabine's Gull","Gaviota de Sabine"
"Saundersilarus saundersi","Saunders's Gull","Gaviota de Saunders"
"Chroicocephalus genei","Slender-billed Gull","Gaviota picofina"
"Chroicocephalus philadelphia","Bonaparte's Gull","Gaviota de Bonaparte"
"Chroicocephalus novaehollandiae","Silver Gull","Gaviota plateada australiana"
"Chroicocephalus bulleri","Black-billed Gull","Gaviota maorí"
"Chroicocephalus serranus","Andean Gull","Gaviota andina"
"Chroicocephalus maculipennis","Brown-hooded Gull","Gaviota cahuil"
"Chroicocephalus ridibundus","Black-headed Gull","Gaviota reidora"
"Chroicocephalus brunnicephalus","Brown-headed Gull","Gaviota centroasiática"
"Chroicocephalus cirrocephalus","Grey-headed Gull","Gaviota cabecigrís"
"Chroicocephalus hartlaubii","Hartlaub's Gull","Gaviota plateada surafricana"
"Leucophaeus modestus","Grey Gull","Gaviota garuma"
"Leucophaeus scoresbii","Dolphin Gull","Gaviota patagona"
"Leucophaeus atricilla","Laughing Gull","Gaviota guanaguanare"
"Leucophaeus pipixcan","Franklin's Gull","Gaviota pipizcan"
"Leucophaeus fuliginosus","Lava Gull","Gaviota fuliginosa"
"Ichthyaetus ichthyaetus","Pallas's Gull","Gavión cabecinegro"
"Ichthyaetus relictus","Relict Gull","Gaviota relicta"
"Ichthyaetus audouinii","Audouin's Gull","Gaviota de Audouin"
"Ichthyaetus melanocephalus","Mediterranean Gull","Gaviota cabecinegra"
"Ichthyaetus hemprichii","Sooty Gull","Gaviota cejiblanca"
"Ichthyaetus leucophthalmus","White-eyed Gull","Gaviota ojiblanca"
"Larus pacificus","Pacific Gull","Gaviota de Tasmania"
"Larus belcheri","Belcher's Gull","Gaviota simeón"
"Larus crassirostris","Black-tailed Gull","Gaviota japonesa"
"Larus atlanticus","Olrog's Gull","Gaviota cangrejera"
"Larus heermanni","Heermann's Gull","Gaviota mexicana"
"Larus canus","Common Gull","Gaviota cana"
"Larus brachyrhynchus","Short-billed Gull","Gaviota piquicorta"
"Larus delawarensis","Ring-billed Gull","Gaviota de Delaware"
"Larus livens","Yellow-footed Gull","Gaviota de Cortés"
"Larus occidentalis","Western Gull","Gaviota occidental"
"Larus cachinnans","Caspian Gull","Gaviota del Caspio"
"Larus dominicanus","Kelp Gull","Gaviota cocinera"
"Larus argentatus","European Herring Gull","Gaviota argéntea europea"
"Larus vegae","Vega Gull","Gaviota del este de Siberia"
"Larus mongolicus","Mongolian Gull",NA
"Larus michahellis","Yellow-legged Gull","Gaviota patiamarilla"
"Larus armenicus","Armenian Gull","Gaviota armenia"
"Larus marinus","Great Black-backed Gull","Gavión atlántico"
"Larus hyperboreus","Glaucous Gull","Gavión hiperbóreo"
"Larus fuscus","Lesser Black-backed Gull","Gaviota sombría"
"Larus californicus","California Gull","Gaviota californiana"
"Larus smithsonianus","American Herring Gull","Gaviota argéntea americana"
"Larus glaucescens","Glaucous-winged Gull","Gaviota de Bering"
"Larus schistisagus","Slaty-backed Gull","Gaviota de Kamchatka"
"Larus glaucoides","Iceland Gull","Gaviota groenlandesa"
"Stercorarius longicaudus","Long-tailed Jaeger","Págalo rabero"
"Stercorarius parasiticus","Parasitic Jaeger","Págalo parásito"
"Stercorarius pomarinus","Pomarine Jaeger","Págalo pomarino"
"Stercorarius skua","Great Skua","Págalo grande"
"Stercorarius chilensis","Chilean Skua","Págalo chileno"
"Stercorarius antarcticus","Brown Skua","Págalo subantártico"
"Stercorarius maccormicki","South Polar Skua","Págalo polar"
"Cerorhinca monocerata","Rhinoceros Auklet","Alca unicórnea"
"Fratercula cirrhata","Tufted Puffin","Frailecillo coletudo"
"Fratercula arctica","Atlantic Puffin","Frailecillo atlántico"
"Fratercula corniculata","Horned Puffin","Frailecillo corniculado"
"Ptychoramphus aleuticus","Cassin's Auklet","Mérgulo sombrío"
"Aethia pusilla","Least Auklet","Mérgulo mínimo"
"Aethia pygmaea","Whiskered Auklet","Mérgulo bigotudo"
"Aethia cristatella","Crested Auklet","Mérgulo empenachado"
"Aethia psittacula","Parakeet Auklet","Mérgulo lorito"
"Brachyramphus perdix","Long-billed Murrelet","Mérgulo jaspeado asiático"
"Brachyramphus brevirostris","Kittlitz's Murrelet","Mérgulo piquicorto"
"Brachyramphus marmoratus","Marbled Murrelet","Mérgulo jaspeado americano"
"Cepphus grylle","Black Guillemot","Arao aliblanco"
"Cepphus carbo","Spectacled Guillemot","Arao de anteojos"
"Cepphus columba","Pigeon Guillemot","Arao colombino"
"Alca torda","Razorbill","Alca común"
"Pinguinus impennis","Great Auk","Alca gigante"
"Alle alle","Little Auk","Mérgulo atlántico"
"Uria lomvia","Thick-billed Murre","Arao de Brünnich"
"Uria aalge","Common Murre","Arao común"
"Synthliboramphus antiquus","Ancient Murrelet","Mérgulo antiguo"
"Synthliboramphus wumizusume","Japanese Murrelet","Mérgulo japonés"
"Synthliboramphus scrippsi","Scripps's Murrelet","Mérgulo californiano aliclaro"
"Synthliboramphus hypoleucus","Guadalupe Murrelet","Mérgulo de la Guadalupe"
"Synthliboramphus craveri","Craveri's Murrelet","Mérgulo californiano alioscuro"
"Rhynochetos jubatus","Kagu","Kagú"
"Eurypyga helias","Sunbittern","Tigana"
"Phaethon aethereus","Red-billed Tropicbird","Rabijunco etéreo"
"Phaethon rubricauda","Red-tailed Tropicbird","Rabijunco colirrojo"
"Phaethon lepturus","White-tailed Tropicbird","Rabijunco menor"
"Gavia stellata","Red-throated Loon","Colimbo chico"
"Gavia arctica","Black-throated Loon","Colimbo ártico"
"Gavia pacifica","Pacific Loon","Colimbo del Pacífico"
"Gavia immer","Common Loon","Colimbo grande"
"Gavia adamsii","Yellow-billed Loon","Colimbo de Adams"
"Aptenodytes patagonicus","King Penguin","Pingüino rey"
"Aptenodytes forsteri","Emperor Penguin","Pingüino emperador"
"Pygoscelis adeliae","Adelie Penguin","Pingüino de Adelia"
"Pygoscelis antarcticus","Chinstrap Penguin","Pingüino barbijo"
"Pygoscelis papua","Gentoo Penguin","Pingüino juanito"
"Eudyptula minor","Little Penguin","Pingüino enano"
"Spheniscus mendiculus","Galapagos Penguin","Pingüino de Galápagos"
"Spheniscus humboldti","Humboldt Penguin","Pingüino de Humboldt"
"Spheniscus magellanicus","Magellanic Penguin","Pingüino magallánico"
"Spheniscus demersus","African Penguin","Pingüino de El Cabo"
"Megadyptes antipodes","Yellow-eyed Penguin","Pingüino ojigualdo"
"Eudyptes chrysolophus","Macaroni Penguin","Pingüino de macarrones"
"Eudyptes schlegeli","Royal Penguin","Pingüino de Schlegel"
"Eudyptes moseleyi","Northern Rockhopper Penguin","Pingüino saltarrocas septentrional"
"Eudyptes filholi","Eastern Rockhopper Penguin",NA
"Eudyptes chrysocome","Western Rockhopper Penguin","Pingüino saltarrocas meridional"
"Eudyptes pachyrhynchus","Fiordland Penguin","Pingüino de Fiordland"
"Eudyptes robustus","Snares Penguin","Pingüino de las Snares"
"Eudyptes sclateri","Erect-crested Penguin","Pingüino de Sclater"
"Oceanites oceanicus","Wilson's Storm Petrel","Paíño de Wilson"
"Oceanites gracilis","Elliot's Storm Petrel","Paíño de Elliot"
"Oceanites pincoyae","Pincoya Storm Petrel","Paíño pincoya"
"Garrodia nereis","Grey-backed Storm Petrel","Paíño dorsigrís"
"Pelagodroma marina","White-faced Storm Petrel","Paíño pechialbo"
"Fregetta grallaria","White-bellied Storm Petrel","Paíño ventriblanco"
"Fregetta tropica","Black-bellied Storm Petrel","Paíño ventrinegro"
"Fregetta lineata","New Caledonian Storm Petrel",NA
"Fregetta maoriana","New Zealand Storm Petrel","Paíño maorí"
"Nesofregetta fuliginosa","Polynesian Storm Petrel","Paíño gorjiblanco"
"Diomedea sanfordi","Northern Royal Albatross","Albatros real septentrional"
"Diomedea epomophora","Southern Royal Albatross","Albatros real meridional"
"Diomedea exulans","Snowy Albatross","Albatros viajero"
"Diomedea dabbenena","Tristan Albatross","Albatros de Tristán de Acuña"
"Diomedea antipodensis","Antipodean Albatross","Albatros de las Antípodas"
"Diomedea amsterdamensis","Amsterdam Albatross","Albatros de la Amsterdam"
"Phoebastria irrorata","Waved Albatross","Albatros de Galápagos"
"Phoebastria immutabilis","Laysan Albatross","Albatros de Laysan"
"Phoebastria nigripes","Black-footed Albatross","Albatros patinegro"
"Phoebastria albatrus","Short-tailed Albatross","Albatros colicorto"
"Phoebetria fusca","Sooty Albatross","Albatros ahumado"
"Phoebetria palpebrata","Light-mantled Albatross","Albatros tiznado"
"Thalassarche chlororhynchos","Atlantic Yellow-nosed Albatross","Albatros clororrinco atlántico"
"Thalassarche carteri","Indian Yellow-nosed Albatross","Albatros clororrinco pacífico"
"Thalassarche chrysostoma","Grey-headed Albatross","Albatros cabecigrís"
"Thalassarche bulleri","Buller's Albatross","Albatros de Buller"
"Thalassarche cauta","Shy Albatross","Albatros cauto"
"Thalassarche salvini","Salvin's Albatross","Albatros de Salvin"
"Thalassarche eremita","Chatham Albatross","Albatros de las Chatham"
"Thalassarche melanophris","Black-browed Albatross","Albatros ojeroso"
"Thalassarche impavida","Campbell Albatross","Albatros impávido"
"Hydrobates pelagicus","European Storm Petrel","Paíño europeo"
"Hydrobates furcatus","Fork-tailed Storm Petrel","Paíño rabihorcado"
"Hydrobates hornbyi","Ringed Storm Petrel","Paíño acollarado"
"Hydrobates monorhis","Swinhoe's Storm Petrel","Paíño de Swinhoe"
"Hydrobates matsudairae","Matsudaira's Storm Petrel","Paíño de Matsudaira"
"Hydrobates leucorhous","Leach's Storm Petrel","Paíño boreal"
"Hydrobates socorroensis","Townsend's Storm Petrel","Paíño de isla Socorro"
"Hydrobates cheimomnestes","Ainley's Storm Petrel","Paíño de Ainley"
"Hydrobates homochroa","Ashy Storm Petrel","Paíño ceniciento"
"Hydrobates castro","Band-rumped Storm Petrel","Paíño de Madeira"
"Hydrobates monteiroi","Monteiro's Storm Petrel","Paíño de Monteiro"
"Hydrobates jabejabe","Cape Verde Storm Petrel","Paíño de Cabo Verde"
"Hydrobates tethys","Wedge-rumped Storm Petrel","Paíño de Galápagos"
"Hydrobates melania","Black Storm Petrel","Paíño negro"
"Hydrobates macrodactylus","Guadalupe Storm Petrel","Paíño de la Guadalupe"
"Hydrobates markhami","Markham's Storm Petrel","Paíño ahumado"
"Hydrobates tristrami","Tristram's Storm Petrel","Paíño de Tristram"
"Hydrobates microsoma","Least Storm Petrel","Paíño menudo"
"Macronectes giganteus","Southern Giant Petrel","Abanto marino antártico"
"Macronectes halli","Northern Giant Petrel","Abanto marino subantártico"
"Fulmarus glacialis","Northern Fulmar","Fulmar boreal"
"Fulmarus glacialoides","Southern Fulmar","Fulmar austral"
"Thalassoica antarctica","Antarctic Petrel","Petrel antártico"
"Daption capense","Pintado Petrel","Petrel damero"
"Pagodroma nivea","Snow Petrel","Petrel níveo"
"Halobaena caerulea","Blue Petrel","Petrel azulado"
"Pachyptila vittata","Broad-billed Prion","Prión piquiancho"
"Pachyptila salvini","Salvin's Prion","Prión de Salvin"
"Pachyptila macgillivrayi","MacGillivray's Prion",NA
"Pachyptila desolata","Antarctic Prion","Prión antártico"
"Pachyptila belcheri","Slender-billed Prion","Prión picofino"
"Pachyptila turtur","Fairy Prion","Prión piquicorto"
"Pachyptila crassirostris","Fulmar Prion","Prión picogrueso"
"Aphrodroma brevirostris","Kerguelen Petrel","Petrel de las Kerguelen"
"Pterodroma macroptera","Great-winged Petrel","Petrel aligrande"
"Pterodroma lessonii","White-headed Petrel","Petrel cabeciblanco"
"Pterodroma gouldi","Grey-faced Petrel","Petrel carigrís"
"Pterodroma incerta","Atlantic Petrel","Petrel de Schlegel"
"Pterodroma solandri","Providence Petrel","Petrel de Solander"
"Pterodroma magentae","Magenta Petrel","Petrel taiko"
"Pterodroma ultima","Murphy's Petrel","Petrel de Murphy"
"Pterodroma mollis","Soft-plumaged Petrel","Petrel suave"
"Pterodroma madeira","Zino's Petrel","Petrel freira"
"Pterodroma feae","Fea's Petrel","Petrel gongón"
"Pterodroma deserta","Desertas Petrel","Petrel de las Desertas"
"Pterodroma cahow","Bermuda Petrel","Petrel cahow"
"Pterodroma hasitata","Black-capped Petrel","Petrel antillano"
"Pterodroma caribbaea","Jamaican Petrel","Petrel jamaicano"
"Pterodroma externa","Juan Fernandez Petrel","Petrel de las Juan Fernández"
"Pterodroma occulta","Vanuatu Petrel","Petrel de Vanuatu"
"Pterodroma neglecta","Kermadec Petrel","Petrel de las Kermadec"
"Pterodroma heraldica","Herald Petrel","Petrel del Herald"
"Pterodroma arminjoniana","Trindade Petrel","Petrel de la Trindade"
"Pterodroma atrata","Henderson Petrel","Petrel de la Henderson"
"Pterodroma alba","Phoenix Petrel","Petrel de las Fénix"
"Pterodroma baraui","Barau's Petrel","Petrel de Barau"
"Pterodroma sandwichensis","Hawaiian Petrel","Petrel hawaiano"
"Pterodroma phaeopygia","Galapagos Petrel","Petrel de Galápagos"
"Pterodroma inexpectata","Mottled Petrel","Petrel moteado"
"Pterodroma cervicalis","White-necked Petrel","Petrel cuelliblanco"
"Pterodroma nigripennis","Black-winged Petrel","Petrel alinegro"
"Pterodroma axillaris","Chatham Islands Petrel","Petrel de las Chatham"
"Pterodroma hypoleuca","Bonin Petrel","Petrel de las Bonin"
"Pterodroma leucoptera","Gould's Petrel","Petrel aliblanco"
"Pterodroma brevipes","Collared Petrel","Petrel acollarado"
"Pterodroma cookii","Cook's Petrel","Petrel de Cook"
"Pterodroma defilippiana","Masatierra Petrel","Petrel chileno"
"Pterodroma longirostris","Stejneger's Petrel","Petrel de Más Afuera"
"Pterodroma pycrofti","Pycroft's Petrel","Petrel de Pycroft"
"Pterodroma rupinarum","St. Helena Petrel","Petrel de Santa Helena Mayor"
"Pseudobulweria aterrima","Mascarene Petrel","Petrel de Reunión"
"Pseudobulweria rostrata","Tahiti Petrel","Petrel de Tahití"
"Pseudobulweria becki","Beck's Petrel","Petrel de Beck"
"Pseudobulweria macgillivrayi","Fiji Petrel","Petrel de las Fiji"
"Procellaria cinerea","Grey Petrel","Pardela gris"
"Procellaria aequinoctialis","White-chinned Petrel","Pardela gorjiblanca"
"Procellaria conspicillata","Spectacled Petrel","Pardela de anteojos"
"Procellaria parkinsoni","Black Petrel","Pardela de Parkinson"
"Procellaria westlandica","Westland Petrel","Pardela de Westland"
"Calonectris leucomelas","Streaked Shearwater","Pardela canosa"
"Calonectris borealis","Cory's Shearwater","Pardela cenicienta canaria"
"Calonectris diomedea","Scopoli's Shearwater","Pardela cenicienta mediterránea"
"Calonectris edwardsii","Cape Verde Shearwater","Pardela cenicienta caboverdiana"
"Ardenna pacifica","Wedge-tailed Shearwater","Pardela del Pacífico"
"Ardenna bulleri","Buller's Shearwater","Pardela dorsigrís"
"Ardenna grisea","Sooty Shearwater","Pardela sombría"
"Ardenna tenuirostris","Short-tailed Shearwater","Pardela de Tasmania"
"Ardenna creatopus","Pink-footed Shearwater","Pardela patirrosa"
"Ardenna carneipes","Flesh-footed Shearwater","Pardela paticlara"
"Ardenna gravis","Great Shearwater","Pardela capirotada"
"Puffinus nativitatis","Christmas Shearwater","Pardela de Navidad"
"Puffinus puffinus","Manx Shearwater","Pardela pichoneta"
"Puffinus yelkouan","Yelkouan Shearwater","Pardela mediterránea"
"Puffinus mauretanicus","Balearic Shearwater","Pardela balear"
"Puffinus bryani","Bryan's Shearwater","Pardela de Bryan"
"Puffinus opisthomelas","Black-vented Shearwater","Pardela culinegra"
"Puffinus auricularis","Townsend's Shearwater","Pardela de Townsend"
"Puffinus newelli","Newell's Shearwater","Pardela de Newell"
"Puffinus myrtae","Rapa Shearwater","Pardela de Rapa"
"Puffinus gavia","Fluttering Shearwater","Pardela gavia"
"Puffinus huttoni","Hutton's Shearwater","Pardela de Hutton"
"Puffinus lherminieri","Sargasso Shearwater","Pardela de Audubon"
"Puffinus persicus","Persian Shearwater","Pardela persa"
"Puffinus bailloni","Tropical Shearwater","Pardela tropical"
"Puffinus subalaris","Galapagos Shearwater","Pardela de Galápagos"
"Puffinus bannermani","Bannerman's Shearwater","Pardela de las Bonin"
"Puffinus heinrothi","Heinroth's Shearwater","Pardela de Heinroth"
"Puffinus assimilis","Little Shearwater","Pardela semejante"
"Puffinus elegans","Subantarctic Shearwater","Pardela subantártica"
"Puffinus baroli","Barolo Shearwater","Pardela chica macaronésica"
"Puffinus boydi","Boyd's Shearwater","Pardela chica de Cabo Verde"
"Pelecanoides garnotii","Peruvian Diving Petrel","Potoyunco peruano"
"Pelecanoides magellani","Magellanic Diving Petrel","Potoyunco magallánico"
"Pelecanoides georgicus","South Georgia Diving Petrel","Potoyunco de Georgia del Sur"
"Pelecanoides urinatrix","Common Diving Petrel","Potoyunco común"
"Bulweria bulwerii","Bulwer's Petrel","Petrel de Bulwer"
"Bulweria bifax","Olson's Petrel","Petrel de Santa Helena Menor"
"Bulweria fallax","Jouanin's Petrel","Petrel de Jouanin"
"Anastomus lamelligerus","African Openbill","Picotenaza africano"
"Anastomus oscitans","Asian Openbill","Picotenaza asiático"
"Leptoptilos crumenifer","Marabou Stork","Marabú africano"
"Leptoptilos javanicus","Lesser Adjutant","Marabú menor"
"Leptoptilos dubius","Greater Adjutant","Marabú argala"
"Mycteria americana","Wood Stork","Tántalo americano"
"Mycteria ibis","Yellow-billed Stork","Tántalo africano"
"Mycteria leucocephala","Painted Stork","Tántalo indio"
"Mycteria cinerea","Milky Stork","Tántalo malayo"
"Jabiru mycteria","Jabiru","Jabirú americano"
"Ephippiorhynchus senegalensis","Saddle-billed Stork","Jabirú africano"
"Ephippiorhynchus asiaticus","Black-necked Stork","Jabirú asiático"
"Ciconia abdimii","Abdim's Stork","Cigüeña de Abdim"
"Ciconia microscelis","African Woolly-necked Stork","Cigüeña lanuda africana"
"Ciconia episcopus","Asian Woolly-necked Stork","Cigüeña lanuda asiática"
"Ciconia stormi","Storm's Stork","Cigüeña de Storm"
"Ciconia nigra","Black Stork","Cigüeña negra"
"Ciconia maguari","Maguari Stork","Cigüeña maguari"
"Ciconia ciconia","White Stork","Cigüeña blanca"
"Ciconia boyciana","Oriental Stork","Cigüeña oriental"
"Fregata aquila","Ascension Frigatebird","Rabihorcado de Ascensión"
"Fregata magnificens","Magnificent Frigatebird","Rabihorcado magnífico"
"Fregata ariel","Lesser Frigatebird","Rabihorcado chico"
"Fregata minor","Great Frigatebird","Rabihorcado grande"
"Fregata andrewsi","Christmas Frigatebird","Rabihorcado de la Christmas"
"Papasula abbotti","Abbott's Booby","Piquero de Abbott"
"Morus bassanus","Northern Gannet","Alcatraz atlántico"
"Morus capensis","Cape Gannet","Alcatraz de El Cabo"
"Morus serrator","Australasian Gannet","Alcatraz australiano"
"Sula sula","Red-footed Booby","Piquero patirrojo"
"Sula leucogaster","Brown Booby","Piquero pardo"
"Sula brewsteri","Cocos Booby",NA
"Sula dactylatra","Masked Booby","Piquero enmascarado"
"Sula granti","Nazca Booby","Piquero nazca"
"Sula nebouxii","Blue-footed Booby","Piquero camanay"
"Sula variegata","Peruvian Booby","Piquero peruano"
"Anhinga anhinga","Anhinga","Anhinga americana"
"Anhinga novaehollandiae","Australasian Darter","Anhinga australiana"
"Anhinga melanogaster","Oriental Darter","Anhinga asiática"
"Anhinga rufa","African Darter","Anhinga africana"
"Microcarbo pygmaeus","Pygmy Cormorant","Cormorán pigmeo"
"Microcarbo africanus","Reed Cormorant","Cormorán africano"
"Microcarbo coronatus","Crowned Cormorant","Cormorán coronado"
"Microcarbo niger","Little Cormorant","Cormorán de Java"
"Microcarbo melanoleucos","Little Pied Cormorant","Cormorán piquicorto"
"Poikilocarbo gaimardi","Red-legged Cormorant","Cormorán chuita"
"Urile penicillatus","Brandt's Cormorant","Cormorán sargento"
"Urile urile","Red-faced Cormorant","Cormorán carirrojo"
"Urile pelagicus","Pelagic Cormorant","Cormorán pelágico"
"Urile perspicillatus","Spectacled Cormorant","Cormorán de anteojos"
"Phalacrocorax neglectus","Bank Cormorant","Cormorán de bajío"
"Phalacrocorax nigrogularis","Socotra Cormorant","Cormorán de Socotora"
"Phalacrocorax featherstoni","Pitt Shag","Cormorán de la Pitt"
"Phalacrocorax punctatus","Spotted Shag","Cormorán moteado"
"Phalacrocorax fuscescens","Black-faced Cormorant","Cormorán carinegro"
"Phalacrocorax varius","Australian Pied Cormorant","Cormorán pío"
"Phalacrocorax sulcirostris","Little Black Cormorant","Cormorán totinegro"
"Phalacrocorax fuscicollis","Indian Cormorant","Cormorán indio"
"Phalacrocorax capensis","Cape Cormorant","Cormorán de El Cabo"
"Phalacrocorax capillatus","Japanese Cormorant","Cormorán japonés"
"Phalacrocorax carbo","Great Cormorant","Cormorán grande"
"Gulosus aristotelis","European Shag","Cormorán moñudo"
"Nannopterum harrisi","Flightless Cormorant","Cormorán mancón"
"Nannopterum brasilianum","Neotropic Cormorant","Cormorán biguá"
"Nannopterum auritum","Double-crested Cormorant","Cormorán orejudo"
"Leucocarbo magellanicus","Rock Shag","Cormorán magallánico"
"Leucocarbo bougainvilliorum","Guanay Cormorant","Cormorán guanay"
"Leucocarbo ranfurlyi","Bounty Shag","Cormorán de las Bounty"
"Leucocarbo carunculatus","New Zealand King Shag","Cormorán carunculado"
"Leucocarbo onslowi","Chatham Islands Shag","Cormorán de las Chatham"
"Leucocarbo chalconotus","Stewart Island Shag","Cormorán de la Stewart"
"Leucocarbo colensoi","Auckland Shag","Cormorán de las Auckland"
"Leucocarbo campbelli","Campbell Shag","Cormorán de la Campbell"
"Leucocarbo atriceps","Imperial Shag","Cormorán imperial"
"Threskiornis aethiopicus","African Sacred Ibis","Ibis sagrado"
"Threskiornis bernieri","Malagasy Sacred Ibis","Ibis malgache"
"Threskiornis solitarius","Reunion Ibis","Ibis de Reunión"
"Threskiornis melanocephalus","Black-headed Ibis","Ibis oriental"
"Threskiornis molucca","Australian White Ibis","Ibis moluqueño"
"Threskiornis spinicollis","Straw-necked Ibis","Ibis tornasolado"
"Pseudibis papillosa","Red-naped Ibis","Ibis verrugoso"
"Pseudibis davisoni","White-shouldered Ibis","Ibis de Davison"
"Pseudibis gigantea","Giant Ibis","Ibis gigante"
"Geronticus eremita","Northern Bald Ibis","Ibis eremita"
"Geronticus calvus","Southern Bald Ibis","Ibis calvo"
"Nipponia nippon","Crested Ibis","Ibis nipón"
"Bostrychia olivacea","Olive Ibis","Ibis oliváceo"
"Bostrychia bocagei","Sao Tome Ibis","Ibis enano"
"Bostrychia rara","Spot-breasted Ibis","Ibis moteado"
"Bostrychia hagedash","Hadada Ibis","Ibis hadada"
"Bostrychia carunculata","Wattled Ibis","Ibis carunculado"
"Theristicus caerulescens","Plumbeous Ibis","Bandurria mora"
"Theristicus caudatus","Buff-necked Ibis","Bandurria común"
"Theristicus melanopis","Black-faced Ibis","Bandurria acollarada austral"
"Theristicus branickii","Andean Ibis","Bandurria acollarada andina"
"Cercibis oxycerca","Sharp-tailed Ibis","Ibis rabudo"
"Mesembrinibis cayennensis","Green Ibis","Ibis verde"
"Phimosus infuscatus","Bare-faced Ibis","Ibis afeitado"
"Eudocimus albus","American White Ibis","Corocoro blanco"
"Eudocimus ruber","Scarlet Ibis","Corocoro rojo"
"Plegadis falcinellus","Glossy Ibis","Morito común"
"Plegadis chihi","White-faced Ibis","Morito cariblanco"
"Plegadis ridgwayi","Puna Ibis","Morito de la puna"
"Lophotibis cristata","Madagascar Ibis","Ibis crestado"
"Platalea leucorodia","Eurasian Spoonbill","Espátula común"
"Platalea minor","Black-faced Spoonbill","Espátula menor"
"Platalea alba","African Spoonbill","Espátula africana"
"Platalea regia","Royal Spoonbill","Espátula real"
"Platalea flavipes","Yellow-billed Spoonbill","Espátula piquigualda"
"Platalea ajaja","Roseate Spoonbill","Espátula rosada"
"Tigriornis leucolopha","White-crested Tiger Heron","Avetigre africana"
"Tigrisoma lineatum","Rufescent Tiger Heron","Avetigre colorada"
"Tigrisoma mexicanum","Bare-throated Tiger Heron","Avetigre mejicana"
"Tigrisoma fasciatum","Fasciated Tiger Heron","Avetigre oscura"
"Cochlearius cochlearius","Boat-billed Heron","Martinete cucharón"
"Agamia agami","Agami Heron","Garza agamí"
"Zebrilus undulatus","Zigzag Heron","Avetigre enana"
"Botaurus stellaris","Eurasian Bittern","Avetoro común"
"Botaurus poiciloptilus","Australasian Bittern","Avetoro australiano"
"Botaurus lentiginosus","American Bittern","Avetoro lentiginoso"
"Botaurus pinnatus","Pinnated Bittern","Avetoro mirasol"
"Botaurus involucris","Stripe-backed Bittern","Avetorillo listado"
"Botaurus exilis","Least Bittern","Avetorillo americano"
"Botaurus flavicollis","Black Bittern","Avetorillo negro"
"Botaurus cinnamomeus","Cinnamon Bittern","Avetorillo canelo"
"Botaurus eurhythmus","Von Schrenck's Bittern","Avetorillo manchú"
"Botaurus sturmii","Dwarf Bittern","Avetorillo plomizo"
"Botaurus minutus","Little Bittern","Avetorillo común"
"Botaurus sinensis","Yellow Bittern","Avetorillo chino"
"Botaurus dubius","Black-backed Bittern","Avetorillo australiano"
"Botaurus novaezelandiae","New Zealand Bittern","Avetorillo maorí"
"Nyctanassa violacea","Yellow-crowned Night Heron","Martinete coronado"
"Nyctanassa carcinocatactes","Bermuda Night Heron","Martinete de Bermudas"
"Nycticorax nycticorax","Black-crowned Night Heron","Martinete común"
"Nycticorax olsoni","Ascension Night Heron","Martinete de Ascensión"
"Nycticorax duboisi","Reunion Night Heron","Martinete de Reunión"
"Nycticorax mauritianus","Mauritius Night Heron","Martinete de Mauricio"
"Nycticorax megacephalus","Rodrigues Night Heron","Martinete de Rodríguez"
"Nycticorax caledonicus","Nankeen Night Heron","Martinete canelo"
"Gorsachius melanolophus","Malayan Night Heron","Martinete malayo"
"Gorsachius goisagi","Japanese Night Heron","Martinete japonés"
"Pilherodius pileatus","Capped Heron","Garza capirotada"
"Syrigma sibilatrix","Whistling Heron","Garza chiflona"
"Egretta caerulea","Little Blue Heron","Garceta azul"
"Egretta tricolor","Tricolored Heron","Garceta tricolor"
"Egretta rufescens","Reddish Egret","Garceta rojiza"
"Egretta vinaceigula","Slaty Egret","Garceta gorjirroja"
"Egretta ardesiaca","Black Heron","Garceta azabache"
"Egretta sacra","Pacific Reef Heron","Garceta de arrecife"
"Egretta eulophotes","Chinese Egret","Garceta china"
"Egretta thula","Snowy Egret","Garceta nívea"
"Egretta garzetta","Little Egret","Garceta común"
"Egretta gularis","Western Reef Heron","Garceta dimorfa"
"Egretta picata","Pied Heron","Garceta pía"
"Egretta novaehollandiae","White-faced Heron","Garceta cariblanca"
"Calherodius leuconotus","White-backed Night Heron","Martinete encapuchado"
"Oroanassa magnifica","White-eared Night Heron","Martinete magnífico"
"Butorides atricapilla","Little Heron",NA
"Butorides striata","Striated Heron","Garcita verdosa"
"Butorides sundevalli","Lava Heron","Garcilla de Lava"
"Butorides virescens","Green Heron","Garcilla Verde"
"Zonerodius heliosylus","Forest Bittern","Avetigre papúa"
"Ardeola rufiventris","Rufous-bellied Heron","Garcilla ventrirroja"
"Ardeola ralloides","Squacco Heron","Garcilla cangrejera"
"Ardeola idae","Malagasy Pond Heron","Garcilla malgache"
"Ardeola grayii","Indian Pond Heron","Garcilla india"
"Ardeola bacchus","Chinese Pond Heron","Garcilla china"
"Ardeola speciosa","Javan Pond Heron","Garcilla indonesia"
"Ardea pacifica","White-necked Heron","Garza cuelliblanca"
"Ardea alba","Great Egret","Garceta grande"
"Ardea brachyrhyncha","Yellow-billed Egret","Garceta piquicorta"
"Ardea intermedia","Medium Egret","Garceta intermedia"
"Ardea plumifera","Plumed Egret","Garceta plumífera"
"Ardea ibis","Western Cattle Egret","Garcilla bueyera occidental"
"Ardea coromanda","Eastern Cattle Egret","Garcilla bueyera oriental"
"Ardea cinerea","Grey Heron","Garza real"
"Ardea herodias","Great Blue Heron","Garza azulada"
"Ardea cocoi","Cocoi Heron","Garza cuca"
"Ardea purpurea","Purple Heron","Garza imperial"
"Ardea humbloti","Humblot's Heron","Garza malgache"
"Ardea insignis","White-bellied Heron","Garza ventriblanca"
"Ardea sumatrana","Great-billed Heron","Garza de Sumatra"
"Ardea melanocephala","Black-headed Heron","Garza cabecinegra"
"Ardea goliath","Goliath Heron","Garza goliat"
"Scopus umbretta","Hamerkop","Avemartillo"
"Balaeniceps rex","Shoebill","Picozapato"
"Pelecanus onocrotalus","Great White Pelican","Pelícano común"
"Pelecanus rufescens","Pink-backed Pelican","Pelícano rosado"
"Pelecanus philippensis","Spot-billed Pelican","Pelícano oriental"
"Pelecanus crispus","Dalmatian Pelican","Pelícano ceñudo"
"Pelecanus conspicillatus","Australian Pelican","Pelícano australiano"
"Pelecanus erythrorhynchos","American White Pelican","Pelícano norteamericano"
"Pelecanus occidentalis","Brown Pelican","Pelícano pardo"
"Pelecanus thagus","Peruvian Pelican","Pelícano alcatraz"
"Opisthocomus hoazin","Hoatzin","Hoazín"
"Gymnogyps californianus","California Condor","Cóndor californiano"
"Sarcoramphus papa","King Vulture","Zopilote rey"
"Vultur gryphus","Andean Condor","Cóndor andino"
"Coragyps atratus","Black Vulture","Zopilote negro"
"Cathartes aura","Turkey Vulture","Aura gallipavo"
"Cathartes burrovianus","Lesser Yellow-headed Vulture","Aura sabanera"
"Cathartes melambrotus","Greater Yellow-headed Vulture","Aura selvática"
"Sagittarius serpentarius","Secretarybird","Secretario"
"Pandion haliaetus","Osprey","Águila pescadora"
"Gampsonyx swainsonii","Pearl Kite","Elanio enano"
"Chelictinia riocourii","Scissor-tailed Kite","Elanio golondrina"
"Elanus leucurus","White-tailed Kite","Elanio maromero"
"Elanus caeruleus","Black-winged Kite","Elanio común"
"Elanus axillaris","Black-shouldered Kite","Elanio australiano"
"Elanus scriptus","Letter-winged Kite","Elanio escrito"
"Polyboroides typus","African Harrier-Hawk","Aguilucho caricalvo común"
"Polyboroides radiatus","Madagascar Harrier-Hawk","Aguilucho caricalvo malgache"
"Gypohierax angolensis","Palm-nut Vulture","Buitre palmero"
"Gypaetus barbatus","Bearded Vulture","Quebrantahuesos"
"Neophron percnopterus","Egyptian Vulture","Alimoche común"
"Eutriorchis astur","Madagascar Serpent Eagle","Culebrera azor"
"Chondrohierax uncinatus","Hook-billed Kite","Milano picogarfio"
"Chondrohierax wilsonii","Cuban Kite","Milano de Cuba"
"Leptodon cayanensis","Grey-headed Kite","Milano cabecigrís"
"Leptodon forbesi","White-collared Kite","Milano acollarado"
"Aviceda cuculoides","African Cuckoo-Hawk","Baza africano"
"Aviceda madagascariensis","Madagascar Cuckoo-Hawk","Baza malgache"
"Aviceda jerdoni","Jerdon's Baza","Baza oriental"
"Aviceda subcristata","Pacific Baza","Baza australiano"
"Aviceda leuphotes","Black Baza","Baza negro"
"Pernis apivorus","European Honey Buzzard","Abejero europeo"
"Pernis ptilorhynchus","Crested Honey Buzzard","Abejero oriental"
"Pernis celebensis","Barred Honey Buzzard","Abejero de Célebes"
"Pernis steerei","Philippine Honey Buzzard","Abejero de Filipinas"
"Elanoides forficatus","Swallow-tailed Kite","Elanio tijereta"
"Hamirostra melanosternon","Black-breasted Buzzard","Milano pechinegro"
"Lophoictinia isura","Square-tailed Kite","Milano colicuadrado"
"Henicopernis longicauda","Long-tailed Honey Buzzard","Milano colilargo"
"Henicopernis infuscatus","Black Honey Buzzard","Milano de Nueva Bretaña"
"Sarcogyps calvus","Red-headed Vulture","Buitre cabecirrojo"
"Trigonoceps occipitalis","White-headed Vulture","Buitre cabeciblanco"
"Aegypius monachus","Cinereous Vulture","Buitre negro"
"Torgos tracheliotos","Lappet-faced Vulture","Buitre orejudo"
"Necrosyrtes monachus","Hooded Vulture","Alimoche sombrío"
"Gyps himalayensis","Himalayan Vulture","Buitre del Himalaya"
"Gyps bengalensis","White-rumped Vulture","Buitre dorsiblanco bengalí"
"Gyps africanus","White-backed Vulture","Buitre dorsiblanco africano"
"Gyps indicus","Indian Vulture","Buitre indio"
"Gyps tenuirostris","Slender-billed Vulture","Buitre picofino"
"Gyps coprotheres","Cape Vulture","Buitre de El Cabo"
"Gyps rueppelli","Rüppell's Vulture","Buitre moteado"
"Gyps fulvus","Griffon Vulture","Buitre leonado"
"Spilornis klossi","Great Nicobar Serpent Eagle","Culebrera de Nicobar"
"Spilornis rufipectus","Sulawesi Serpent Eagle","Culebrera de Célebes"
"Spilornis kinabaluensis","Mountain Serpent Eagle","Culebrera del Kinabalu"
"Spilornis cheela","Crested Serpent Eagle","Culebrera chiíla"
"Spilornis holospilus","Philippine Serpent Eagle","Culebrera filipina"
"Spilornis elgini","Andaman Serpent Eagle","Culebrera de Andamán"
"Pithecophaga jefferyi","Philippine Eagle","Águila monera"
"Terathopius ecaudatus","Bateleur","Águila volatinera"
"Circaetus cinerascens","Western Banded Snake Eagle","Culebrera coliblanca"
"Circaetus fasciolatus","Southern Banded Snake Eagle","Culebrera barrada"
"Circaetus spectabilis","Congo Serpent Eagle","Culebrera congoleña"
"Circaetus beaudouini","Beaudouin's Snake Eagle","Culebrera sudanesa"
"Circaetus pectoralis","Black-chested Snake Eagle","Culebrera pechinegra"
"Circaetus gallicus","Short-toed Snake Eagle","Culebrera europea"
"Circaetus cinereus","Brown Snake Eagle","Culebrera sombría"
"Macheiramphus alcinus","Bat Hawk","Milano murcielaguero"
"Harpyopsis novaeguineae","Papuan Eagle","Arpía papúa"
"Morphnus guianensis","Crested Eagle","Arpía menor"
"Harpia harpyja","Harpy Eagle","Arpía mayor"
"Stephanoaetus coronatus","Crowned Eagle","Águila coronada"
"Nisaetus nanus","Wallace's Hawk-Eagle","Águila de Wallace"
"Nisaetus kelaarti","Legge's Hawk-Eagle","Aguila-azor de Ceilán"
"Nisaetus nipalensis","Mountain Hawk-Eagle","Águila montañesa"
"Nisaetus alboniger","Blyth's Hawk-Eagle","Águila indonesia"
"Nisaetus bartelsi","Javan Hawk-Eagle","Águila de Java"
"Nisaetus lanceolatus","Sulawesi Hawk-Eagle","Águila de Célebes"
"Nisaetus pinskeri","Pinsker's Hawk-Eagle","Águila de Pinsker"
"Nisaetus philippensis","Philippine Hawk-Eagle","Águila filipina"
"Nisaetus cirrhatus","Changeable Hawk-Eagle","Águila variable"
"Nisaetus floris","Flores Hawk-Eagle","Águila de Flores"
"Spizaetus tyrannus","Black Hawk-Eagle","Águila negra"
"Spizaetus melanoleucus","Black-and-white Hawk-Eagle","Águila blanquinegra"
"Spizaetus ornatus","Ornate Hawk-Eagle","Águila galana"
"Spizaetus isidori","Black-and-chestnut Eagle","Águila poma"
"Lophotriorchis kienerii","Rufous-bellied Eagle","Águila ventrirroja"
"Polemaetus bellicosus","Martial Eagle","Águila marcial"
"Lophaetus occipitalis","Long-crested Eagle","Águila crestilarga"
"Ictinaetus malaiensis","Black Eagle","Águila milana"
"Clanga hastata","Indian Spotted Eagle","Águila india"
"Clanga pomarina","Lesser Spotted Eagle","Águila pomerana"
"Clanga clanga","Greater Spotted Eagle","Águila moteada"
"Hieraaetus wahlbergi","Wahlberg's Eagle","Águila de Wahlberg"
"Hieraaetus ayresii","Ayres's Hawk-Eagle","Águila de Ayres"
"Hieraaetus weiskei","Pygmy Eagle","Águila papúa"
"Hieraaetus pennatus","Booted Eagle","Águila calzada"
"Hieraaetus morphnoides","Little Eagle","Águila chica"
"Aquila nipalensis","Steppe Eagle","Águila esteparia"
"Aquila rapax","Tawny Eagle","Águila rapaz"
"Aquila adalberti","Spanish Imperial Eagle","Águila imperial ibérica"
"Aquila heliaca","Eastern Imperial Eagle","Águila imperial oriental"
"Aquila africana","Cassin's Hawk-Eagle","Águila congoleña"
"Aquila chrysaetos","Golden Eagle","Águila real"
"Aquila fasciata","Bonelli's Eagle","Águila perdicera"
"Aquila spilogaster","African Hawk-Eagle","Águila estriada"
"Aquila verreauxii","Verreaux's Eagle","Águila cafre"
"Aquila gurneyi","Gurney's Eagle","Águila moluqueña"
"Aquila audax","Wedge-tailed Eagle","Águila audaz"
"Lophospiza trivirgata","Crested Goshawk","Azor moñudo"
"Lophospiza griseiceps","Sulawesi Goshawk","Gavilán de Célebes"
"Micronisus gabar","Gabar Goshawk","Gavilán gabar"
"Urotriorchis macrourus","Long-tailed Hawk","Azor rabilargo"
"Melierax metabates","Dark Chanting Goshawk","Azor lagartijero oscuro"
"Melierax poliopterus","Eastern Chanting Goshawk","Azor lagartijero somalí"
"Melierax canorus","Pale Chanting Goshawk","Azor lagartijero claro"
"Kaupifalco monogrammicus","Lizard Buzzard","Busardo gavilán"
"Aerospiza castanilius","Chestnut-flanked Sparrowhawk","Gavilán flanquirrojo"
"Aerospiza tachiro","African Goshawk","Azor tachiro"
"Tachyspiza erythropus","Red-thighed Sparrowhawk","Gavilancito patirrojo"
"Tachyspiza minulla","Little Sparrowhawk","Gavilancito chico"
"Tachyspiza virgata","Besra","Gavilán besra"
"Tachyspiza nanus","Dwarf Sparrowhawk","Gavilancito de Célebes"
"Tachyspiza erythrauchen","Rufous-necked Sparrowhawk","Gavilancito moluqueño"
"Tachyspiza cirrocephala","Collared Sparrowhawk","Gavilán acollarado"
"Tachyspiza brachyura","New Britain Sparrowhawk","Gavilancito de Nueva Bretaña"
"Tachyspiza rhodogaster","Vinous-breasted Sparrowhawk","Gavilán pechirrojo"
"Tachyspiza gularis","Japanese Sparrowhawk","Gavilancito japonés"
"Tachyspiza brevipes","Levant Sparrowhawk","Gavilán griego"
"Tachyspiza badia","Shikra","Gavilán chikra"
"Tachyspiza butleri","Nicobar Sparrowhawk","Gavilán de Nicobar"
"Tachyspiza soloensis","Chinese Sparrowhawk","Gavilán ranero"
"Tachyspiza francesiae","Frances's Sparrowhawk","Gavilán de Frances"
"Tachyspiza trinotata","Spot-tailed Sparrowhawk","Gavilán colipinto"
"Tachyspiza poliocephala","Grey-headed Goshawk","Gavilán cabecigrís"
"Tachyspiza princeps","New Britain Goshawk","Azor de Nueva Bretaña"
"Tachyspiza novaehollandiae","Grey Goshawk","Azor gris"
"Tachyspiza hiogaster","Variable Goshawk","Azor variable"
"Tachyspiza imitator","Imitator Goshawk","Gavilán imitador"
"Tachyspiza melanochlamys","Black-mantled Goshawk","Gavilán rufinegro"
"Tachyspiza albogularis","Pied Goshawk","Gavilán pío"
"Tachyspiza rufitorques","Fiji Goshawk","Gavilán de las Fiji"
"Tachyspiza henicogramma","Moluccan Goshawk","Azor moluqueño"
"Tachyspiza luteoschistacea","Slaty-mantled Goshawk","Gavilán de Nueva Bretaña"
"Tachyspiza haplochroa","White-bellied Goshawk","Gavilán de Nueva Caledonia"
"Tachyspiza fasciata","Brown Goshawk","Azor australiano"
"Erythrotriorchis buergersi","Chestnut-shouldered Goshawk","Azor de Bürgers"
"Erythrotriorchis radiatus","Red Goshawk","Azor rojo"
"Accipiter poliogaster","Grey-bellied Hawk","Azor ventrigrís"
"Accipiter ovampensis","Ovambo Sparrowhawk","Gavilán del Ovampo"
"Accipiter madagascariensis","Madagascar Sparrowhawk","Gavilán malgache"
"Accipiter striatus","Sharp-shinned Hawk","Gavilán americano"
"Accipiter chionogaster","White-breasted Hawk","Gavilán Ventriblanco"
"Accipiter ventralis","Plain-breasted Hawk","Gavilán Andino"
"Accipiter erythronemius","Rufous-thighed Hawk","Gavilán Muslirrufo"
"Accipiter nisus","Eurasian Sparrowhawk","Gavilán común"
"Accipiter rufiventris","Rufous-breasted Sparrowhawk","Gavilán papirrufo"
"Astur bicolor","Bicolored Hawk","Gavilán bicolor"
"Astur chilensis","Chilean Hawk","Gavilán Chileno"
"Astur cooperii","Cooper's Hawk","Gavilán de Cooper"
"Astur gundlachi","Gundlach's Hawk","Gavilán cubano"
"Astur gentilis","Eurasian Goshawk","Azor común"
"Astur atricapillus","American Goshawk",NA
"Astur meyerianus","Meyer's Goshawk","Azor de Meyer"
"Astur melanoleucus","Black Sparrowhawk","Azor blanquinegro"
"Astur henstii","Henst's Goshawk","Azor malgache"
"Megatriorchis doriae","Doria's Hawk","Azor de Doria"
"Circus assimilis","Spotted Harrier","Aguilucho moteado"
"Circus macrourus","Pallid Harrier","Aguilucho papialbo"
"Circus maurus","Black Harrier","Aguilucho negro"
"Circus cyaneus","Hen Harrier","Aguilucho pálido"
"Circus hudsonius","Northern Harrier","Aguilucho de Hudson"
"Circus cinereus","Cinereous Harrier","Aguilucho vari"
"Circus buffoni","Long-winged Harrier","Aguilucho de Azara"
"Circus pygargus","Montagu's Harrier","Aguilucho cenizo"
"Circus melanoleucos","Pied Harrier","Aguilucho pío"
"Circus aeruginosus","Western Marsh Harrier","Aguilucho lagunero occidental"
"Circus ranivorus","African Marsh Harrier","Aguilucho lagunero etiópico"
"Circus spilonotus","Eastern Marsh Harrier","Aguilucho lagunero oriental"
"Circus spilothorax","Papuan Harrier","Aguilucho lagunero papú"
"Circus approximans","Swamp Harrier","Aguilucho lagunero del Pacífico"
"Circus macrosceles","Malagasy Harrier","Aguilucho lagunero malgache"
"Circus maillardi","Reunion Harrier","Aguilucho lagunero de Reunión"
"Microspizias superciliosus","Tiny Hawk","Gavilancito americano"
"Microspizias collaris","Semicollared Hawk","Gavilancito torcaz"
"Harpagus bidentatus","Double-toothed Kite","Milano bidentado"
"Harpagus diodon","Rufous-thighed Kite","Milano muslirrufo"
"Milvus milvus","Red Kite","Milano real"
"Milvus migrans","Black Kite","Milano negro"
"Haliastur indus","Brahminy Kite","Milano brahmán"
"Haliastur sphenurus","Whistling Kite","Milano silbador"
"Haliaeetus pelagicus","Steller's Sea Eagle","Pigargo gigante"
"Haliaeetus leucoryphus","Pallas's Fish Eagle","Pigargo de Pallas"
"Haliaeetus albicilla","White-tailed Eagle","Pigargo europeo"
"Haliaeetus leucocephalus","Bald Eagle","Pigargo americano"
"Icthyophaga vocifer","African Fish Eagle","Pigargo vocinglero"
"Icthyophaga vociferoides","Madagascar Fish Eagle","Pigargo malgache"
"Icthyophaga leucogaster","White-bellied Sea Eagle","Pigargo oriental"
"Icthyophaga sanfordi","Sanford's Sea Eagle","Pigargo de las Salomón"
"Icthyophaga humilis","Lesser Fish Eagle","Pigarguillo menor"
"Icthyophaga ichthyaetus","Grey-headed Fish Eagle","Pigarguillo común"
"Butastur liventer","Rufous-winged Buzzard","Busardo alirrufo"
"Butastur rufipennis","Grasshopper Buzzard","Busardo langostero"
"Butastur teesa","White-eyed Buzzard","Busardo tisa"
"Butastur indicus","Grey-faced Buzzard","Busardo carigrís"
"Ictinia mississippiensis","Mississippi Kite","Elanio del Misisipi"
"Ictinia plumbea","Plumbeous Kite","Elanio plomizo"
"Geranospiza caerulescens","Crane Hawk","Azor zancón"
"Busarellus nigricollis","Black-collared Hawk","Busardo colorado"
"Rostrhamus sociabilis","Snail Kite","Caracolero común"
"Helicolestes hamatus","Slender-billed Kite","Caracolero plomizo"
"Morphnarchus princeps","Barred Hawk","Busardo azoreño"
"Cryptoleucopteryx plumbea","Plumbeous Hawk","Busardo plomizo"
"Buteogallus schistaceus","Slate-colored Hawk","Busardo pizarroso"
"Buteogallus anthracinus","Common Black Hawk","Busardo negro"
"Buteogallus gundlachii","Cuban Black Hawk","Busardo cubano"
"Buteogallus aequinoctialis","Rufous Crab Hawk","Busardo cangrejero"
"Buteogallus meridionalis","Savanna Hawk","Busardo sabanero"
"Buteogallus lacernulatus","White-necked Hawk","Busardo cuelliblanco"
"Buteogallus urubitinga","Great Black Hawk","Busardo urubitinga"
"Buteogallus solitarius","Solitary Eagle","Águila solitaria"
"Buteogallus coronatus","Chaco Eagle","Águila de Azara"
"Rupornis magnirostris","Roadside Hawk","Busardo caminero"
"Parabuteo unicinctus","Harris's Hawk","Busardo mixto"
"Parabuteo leucorrhous","White-rumped Hawk","Busardo culiblanco"
"Pseudastur occidentalis","Grey-backed Hawk","Busardo dorsigrís"
"Pseudastur albicollis","White Hawk","Busardo blanco"
"Pseudastur polionotus","Mantled Hawk","Busardo blanquinegro"
"Geranoaetus albicaudatus","White-tailed Hawk","Busardo coliblanco"
"Geranoaetus polyosoma","Variable Hawk","Busardo dorsirrojo"
"Geranoaetus melanoleucus","Black-chested Buzzard-Eagle","Águila mora"
"Leucopternis semiplumbeus","Semiplumbeous Hawk","Busardo semiplomizo"
"Leucopternis melanops","Black-faced Hawk","Busardo carinegro"
"Leucopternis kuhli","White-browed Hawk","Busardo cejiblanco"
"Bermuteo avivorus","Bermuda Hawk","Busardo de las Bermudas"
"Buteo plagiatus","Grey Hawk","Busardo gris norteño"
"Buteo nitidus","Grey-lined Hawk","Busardo gris meridional"
"Buteo platypterus","Broad-winged Hawk","Busardo aliancho"
"Buteo lineatus","Red-shouldered Hawk","Busardo de hombro rojo"
"Buteo ridgwayi","Ridgway's Hawk","Busardo de La Española"
"Buteo albonotatus","Zone-tailed Hawk","Busardo aura"
"Buteo solitarius","Hawaiian Hawk","Busardo hawaiano"
"Buteo albigula","White-throated Hawk","Busardo gorjiblanco"
"Buteo brachyurus","Short-tailed Hawk","Busardo colicorto"
"Buteo swainsoni","Swainson's Hawk","Busardo chapulinero"
"Buteo galapagoensis","Galapagos Hawk","Busardo de Galápagos"
"Buteo jamaicensis","Red-tailed Hawk","Busardo colirrojo"
"Buteo ventralis","Rufous-tailed Hawk","Busardo patagón"
"Buteo lagopus","Rough-legged Buzzard","Busardo calzado"
"Buteo regalis","Ferruginous Hawk","Busardo herrumbroso"
"Buteo auguralis","Red-necked Buzzard","Busardo cuellirrojo"
"Buteo augur","Augur Buzzard","Busardo augur oriental"
"Buteo rufofuscus","Jackal Buzzard","Busardo augur meridional"
"Buteo oreophilus","Mountain Buzzard","Busardo montañés"
"Buteo buteo","Common Buzzard","Busardo ratonero"
"Buteo trizonatus","Forest Buzzard","Busardo de El Cabo"
"Buteo brachypterus","Madagascar Buzzard","Busardo malgache"
"Buteo socotraensis","Socotra Buzzard","Busardo de Socotora"
"Buteo bannermani","Cape Verde Buzzard","Busardo de Cabo Verde"
"Buteo rufinus","Long-legged Buzzard","Busardo moro"
"Buteo hemilasius","Upland Buzzard","Busardo mongol"
"Buteo refectus","Himalayan Buzzard","Busardo del Himalaya"
"Buteo japonicus","Eastern Buzzard","Busardo japonés"
"Tyto tenebricosa","Greater Sooty Owl","Lechuza tenebrosa"
"Tyto multipunctata","Lesser Sooty Owl","Lechuza moteada"
"Tyto inexspectata","Minahasa Masked Owl","Lechuza de Minahassa"
"Tyto nigrobrunnea","Taliabu Masked Owl","Lechuza de la Taliabu"
"Tyto sororcula","Moluccan Masked Owl","Lechuza de las Tanimbar"
"Tyto manusi","Manus Masked Owl","Lechuza de la Manus"
"Tyto aurantia","Golden Masked Owl","Lechuza dorada"
"Tyto novaehollandiae","Australian Masked Owl","Lechuza australiana"
"Tyto rosenbergii","Sulawesi Masked Owl","Lechuza de Célebes"
"Tyto soumagnei","Red Owl","Lechuza malgache"
"Tyto alba","Western Barn Owl","Lechuza común"
"Tyto furcata","American Barn Owl",NA
"Tyto javanica","Eastern Barn Owl",NA
"Tyto deroepstorffi","Andaman Masked Owl","Lechuza de Andamán"
"Tyto glaucops","Ashy-faced Owl","Lechuza de La Española"
"Tyto capensis","African Grass Owl","Lechuza de El Cabo"
"Tyto longimembris","Eastern Grass Owl","Lechuza patilarga"
"Tyto prigoginei","Itombwe Owl","Lechuza del Congo"
"Phodilus badius","Oriental Bay Owl","Lechuza cornuda oriental"
"Phodilus assimilis","Sri Lanka Bay Owl","Lechuza cornuda de Ceilán"
"Uroglaux dimorpha","Papuan Hawk-Owl","Nínox halcón"
"Ninox albifacies","Laughing Owl","Nínox reidor"
"Ninox rufa","Rufous Owl","Nínox rojizo"
"Ninox strenua","Powerful Owl","Nínox robusto"
"Ninox connivens","Barking Owl","Nínox ladrador"
"Ninox rudolfi","Sumba Boobook","Nínox de Sumba grande"
"Ninox boobook","Australian Boobook","Nínox australiano"
"Ninox rotiensis","Rote Boobook","Nínox de Rote"
"Ninox fusca","Timor Boobook","Nínox de Timor"
"Ninox plesseni","Alor Boobook","Nínox de Alor"
"Ninox leucopsis","Tasmanian Boobook","Nínox tasmano"
"Ninox novaeseelandiae","Morepork","Nínox maorí"
"Ninox japonica","Northern Boobook","Nínox japonés"
"Ninox scutulata","Brown Boobook","Nínox pardo"
"Ninox obscura","Hume's Boobook","Nínox oscuro"
"Ninox randi","Chocolate Boobook","Nínox chocolate"
"Ninox affinis","Andaman Boobook","Nínox de Andamán"
"Ninox philippensis","Luzon Boobook","Nínox de Luzón"
"Ninox spilocephala","Mindanao Boobook","Nínox de Mindanao"
"Ninox leventisi","Camiguin Boobook","Nínox de Camiguín"
"Ninox reyi","Sulu Boobook","Nínox de las Sulu"
"Ninox rumseyi","Cebu Boobook","Nínox de Cebú"
"Ninox spilonotus","Romblon Boobook","Nínox de Romblón"
"Ninox mindorensis","Mindoro Boobook","Nínox de Mindoro"
"Ninox sumbaensis","Least Boobook","Nínox de Sumba chico"
"Ninox burhani","Togian Boobook","Nínox de las Togian"
"Ninox ochracea","Ochre-bellied Boobook","Nínox ocráceo"
"Ninox ios","Cinnabar Boobook","Nínox bermejo"
"Ninox hypogramma","Halmahera Boobook","Nínox de Halmahera"
"Ninox hantu","Buru Boobook","Nínox de la Buru"
"Ninox squamipila","Seram Boobook","Nínox de Seram"
"Ninox forbesi","Tanimbar Boobook","Nínox de las Tanimbar"
"Ninox natalis","Christmas Boobook","Nínox de la Christmas"
"Ninox meeki","Manus Boobook","Nínox de la Manus"
"Ninox theomacha","Papuan Boobook","Nínox papú"
"Ninox punctulata","Speckled Boobook","Nínox punteado"
"Ninox odiosa","New Britain Boobook","Nínox de Nueva Bretaña"
"Ninox variegata","New Ireland Boobook","Nínox de las Bismarck"
"Margarobyas lawrencii","Bare-legged Owl","Autillo cubano"
"Taenioptynx brodiei","Collared Owlet","Mochuelo acollarado"
"Taenioptynx sylvaticus","Sunda Owlet","Mochuelo de la Sonda"
"Micrathene whitneyi","Elf Owl","Mochuelo de los saguaros"
"Xenoglaux loweryi","Long-whiskered Owlet","Mochuelo peludo"
"Aegolius funereus","Boreal Owl","Mochuelo boreal"
"Aegolius acadicus","Northern Saw-whet Owl","Mochuelo cabezón"
"Aegolius gradyi","Bermuda Saw-whet Owl","Mochuelo de las Bermudas"
"Aegolius ridgwayi","Unspotted Saw-whet Owl","Mochuelo moreno"
"Aegolius harrisii","Buff-fronted Owl","Mochuelo canela"
"Athene blewitti","Forest Owlet","Mochuelo de Blewitt"
"Athene superciliaris","White-browed Owl","Mochuelo malgache"
"Athene cunicularia","Burrowing Owl","Mochuelo de madriguera"
"Athene noctua","Little Owl","Mochuelo europeo"
"Athene brama","Spotted Owlet","Mochuelo brahmán"
"Athene jacquinoti","West Solomons Owl","Nínox de las Salomón occidentales"
"Athene granti","Guadalcanal Owl","Nínox de Guadalcanal"
"Athene malaitae","Malaita Owl","Nínox de Malaita"
"Athene roseoaxillaris","Makira Owl","Nínox de San Cristóbal"
"Surnia ulula","Northern Hawk-Owl","Cárabo gavilán"
"Glaucidium passerinum","Eurasian Pygmy Owl","Mochuelo alpino"
"Glaucidium perlatum","Pearl-spotted Owlet","Mochuelo perlado"
"Glaucidium tephronotum","Red-chested Owlet","Mochuelo pechirrojo"
"Glaucidium sjostedti","Sjöstedt's Barred Owlet","Mochuelo del Congo"
"Glaucidium cuculoides","Asian Barred Owlet","Mochuelo cuco"
"Glaucidium castanopterum","Javan Owlet","Mochuelo de Java"
"Glaucidium radiatum","Jungle Owlet","Mochuelo de jungla"
"Glaucidium castanotum","Chestnut-backed Owlet","Mochuelo de Ceilán"
"Glaucidium capense","African Barred Owlet","Mochuelo de El Cabo"
"Glaucidium albertinum","Albertine Owlet","Mochuelo del Alberto"
"Glaucidium californicum","Northern Pygmy Owl","Mochuelo californiano"
"Glaucidium gnoma","Mountain Pygmy Owl","Mochuelo gnomo"
"Glaucidium hoskinsii","Baja Pygmy Owl","Mochuelo de Hoskins"
"Glaucidium cobanense","Guatemalan Pygmy Owl","Mochuelo guatemalteco"
"Glaucidium costaricanum","Costa Rican Pygmy Owl","Mochuelo costarricense"
"Glaucidium nubicola","Cloud-forest Pygmy Owl","Mochuelo ecuatoriano"
"Glaucidium jardinii","Andean Pygmy Owl","Mochuelo andino"
"Glaucidium bolivianum","Yungas Pygmy Owl","Mochuelo boliviano"
"Glaucidium palmarum","Colima Pygmy Owl","Mochuelo de Colima"
"Glaucidium sanchezi","Tamaulipas Pygmy Owl","Mochuelo tamaulipeco"
"Glaucidium griseiceps","Central American Pygmy Owl","Mochuelo centroamericano"
"Glaucidium parkeri","Subtropical Pygmy Owl","Mochuelo de Parker"
"Glaucidium hardyi","Amazonian Pygmy Owl","Mochuelo amazónico"
"Glaucidium minutissimum","East Brazilian Pygmy Owl","Mochuelo mínimo"
"Glaucidium mooreorum","Pernambuco Pygmy Owl","Mochuelo de Pernambuco"
"Glaucidium brasilianum","Ferruginous Pygmy Owl","Mochuelo caburé"
"Glaucidium peruanum","Pacific Pygmy Owl","Mochuelo peruano"
"Glaucidium nana","Austral Pygmy Owl","Mochuelo patagón"
"Glaucidium siju","Cuban Pygmy Owl","Mochuelo sijú"
"Otus gurneyi","Giant Scops Owl","Búho de Mindanao"
"Otus sagittatus","White-fronted Scops Owl","Autillo frentiblanco"
"Otus rufescens","Reddish Scops Owl","Autillo rojizo"
"Otus thilohoffmanni","Serendib Scops Owl","Autillo de Thilo Hoffmann"
"Otus icterorhynchus","Sandy Scops Owl","Autillo piquigualdo"
"Otus ireneae","Sokoke Scops Owl","Autillo de Sokoke"
"Otus balli","Andaman Scops Owl","Autillo de Andamán"
"Otus alfredi","Flores Scops Owl","Autillo de Flores"
"Otus spilocephalus","Mountain Scops Owl","Autillo montano"
"Otus angelinae","Javan Scops Owl","Autillo de Java"
"Otus mirus","Mindanao Scops Owl","Autillo de Mindanao"
"Otus longicornis","Luzon Scops Owl","Autillo de Luzón"
"Otus mindorensis","Mindoro Scops Owl","Autillo de Mindoro"
"Otus madagascariensis","Torotoroka Scops Owl","Autillo de Madagascar"
"Otus rutilus","Rainforest Scops Owl","Autillo malgache"
"Otus mayottensis","Mayotte Scops Owl","Autillo de la Mayotte"
"Otus pauliani","Karthala Scops Owl","Autillo de las Comoras"
"Otus capnodes","Anjouan Scops Owl","Autillo de Anjouan"
"Otus moheliensis","Moheli Scops Owl","Autillo de Moheli"
"Otus grucheti","Reunion Scops Owl","Lechuza de Reunión"
"Otus sauzieri","Mauritius Scops Owl","Lechuza de Mauricio"
"Otus murivorus","Rodrigues Scops Owl","Lechuza de Rodríguez"
"Otus brucei","Pallid Scops Owl","Autillo persa"
"Otus pamelae","Arabian Scops Owl","Autillo árabe"
"Otus scops","Eurasian Scops Owl","Autillo europeo"
"Otus cyprius","Cyprus Scops Owl","Autillo chipriota"
"Otus bikegila","Principe Scops Owl",NA
"Otus pembaensis","Pemba Scops Owl","Autillo de Pemba"
"Otus hartlaubi","Sao Tome Scops Owl","Autillo de Santo Tomé"
"Otus senegalensis","African Scops Owl","Autillo africano"
"Otus feae","Annobon Scops Owl","Autillo de Annobón"
"Otus socotranus","Socotra Scops Owl","Autillo de Socotora"
"Otus sunia","Oriental Scops Owl","Autillo oriental"
"Otus elegans","Ryukyu Scops Owl","Autillo elegante"
"Otus magicus","Moluccan Scops Owl","Autillo moluqueño"
"Otus tempestatis","Wetar Scops Owl","Autillo de Wetar"
"Otus sulaensis","Sula Scops Owl","Autillo de Sula"
"Otus beccarii","Biak Scops Owl","Autillo de Biak"
"Otus manadensis","Sulawesi Scops Owl","Autillo de Célebes"
"Otus mendeni","Banggai Scops Owl","Autillo de Banggai"
"Otus siaoensis","Siau Scops Owl","Autillo de Siau"
"Otus collari","Sangihe Scops Owl","Autillo de la Sangihe"
"Otus mantananensis","Mantanani Scops Owl","Autillo de la Mantanani"
"Otus insularis","Seychelles Scops Owl","Autillo de Seychelles"
"Otus alius","Nicobar Scops Owl","Autillo de Nicobar"
"Otus umbra","Simeulue Scops Owl","Autillo de la Simeulue"
"Otus enganensis","Enggano Scops Owl","Autillo de la Enggano"
"Otus mentawi","Mentawai Scops Owl","Autillo de las Mentawai"
"Otus brookii","Rajah Scops Owl","Autillo rajá"
"Otus bakkamoena","Indian Scops Owl","Autillo indio"
"Otus lettia","Collared Scops Owl","Autillo chino"
"Otus semitorques","Japanese Scops Owl","Autillo japonés"
"Otus lempiji","Sunda Scops Owl","Autillo de la Sonda"
"Otus megalotis","Philippine Scops Owl","Autillo orejudo de Luzón"
"Otus nigrorum","Negros Scops Owl","Autillo orejudo de Negros"
"Otus everetti","Everett's Scops Owl","Autillo orejudo de Mindanao"
"Otus fuliginosus","Palawan Scops Owl","Autillo de Palawan"
"Otus silvicola","Wallace's Scops Owl","Autillo de Wallace"
"Otus jolandae","Rinjani Scops Owl","Autillo de Rinjani"
"Otus podarginus","Palau Scops Owl","Autillo de las Palau"
"Ptilopsis leucotis","Northern White-faced Owl","Autillo cariblanco norteño"
"Ptilopsis granti","Southern White-faced Owl","Autillo cariblanco sureño"
"Asio grammicus","Jamaican Owl","Búho jamaicano"
"Asio clamator","Striped Owl","Búho gritón"
"Asio otus","Long-eared Owl","Búho chico"
"Asio abyssinicus","Abyssinian Owl","Búho abisinio"
"Asio madagascariensis","Madagascar Owl","Búho malgache"
"Asio stygius","Stygian Owl","Búho negruzco"
"Asio flammeus","Short-eared Owl","Búho campestre"
"Asio capensis","Marsh Owl","Búho moro"
"Asio solomonensis","Fearful Owl","Búho de las Salomón"
"Jubula lettii","Maned Owl","Búho de crin"
"Bubo scandiacus","Snowy Owl","Búho nival"
"Bubo virginianus","Great Horned Owl","Búho americano"
"Bubo nigrescens","Paramo Horned Owl",NA
"Bubo nacurutu","Tropical Horned Owl",NA
"Bubo magellanicus","Lesser Horned Owl","Búho magallánico"
"Bubo bubo","Eurasian Eagle-Owl","Búho real"
"Bubo bengalensis","Indian Eagle-Owl","Búho bengalí"
"Bubo ascalaphus","Pharaoh Eagle-Owl","Búho desértico"
"Bubo capensis","Cape Eagle-Owl","Búho de El Cabo"
"Bubo milesi","Arabian Eagle-Owl","Búho árabe"
"Bubo cinerascens","Greyish Eagle-Owl","Búho ceniciento"
"Bubo africanus","Spotted Eagle-Owl","Búho africano"
"Ketupa poensis","Fraser's Eagle-Owl","Búho de Guinea"
"Ketupa leucosticta","Akun Eagle-Owl","Búho de Akún"
"Ketupa lactea","Verreaux's Eagle-Owl","Búho lechoso"
"Ketupa shelleyi","Shelley's Eagle-Owl","Búho barrado"
"Ketupa blakistoni","Blakiston's Fish Owl","Búho manchú"
"Ketupa zeylonensis","Brown Fish Owl","Búho pescador de Ceilán"
"Ketupa flavipes","Tawny Fish Owl","Búho pescador leonado"
"Ketupa ketupu","Buffy Fish Owl","Búho pescador malayo"
"Ketupa sumatrana","Barred Eagle-Owl","Búho malayo"
"Ketupa nipalensis","Spot-bellied Eagle-Owl","Búho nepalí"
"Ketupa coromanda","Dusky Eagle-Owl","Búho de Coromandel"
"Ketupa philippensis","Philippine Eagle-Owl","Búho filipino"
"Scotopelia peli","Pel's Fishing Owl","Cárabo pescador común"
"Scotopelia ussheri","Rufous Fishing Owl","Cárabo pescador rojizo"
"Scotopelia bouvieri","Vermiculated Fishing Owl","Cárabo pescador vermiculado"
"Psiloscops flammeolus","Flammulated Owl","Autillo flamulado"
"Gymnasio nudipes","Puerto Rican Owl","Autillo puertorriqueño"
"Megascops trichopsis","Whiskered Screech Owl","Autillo bigotudo"
"Megascops clarkii","Bare-shanked Screech Owl","Autillo serrano"
"Megascops albogularis","White-throated Screech Owl","Autillo gorjiblanco"
"Megascops choliba","Tropical Screech Owl","Autillo chóliba"
"Megascops barbarus","Bearded Screech Owl","Autillo barbudo"
"Megascops cooperi","Pacific Screech Owl","Autillo de manglar"
"Megascops kennicottii","Western Screech Owl","Autillo californiano"
"Megascops asio","Eastern Screech Owl","Autillo yanqui"
"Megascops seductus","Balsas Screech Owl","Autillo del Balsas"
"Megascops guatemalae","Middle American Screech Owl","Autillo guatemalteco"
"Megascops koepckeae","Koepcke's Screech Owl","Autillo de Koepcke"
"Megascops ingens","Rufescent Screech Owl","Autillo pálido"
"Megascops petersoni","Cinnamon Screech Owl","Autillo de Peterson"
"Megascops marshalli","Cloud-forest Screech Owl","Autillo de Marshall"
"Megascops hoyi","Yungas Screech Owl","Autillo fresco"
"Megascops centralis","Choco Screech Owl","Autillo de Chocó"
"Megascops roraimae","Foothill Screech Owl","Autillo de Roraima"
"Megascops sanctaecatarinae","Long-tufted Screech Owl","Autillo de Santa Catarina"
"Megascops gilesi","Santa Marta Screech Owl","Autillo de Santa Marta"
"Megascops roboratus","West Peruvian Screech Owl","Autillo peruano"
"Megascops watsonii","Tawny-bellied Screech Owl","Autillo del Amazonas"
"Megascops atricapilla","Black-capped Screech Owl","Autillo capirotado"
"Pulsatrix perspicillata","Spectacled Owl","Lechuzón de anteojos"
"Pulsatrix koeniswaldiana","Tawny-browed Owl","Lechuzón acollarado chico"
"Pulsatrix melanota","Band-bellied Owl","Lechuzón acollarado grande"
"Lophostrix cristata","Crested Owl","Búho corniblanco"
"Strix seloputo","Spotted Wood Owl","Cárabo de las pagodas"
"Strix ocellata","Mottled Wood Owl","Cárabo ocelado"
"Strix leptogrammica","Brown Wood Owl","Cárabo oriental"
"Strix aluco","Tawny Owl","Cárabo común"
"Strix mauritanica","Maghreb Owl","Cárabo del Magreb"
"Strix nivicolum","Himalayan Owl","Cárabo del Himalaya"
"Strix hadorami","Desert Owl","Cárabo árabe"
"Strix butleri","Omani Owl","Cárabo de Omán"
"Strix occidentalis","Spotted Owl","Cárabo californiano"
"Strix varia","Barred Owl","Cárabo norteamericano"
"Strix sartorii","Cinereous Owl","Cárabo mexicano"
"Strix fulvescens","Fulvous Owl","Cárabo guatemalteco"
"Strix hylophila","Rusty-barred Owl","Cárabo brasileño"
"Strix chacoensis","Chaco Owl","Cárabo chaqueño"
"Strix rufipes","Rufous-legged Owl","Cárabo bataraz"
"Strix uralensis","Ural Owl","Cárabo uralense"
"Strix nebulosa","Great Grey Owl","Cárabo lapón"
"Strix woodfordii","African Wood Owl","Cárabo africano"
"Strix virgata","Mottled Owl","Cárabo café"
"Strix nigrolineata","Black-and-white Owl","Cárabo blanquinegro"
"Strix huhula","Black-banded Owl","Cárabo negro"
"Strix albitarsis","Rufous-banded Owl","Cárabo patiblanco"
"Colius striatus","Speckled Mousebird","Pájaro ratón común"
"Colius leucocephalus","White-headed Mousebird","Pájaro ratón cabeciblanco"
"Colius castanotus","Red-backed Mousebird","Pájaro ratón dorsirrojo"
"Colius colius","White-backed Mousebird","Pájaro ratón dorsiblanco"
"Urocolius macrourus","Blue-naped Mousebird","Pájaro ratón nuquiazul"
"Urocolius indicus","Red-faced Mousebird","Pájaro ratón carirrojo"
"Leptosomus discolor","Cuckoo-roller","Carraca curol"
"Apaloderma narina","Narina Trogon","Trogón de Narina"
"Apaloderma aequatoriale","Bare-cheeked Trogon","Trogón carigualdo"
"Apaloderma vittatum","Bar-tailed Trogon","Trogón montano"
"Apalharpactes reinwardtii","Javan Trogon","Trogón de Java"
"Apalharpactes mackloti","Sumatran Trogon","Trogón de Sumatra"
"Harpactes fasciatus","Malabar Trogon","Trogón malabar"
"Harpactes kasumba","Red-naped Trogon","Trogón kasumba"
"Harpactes diardii","Diard's Trogon","Trogón de Diard"
"Harpactes ardens","Philippine Trogon","Trogón filipino"
"Harpactes whiteheadi","Whitehead's Trogon","Trogón de Borneo"
"Harpactes orrhophaeus","Cinnamon-rumped Trogon","Trogón canela"
"Harpactes duvaucelii","Scarlet-rumped Trogon","Trogón culirrojo"
"Harpactes oreskios","Orange-breasted Trogon","Trogón pechinaranja"
"Harpactes erythrocephalus","Red-headed Trogon","Trogón cabecirrojo"
"Harpactes wardi","Ward's Trogon","Trogón de Ward"
"Euptilotis neoxenus","Eared Quetzal","Trogón orejón"
"Pharomachrus pavoninus","Pavonine Quetzal","Quetzal pavonino"
"Pharomachrus auriceps","Golden-headed Quetzal","Quetzal cabecidorado"
"Pharomachrus mocinno","Resplendent Quetzal","Quetzal guatemalteco"
"Pharomachrus fulgidus","White-tipped Quetzal","Quetzal fúlgido"
"Pharomachrus antisianus","Crested Quetzal","Quetzal crestado"
"Priotelus temnurus","Cuban Trogon","Trogón tocororo"
"Priotelus roseigaster","Hispaniolan Trogon","Trogón de La Española"
"Trogon clathratus","Lattice-tailed Trogon","Trogón colibarrado"
"Trogon massena","Slaty-tailed Trogon","Trogón grande"
"Trogon comptus","Choco Trogon","Trogón coliazul"
"Trogon mesurus","Ecuadorian Trogon","Trogón colinegro occidental"
"Trogon melanurus","Black-tailed Trogon","Trogón colinegro común"
"Trogon melanocephalus","Black-headed Trogon","Trogón cabecinegro"
"Trogon citreolus","Citreoline Trogon","Trogón citrino"
"Trogon chionurus","White-tailed Trogon","Trogón coliblanco"
"Trogon bairdii","Baird's Trogon","Trogón de Baird"
"Trogon viridis","Green-backed Trogon","Trogón dorsiverde"
"Trogon caligatus","Gartered Trogon","Trogón violáceo"
"Trogon ramonianus","Amazonian Trogon","Trogón Amazónico"
"Trogon violaceus","Guianan Trogon","Trogón de las Guayanas"
"Trogon curucui","Blue-crowned Trogon","Trogón curucuí"
"Trogon surrucura","Surucua Trogon","Trogón surucuá meridional"
"Trogon tenellus","Northern Black-throated Trogon",NA
"Trogon cupreicauda","Choco Black-throated Trogon",NA
"Trogon rufus","Amazonian Black-throated Trogon","Trogón amarillo"
"Trogon chrysochloros","Atlantic Black-throated Trogon",NA
"Trogon ambiguus","Coppery-tailed Trogon","Trogón ambiguo"
"Trogon elegans","Elegant Trogon","Trogón elegante"
"Trogon mexicanus","Mountain Trogon","Trogón mexicano"
"Trogon collaris","Collared Trogon","Trogón acollarado"
"Trogon personatus","Masked Trogon","Trogón enmascarado"
"Upupa epops","Common Hoopoe","Abubilla común"
"Upupa marginata","Madagascar Hoopoe","Abubilla malgache"
"Upupa antaios","St. Helena Hoopoe","Abubilla Gigante"
"Phoeniculus castaneiceps","Forest Wood Hoopoe","Abubilla arbórea cabeciparda"
"Phoeniculus bollei","White-headed Wood Hoopoe","Abubilla arbórea cabeciblanca"
"Phoeniculus purpureus","Green Wood Hoopoe","Abubilla arbórea verde"
"Phoeniculus somaliensis","Black-billed Wood Hoopoe","Abubilla arbórea piquinegra"
"Phoeniculus damarensis","Violet Wood Hoopoe","Abubilla arbórea violeta"
"Rhinopomastus aterrimus","Black Scimitarbill","Abubilla arbórea negra"
"Rhinopomastus cyanomelas","Common Scimitarbill","Abubilla arbórea cimitarra"
"Rhinopomastus minor","Abyssinian Scimitarbill","Abubilla arbórea menor"
"Bucorvus abyssinicus","Abyssinian Ground Hornbill","Cálao terrestre norteño"
"Bucorvus leadbeateri","Southern Ground Hornbill","Cálao terrestre sureño"
"Tockus ruahae","Tanzanian Red-billed Hornbill","Toco de Ruaha"
"Tockus kempi","Western Red-billed Hornbill","Toco piquirrojo occidental"
"Tockus damarensis","Damara Red-billed Hornbill","Toco de Damara"
"Tockus rufirostris","Southern Red-billed Hornbill","Toco piquirrojo sureño"
"Tockus erythrorhynchus","Northern Red-billed Hornbill","Toco piquirrojo norteño"
"Tockus monteiri","Monteiro's Hornbill","Toco angoleño"
"Tockus deckeni","Von der Decken's Hornbill","Toco de Von der Decken"
"Tockus jacksoni","Jackson's Hornbill","Toco de Jackson"
"Tockus leucomelas","Southern Yellow-billed Hornbill","Toco piquigualdo sureño"
"Tockus flavirostris","Eastern Yellow-billed Hornbill","Toco piquigualdo norteño"
"Lophoceros bradfieldi","Bradfield's Hornbill","Toco de Bradfield"
"Lophoceros alboterminatus","Crowned Hornbill","Toco coronado"
"Lophoceros semifasciatus","West African Pied Hornbill","Toco blanquinegro de Guinea"
"Lophoceros fasciatus","Congo Pied Hornbill","Toco blanquinegro del Congo"
"Lophoceros hemprichii","Hemprich's Hornbill","Toco abisinio"
"Lophoceros nasutus","African Grey Hornbill","Toco piquinegro"
"Lophoceros camurus","Red-billed Dwarf Hornbill","Toco pardo"
"Lophoceros pallidirostris","Pale-billed Hornbill","Toco piquiclaro"
"Bycanistes fistulator","Piping Hornbill","Cálao silbador occidental"
"Bycanistes bucinator","Trumpeter Hornbill","Cálao trompetero"
"Bycanistes cylindricus","Brown-cheeked Hornbill","Cálao caripardo"
"Bycanistes albotibialis","White-thighed Hornbill","Cálao patiblanco"
"Bycanistes subcylindricus","Black-and-white-casqued Hornbill","Cálao carigrís"
"Bycanistes brevis","Silvery-cheeked Hornbill","Cálao cariplateado"
"Ceratogymna atrata","Black-casqued Hornbill","Cálao casquinegro"
"Ceratogymna elata","Yellow-casqued Hornbill","Cálao casquigualdo"
"Horizocerus hartlaubi","Western Dwarf Hornbill","Toco negro occidental"
"Horizocerus granti","Eastern Dwarf Hornbill","Toco negro oriental"
"Horizocerus albocristatus","Western Long-tailed Hornbill","Cálao crestiblanco occidental"
"Horizocerus cassini","Eastern Long-tailed Hornbill","Cálao crestiblanco oriental"
"Berenicornis comatus","White-crowned Hornbill","Cálao cabeciblanco"
"Buceros rhinoceros","Rhinoceros Hornbill","Cálao rinoceronte"
"Buceros bicornis","Great Hornbill","Cálao bicorne"
"Buceros hydrocorax","Rufous Hornbill","Cálao rojizo norteño"
"Rhinoplax vigil","Helmeted Hornbill","Cálao de yelmo"
"Anthracoceros marchei","Palawan Hornbill","Cálao de Palawan"
"Anthracoceros albirostris","Oriental Pied Hornbill","Cálao cariblanco"
"Anthracoceros coronatus","Malabar Pied Hornbill","Cálao coronado"
"Anthracoceros montani","Sulu Hornbill","Cálao de las Sulu"
"Anthracoceros malayanus","Black Hornbill","Cálao malayo"
"Ocyceros griseus","Malabar Grey Hornbill","Cálao gris malabar"
"Ocyceros gingalensis","Sri Lanka Grey Hornbill","Cálao gris cingalés"
"Ocyceros birostris","Indian Grey Hornbill","Cálao gris indio"
"Anorrhinus tickelli","Tickell's Brown Hornbill","Cálao pardo de Tickell"
"Anorrhinus austeni","Austen's Brown Hornbill","Cálao pardo de Austen"
"Anorrhinus galeritus","Bushy-crested Hornbill","Cálao crestado"
"Aceros nipalensis","Rufous-necked Hornbill","Cálao del Nepal"
"Rhyticeros plicatus","Blyth's Hornbill","Cálao papú"
"Rhyticeros narcondami","Narcondam Hornbill","Cálao de la Narcondam"
"Rhyticeros undulatus","Wreathed Hornbill","Cálao gorjinegro"
"Rhyticeros everetti","Sumba Hornbill","Cálao de la Sumba"
"Rhyticeros subruficollis","Plain-pouched Hornbill","Cálao gorjiclaro"
"Rhyticeros cassidix","Knobbed Hornbill","Cálao grande de Célebes"
"Rhabdotorrhinus waldeni","Walden's Hornbill","Cálao grande de Panay"
"Rhabdotorrhinus leucocephalus","Writhed Hornbill","Cálao grande de Mindanao"
"Rhabdotorrhinus exarhatus","Sulawesi Hornbill","Cálao chico de Célebes"
"Rhabdotorrhinus corrugatus","Wrinkled Hornbill","Cálao arrugado"
"Penelopides manillae","Luzon Hornbill","Cálao chico de Luzón"
"Penelopides mindorensis","Mindoro Hornbill","Cálao chico de Mindoro"
"Penelopides affinis","Mindanao Hornbill","Cálao chico de Mindanao"
"Penelopides samarensis","Samar Hornbill","Cálao chico de Samar"
"Penelopides panini","Visayan Hornbill","Cálao chico de Panay"
"Coracias naevius","Purple Roller","Carraca coroniparda"
"Coracias benghalensis","Indian Roller","Carraca india"
"Coracias affinis","Indochinese Roller","Carraca indochina"
"Coracias temminckii","Purple-winged Roller","Carraca de Célebes"
"Coracias spatulatus","Racket-tailed Roller","Carraca de raquetas"
"Coracias caudatus","Lilac-breasted Roller","Carraca lila"
"Coracias abyssinicus","Abyssinian Roller","Carraca abisinia"
"Coracias garrulus","European Roller","Carraca europea"
"Coracias cyanogaster","Blue-bellied Roller","Carraca blanquiazul"
"Eurystomus gularis","Blue-throated Roller","Carraca gorjiazul"
"Eurystomus glaucurus","Broad-billed Roller","Carraca picogorda"
"Eurystomus orientalis","Oriental Dollarbird","Carraca oriental"
"Eurystomus azureus","Azure Dollarbird","Carraca moluqueña"
"Brachypteracias leptosomus","Short-legged Ground Roller","Carraca terrestre paticorta"
"Geobiastes squamiger","Scaly Ground Roller","Carraca terrestre escamosa"
"Atelornis pittoides","Pitta-like Ground Roller","Carraca terrestre cabeciazul"
"Atelornis crossleyi","Rufous-headed Ground Roller","Carraca terrestre cabecirrufa"
"Uratelornis chimaera","Long-tailed Ground Roller","Carraca terrestre colilarga"
"Actenoides monachus","Green-backed Kingfisher","Alción monje"
"Actenoides princeps","Scaly-breasted Kingfisher","Alción príncipe"
"Actenoides bougainvillei","Moustached Kingfisher","Alción bigotudo de la Bougainville"
"Actenoides lindsayi","Spotted Wood Kingfisher","Alción moteado"
"Actenoides hombroni","Blue-capped Kingfisher","Alción de Mindanao"
"Actenoides concretus","Rufous-collared Kingfisher","Alción malayo"
"Melidora macrorrhina","Hook-billed Kingfisher","Martín cazador ganchudo"
"Lacedo pulchella","Banded Kingfisher","Martín cazador bonito"
"Tanysiptera galatea","Common Paradise Kingfisher","Alción colilargo común"
"Tanysiptera ellioti","Kofiau Paradise Kingfisher","Alción colilargo de Kofiau"
"Tanysiptera riedelii","Biak Paradise Kingfisher","Alción colilargo de Biak"
"Tanysiptera carolinae","Numfor Paradise Kingfisher","Alción colilargo de Numfor"
"Tanysiptera hydrocharis","Little Paradise Kingfisher","Alción colilargo de las Aru"
"Tanysiptera sylvia","Buff-breasted Paradise Kingfisher","Alción colilargo silvia"
"Tanysiptera nigriceps","Black-capped Paradise Kingfisher","Alción colilargo cabecinegro"
"Tanysiptera nympha","Red-breasted Paradise Kingfisher","Alción colilargo ninfa"
"Tanysiptera danae","Brown-headed Paradise Kingfisher","Alción colilargo dánae"
"Cittura cyanotis","Sulawesi Lilac Kingfisher","Martín cazador de Célebes"
"Cittura sanghirensis","Sangihe Lilac Kingfisher","Martín cazador de las Sangihe"
"Dacelo rex","Shovel-billed Kookaburra","Martín cazador picopala"
"Dacelo tyro","Spangled Kookaburra","Cucaburra escamosa"
"Dacelo gaudichaud","Rufous-bellied Kookaburra","Cucaburra ventrirrufa"
"Dacelo novaeguineae","Laughing Kookaburra","Cucaburra común"
"Dacelo leachii","Blue-winged Kookaburra","Cucaburra aliazul"
"Caridonax fulgidus","White-rumped Kingfisher","Alción culiblanco"
"Pelargopsis capensis","Stork-billed Kingfisher","Alción picocigüeña"
"Pelargopsis melanorhyncha","Great-billed Kingfisher","Alción piquinegro"
"Pelargopsis amauroptera","Brown-winged Kingfisher","Alción alipardo"
"Halcyon coromanda","Ruddy Kingfisher","Alción rojizo"
"Halcyon smyrnensis","White-throated Kingfisher","Alción de Esmirna"
"Halcyon gularis","Brown-breasted Kingfisher","Alción filipino"
"Halcyon cyanoventris","Javan Kingfisher","Alción de Java"
"Halcyon badia","Chocolate-backed Kingfisher","Alción castaño"
"Halcyon pileata","Black-capped Kingfisher","Alción capirotado"
"Halcyon leucocephala","Grey-headed Kingfisher","Alción cabeciblanco"
"Halcyon albiventris","Brown-hooded Kingfisher","Alción cabecipardo"
"Halcyon chelicuti","Striped Kingfisher","Alción estriado"
"Halcyon malimbica","Blue-breasted Kingfisher","Alción pechiazul"
"Halcyon senegalensis","Woodland Kingfisher","Alción senegalés"
"Halcyon senegaloides","Mangrove Kingfisher","Alción de manglar"
"Todiramphus nigrocyaneus","Blue-black Kingfisher","Alción oscuro"
"Todiramphus winchelli","Rufous-lored Kingfisher","Alción cuellirrojo"
"Todiramphus diops","Blue-and-white Kingfisher","Alción moluqueño"
"Todiramphus lazuli","Lazuli Kingfisher","Alción lapislázuli"
"Todiramphus macleayii","Forest Kingfisher","Alción del Macleay"
"Todiramphus albonotatus","White-mantled Kingfisher","Alción dorsiblanco"
"Todiramphus leucopygius","Ultramarine Kingfisher","Alción ultramar"
"Todiramphus farquhari","Vanuatu Kingfisher","Alción ventrirrufo"
"Todiramphus funebris","Sombre Kingfisher","Alción sombrío"
"Todiramphus chloris","Collared Kingfisher","Alción acollarado"
"Todiramphus sordidus","Torresian Kingfisher","Alción adán"
"Todiramphus colonus","Islet Kingfisher","Alción colonizador"
"Todiramphus albicilla","Mariana Kingfisher","Alción de las Marianas"
"Todiramphus tristrami","Melanesian Kingfisher","Alción de Melanesia"
"Todiramphus sacer","Pacific Kingfisher",NA
"Todiramphus enigma","Talaud Kingfisher","Alción de las Talaud"
"Todiramphus cinnamominus","Guam Kingfisher","Alción de Guam"
"Todiramphus pelewensis","Rusty-capped Kingfisher","Alción de Palau"
"Todiramphus reichenbachii","Pohnpei Kingfisher","Alción de Pohnpei"
"Todiramphus saurophagus","Beach Kingfisher","Alción lagartijero"
"Todiramphus sanctus","Sacred Kingfisher","Alción sagrado"
"Todiramphus recurvirostris","Flat-billed Kingfisher","Alción piquiplano"
"Todiramphus australasia","Cinnamon-banded Kingfisher","Alción de la Sonda"
"Todiramphus tutus","Chattering Kingfisher","Alción respetado"
"Todiramphus ruficollaris","Mewing Kingfisher","Alción de Mangaia"
"Todiramphus veneratus","Society Kingfisher","Alción venerado de Tahití"
"Todiramphus gambieri","Tuamotu Kingfisher","Alción de Mangareva"
"Todiramphus godeffroyi","Marquesan Kingfisher","Alción de las Marquesas"
"Todiramphus pyrrhopygius","Red-backed Kingfisher","Alción culirrojo"
"Syma torotoro","Yellow-billed Kingfisher","Alción torotoro"
"Syma megarhyncha","Mountain Kingfisher","Alción montano"
"Ispidina lecontei","African Dwarf Kingfisher","Martín pigmeo del Congo"
"Ispidina picta","African Pygmy Kingfisher","Martín pigmeo africano"
"Corythornis madagascariensis","Madagascar Pygmy Kingfisher","Martín pigmeo malgache"
"Corythornis leucogaster","White-bellied Kingfisher","Martín pescador ventriblanco"
"Corythornis cristatus","Malachite Kingfisher","Martín pescador malaquita"
"Corythornis vintsioides","Malagasy Kingfisher","Martín pescador malgache"
"Alcedo coerulescens","Cerulean Kingfisher","Martín pescador azulado"
"Alcedo peninsulae","Malaysian Blue-banded Kingfisher","Martín pescador bandeado de Malasia"
"Alcedo euryzona","Javan Blue-banded Kingfisher","Martín pescador bandeado de Java"
"Alcedo quadribrachys","Shining-blue Kingfisher","Martín pescador brillante"
"Alcedo meninting","Blue-eared Kingfisher","Martín pescador meninting"
"Alcedo atthis","Common Kingfisher","Martín pescador común"
"Alcedo semitorquata","Half-collared Kingfisher","Martín pescador cobalto"
"Alcedo hercules","Blyth's Kingfisher","Martín pescador hércules"
"Ceyx erithaca","Black-backed Dwarf Kingfisher","Martín pigmeo oriental"
"Ceyx rufidorsa","Rufous-backed Dwarf Kingfisher","Martín Pigmeo de Dorsorojo"
"Ceyx melanurus","Philippine Dwarf Kingfisher","Martín pigmeo de Luzón"
"Ceyx sangirensis","Sangihe Dwarf Kingfisher","Martín pigmeo de las Sangihe"
"Ceyx fallax","Sulawesi Dwarf Kingfisher","Martín pigmeo de Célebes"
"Ceyx lepidus","Moluccan Dwarf Kingfisher","Martín pigmeo de las Molucas"
"Ceyx margarethae","Dimorphic Dwarf Kingfisher","Martín pigmeo dimorfo"
"Ceyx wallacii","Sula Dwarf Kingfisher","Martín pigmeo de Sula"
"Ceyx cajeli","Buru Dwarf Kingfisher","Martín pigmeo de Buru"
"Ceyx solitarius","Papuan Dwarf Kingfisher","Martín pigmeo papú"
"Ceyx dispar","Manus Dwarf Kingfisher","Martín pigmeo de Manus"
"Ceyx mulcatus","New Ireland Dwarf Kingfisher","Martín pigmeo de Nueva Irlanda"
"Ceyx sacerdotis","New Britain Dwarf Kingfisher","Martín pigmeo de Nueva Bretaña"
"Ceyx meeki","North Solomons Dwarf Kingfisher","Martín pigmeo de Santa Isabel"
"Ceyx collectoris","New Georgia Dwarf Kingfisher","Martín pigmeo de Nueva Georgia"
"Ceyx nigromaxilla","Guadalcanal Dwarf Kingfisher","Martín pigmeo de Guadalcanal"
"Ceyx gentianus","Makira Dwarf Kingfisher","Martín pigmeo de San Cristóbal"
"Ceyx cyanopectus","Indigo-banded Kingfisher","Martín pigmeo pechiazul"
"Ceyx argentatus","Southern Silvery Kingfisher","Martín pigmeo plateado del sur"
"Ceyx flumenicola","Northern Silvery Kingfisher","Martín pigmeo plateado del norte"
"Ceyx azureus","Azure Kingfisher","Martín pescador azur"
"Ceyx websteri","Bismarck Kingfisher","Martín pescador de las Bismarck"
"Ceyx pusillus","Little Kingfisher","Martín pescador menudo"
"Chloroceryle amazona","Amazon Kingfisher","Martín pescador amazónico"
"Chloroceryle aenea","American Pygmy Kingfisher","Martín pescador enano"
"Chloroceryle americana","Green Kingfisher","Martín pescador verde"
"Chloroceryle inda","Green-and-rufous Kingfisher","Martín pescador verdirrufo"
"Megaceryle lugubris","Crested Kingfisher","Martín gigante asiático"
"Megaceryle maxima","Giant Kingfisher","Martín gigante africano"
"Megaceryle torquata","Ringed Kingfisher","Martín gigante neotropical"
"Megaceryle alcyon","Belted Kingfisher","Martín gigante norteamericano"
"Ceryle rudis","Pied Kingfisher","Martín pescador pío"
"Todus multicolor","Cuban Tody","Barrancolí cubano"
"Todus subulatus","Broad-billed Tody","Barrancolí picogrueso"
"Todus angustirostris","Narrow-billed Tody","Barrancolí picofino"
"Todus todus","Jamaican Tody","Barrancolí jamaicano"
"Todus mexicanus","Puerto Rican Tody","Barrancolí puertorriqueño"
"Hylomanes momotula","Tody Motmot","Momoto enano"
"Aspatha gularis","Blue-throated Motmot","Momoto gorjiazul"
"Momotus mexicanus","Russet-crowned Motmot","Momoto mexicano"
"Momotus coeruliceps","Blue-capped Motmot","Momoto capiazul"
"Momotus lessonii","Lesson's Motmot","Momoto diademado"
"Momotus subrufescens","Whooping Motmot","Momoto rojizo"
"Momotus bahamensis","Trinidad Motmot","Momoto de Trinidad"
"Momotus momota","Amazonian Motmot","Momoto amazónico"
"Momotus aequatorialis","Andean Motmot","Momoto serrano"
"Baryphthengus martii","Rufous Motmot","Momoto yeruvá occidental"
"Baryphthengus ruficapillus","Rufous-capped Motmot","Momoto yeruvá oriental"
"Electron carinatum","Keel-billed Motmot","Momoto carenado"
"Electron platyrhynchum","Broad-billed Motmot","Momoto picoancho"
"Eumomota superciliosa","Turquoise-browed Motmot","Momoto cejiazul"
"Nyctyornis amictus","Red-bearded Bee-eater","Abejaruco barbirrojo"
"Nyctyornis athertoni","Blue-bearded Bee-eater","Abejaruco barbiazul"
"Meropogon forsteni","Purple-bearded Bee-eater","Abejaruco de Célebes"
"Merops breweri","Black-headed Bee-eater","Abejaruco cabecinegro"
"Merops muelleri","Blue-headed Bee-eater","Abejaruco cabeciazul oriental"
"Merops mentalis","Blue-moustached Bee-eater","Abejaruco cabeciazul occidental"
"Merops gularis","Black Bee-eater","Abejaruco negro"
"Merops hirundineus","Swallow-tailed Bee-eater","Abejaruco golondrina"
"Merops pusillus","Little Bee-eater","Abejaruco chico"
"Merops variegatus","Blue-breasted Bee-eater","Abejaruco variegado"
"Merops lafresnayii","Ethiopian Bee-eater","Abejaruco etíope"
"Merops oreobates","Cinnamon-chested Bee-eater","Abejaruco montano"
"Merops bulocki","Red-throated Bee-eater","Abejaruco gorjirrojo"
"Merops bullockoides","White-fronted Bee-eater","Abejaruco frentiblanco"
"Merops revoilii","Somali Bee-eater","Abejaruco somalí"
"Merops albicollis","White-throated Bee-eater","Abejaruco gorjiblanco"
"Merops boehmi","Böhm's Bee-eater","Abejaruco de Boehm"
"Merops viridissimus","African Green Bee-eater","Abejaruco esmeralda africano"
"Merops cyanophrys","Arabian Green Bee-eater","Abejaruco esmeralda árabe"
"Merops orientalis","Asian Green Bee-eater","Abejaruco esmeralda oriental"
"Merops persicus","Blue-cheeked Bee-eater","Abejaruco persa"
"Merops superciliosus","Olive Bee-eater","Abejaruco malgache"
"Merops philippinus","Blue-tailed Bee-eater","Abejaruco coliazul"
"Merops ornatus","Rainbow Bee-eater","Abejaruco australiano"
"Merops viridis","Blue-throated Bee-eater","Abejaruco gorjiazul"
"Merops americanus","Rufous-crowned Bee-eater","Abejaruco filipino"
"Merops leschenaulti","Chestnut-headed Bee-eater","Abejaruco cabecirrufo"
"Merops apiaster","European Bee-eater","Abejaruco europeo"
"Merops malimbicus","Rosy Bee-eater","Abejaruco de Malimba"
"Merops nubicus","Northern Carmine Bee-eater","Abejaruco carmesí norteño"
"Merops nubicoides","Southern Carmine Bee-eater","Abejaruco carmesí sureño"
"Galbalcyrhynchus leucotis","White-eared Jacamar","Jacamará orejiblanco"
"Galbalcyrhynchus purusianus","Purus Jacamar","Jacamará del Purús"
"Brachygalba salmoni","Dusky-backed Jacamar","Jacamará dorsioscuro"
"Brachygalba goeringi","Pale-headed Jacamar","Jacamará acollarado"
"Brachygalba lugubris","Brown Jacamar","Jacamará pardo"
"Brachygalba albogularis","White-throated Jacamar","Jacamará gorjiblanco"
"Jacamaralcyon tridactyla","Three-toed Jacamar","Jacamará tridáctilo"
"Galbula albirostris","Yellow-billed Jacamar","Jacamará piquigualdo oriental"
"Galbula cyanicollis","Blue-necked Jacamar","Jacamará cariazul"
"Galbula ruficauda","Rufous-tailed Jacamar","Jacamará colirrufo"
"Galbula galbula","Green-tailed Jacamar","Jacamará coliverde"
"Galbula pastazae","Coppery-chested Jacamar","Jacamará cobrizo"
"Galbula tombacea","White-chinned Jacamar","Jacamará barbiblanco"
"Galbula cyanescens","Bluish-fronted Jacamar","Jacamará coroniazul"
"Galbula chalcothorax","Purplish Jacamar","Jacamará violáceo"
"Galbula leucogastra","Bronzy Jacamar","Jacamará bronceado"
"Galbula dea","Paradise Jacamar","Jacamará colilargo"
"Jacamerops aureus","Great Jacamar","Jacamará grande"
"Notharchus hyperrhynchus","White-necked Puffbird","Buco picogordo occidental"
"Notharchus macrorhynchos","Guianan Puffbird","Buco picogordo oriental"
"Notharchus swainsoni","Buff-bellied Puffbird","Buco de Swainson"
"Notharchus pectoralis","Black-breasted Puffbird","Buco pechinegro"
"Notharchus ordii","Brown-banded Puffbird","Buco pechipardo"
"Notharchus tectus","Pied Puffbird","Buco pío mayor"
"Bucco macrodactylus","Chestnut-capped Puffbird","Buco cabecirrojo"
"Bucco tamatia","Spotted Puffbird","Buco moteado"
"Bucco noanamae","Sooty-capped Puffbird","Buco de Noanamá"
"Bucco capensis","Collared Puffbird","Buco musiú"
"Nystalus radiatus","Barred Puffbird","Buco barrado"
"Nystalus chacuru","White-eared Puffbird","Buco chacurú"
"Nystalus striolatus","Eastern Striolated Puffbird","Buco estriado oriental"
"Nystalus obamai","Western Striolated Puffbird","Buco estriado occidental"
"Nystalus maculatus","Spot-backed Puffbird","Buco durmilí"
"Hypnelus ruficollis","Russet-throated Puffbird","Buco bobito"
"Hypnelus bicinctus","Two-banded Puffbird","Buco bicinto"
"Malacoptila striata","Crescent-chested Puffbird","Buco rayado"
"Malacoptila fusca","White-chested Puffbird","Buco pechiblanco"
"Malacoptila semicincta","Semicollared Puffbird","Buco de medio collar"
"Malacoptila fulvogularis","Black-streaked Puffbird","Buco listado"
"Malacoptila rufa","Rufous-necked Puffbird","Buco cuellirrojo"
"Malacoptila panamensis","White-whiskered Puffbird","Buco barbón"
"Malacoptila mystacalis","Moustached Puffbird","Buco bigotudo"
"Micromonacha lanceolata","Lanceolated Monklet","Monjilla lanceolada"
"Nonnula rubecula","Rusty-breasted Nunlet","Monjilla macurú"
"Nonnula sclateri","Fulvous-chinned Nunlet","Monjilla de Sclater"
"Nonnula brunnea","Brown Nunlet","Monjilla canela"
"Nonnula frontalis","Grey-cheeked Nunlet","Monjilla carigrís"
"Nonnula ruficapilla","Rufous-capped Nunlet","Monjilla coronada"
"Nonnula amaurocephala","Chestnut-headed Nunlet","Monjilla cabeciparda"
"Hapaloptila castanea","White-faced Nunbird","Buco cariblanco"
"Monasa atra","Black Nunbird","Monja negra"
"Monasa nigrifrons","Black-fronted Nunbird","Monja unicolor"
"Monasa morphoeus","White-fronted Nunbird","Monja frentiblanca"
"Monasa flavirostris","Yellow-billed Nunbird","Monja piquigualda"
"Chelidoptera tenebrosa","Swallow-winged Puffbird","Buco golondrina"
"Capito aurovirens","Scarlet-crowned Barbet","Cabezón oliva"
"Capito wallacei","Scarlet-banded Barbet","Cabezón de Loreto"
"Capito fitzpatricki","Sira Barbet","Cabezón del Sira"
"Capito maculicoronatus","Spot-crowned Barbet","Cabezón pechiblanco"
"Capito squamatus","Orange-fronted Barbet","Cabezón escamoso"
"Capito hypoleucus","White-mantled Barbet","Cabezón dorsiblanco"
"Capito dayi","Black-girdled Barbet","Cabezón brasileño"
"Capito brunneipectus","Brown-chested Barbet","Cabezón pechipardo"
"Capito niger","Black-spotted Barbet","Cabezón negro"
"Capito auratus","Gilded Barbet","Cabezón dorado"
"Capito quinticolor","Five-colored Barbet","Cabezón cincocolores"
"Eubucco richardsoni","Lemon-throated Barbet","Cabezón pechiamarillo"
"Eubucco bourcierii","Red-headed Barbet","Cabezón cabecirrojo"
"Eubucco tucinkae","Scarlet-hooded Barbet","Cabezón de Carabaya"
"Eubucco versicolor","Versicolored Barbet","Cabezón versicolor del sur"
"Semnornis frantzii","Prong-billed Barbet","Cabezón cocora"
"Semnornis ramphastinus","Toucan Barbet","Cabezón tucán"
"Ramphastos toco","Toco Toucan","Tucán toco"
"Ramphastos ambiguus","Yellow-throated Toucan","Tucán pechigualdo"
"Ramphastos tucanus","White-throated Toucan","Tucán pechiblanco"
"Ramphastos dicolorus","Red-breasted Toucan","Tucán bicolor"
"Ramphastos brevis","Choco Toucan","Tucán del Chocó"
"Ramphastos sulfuratus","Keel-billed Toucan","Tucán piquiverde"
"Ramphastos citreolaemus","Citron-throated Toucan","Tucán citrino"
"Ramphastos vitellinus","Channel-billed Toucan","Tucán vitelino"
"Pteroglossus bailloni","Saffron Toucanet","Arasarí banana"
"Pteroglossus viridis","Green Aracari","Arasarí verde"
"Pteroglossus inscriptus","Lettered Aracari","Arasarí marcado"
"Pteroglossus beauharnaisii","Curl-crested Aracari","Arasarí crespo"
"Pteroglossus bitorquatus","Red-necked Aracari","Arasarí cuellirrojo oriental"
"Pteroglossus azara","Ivory-billed Aracari","Arasarí de Azara"
"Pteroglossus castanotis","Chestnut-eared Aracari","Arasarí caripardo"
"Pteroglossus pluricinctus","Many-banded Aracari","Arasarí fajado"
"Pteroglossus aracari","Black-necked Aracari","Arasarí cuellinegro"
"Pteroglossus frantzii","Fiery-billed Aracari","Arasarí piquinaranja"
"Pteroglossus torquatus","Collared Aracari","Arasarí acollarado"
"Pteroglossus erythropygius","Pale-mandibled Aracari","Arasarí piquipálido"
"Andigena laminirostris","Plate-billed Mountain Toucan","Tucán piquiplano"
"Andigena nigrirostris","Black-billed Mountain Toucan","Tucán piquinegro"
"Andigena cucullata","Hooded Mountain Toucan","Tucán encapuchado"
"Andigena hypoglauca","Grey-breasted Mountain Toucan","Tucán pechigrís"
"Selenidera spectabilis","Yellow-eared Toucanet","Tucanete orejigualdo"
"Selenidera piperivora","Guianan Toucanet","Tucanete culik"
"Selenidera nattereri","Tawny-tufted Toucanet","Tucanete de Natterer"
"Selenidera reinwardtii","Golden-collared Toucanet","Tucanete de Reinwardt"
"Selenidera maculirostris","Spot-billed Toucanet","Tucanete piquimaculado"
"Selenidera gouldii","Gould's Toucanet","Tucanete de Gould"
"Aulacorhynchus prasinus","Northern Emerald Toucanet","Tucanete esmeralda"
"Aulacorhynchus albivitta","Southern Emerald Toucanet","Tucanete gorjiblanco"
"Aulacorhynchus huallagae","Yellow-browed Toucanet","Tucanete del Huallaga"
"Aulacorhynchus coeruleicinctis","Blue-banded Toucanet","Tucanete pechiazul"
"Aulacorhynchus haematopygus","Crimson-rumped Toucanet","Tucanete culirrojo"
"Aulacorhynchus whitelianus","Tepui Toucanet","Tucanete de tepuy"
"Aulacorhynchus derbianus","Chestnut-tipped Toucanet","Tucanete de Derby"
"Aulacorhynchus sulcatus","Groove-billed Toucanet","Tucanete picosurcado"
"Psilopogon pyrolophus","Fire-tufted Barbet","Barbudo picofuego"
"Psilopogon virens","Great Barbet","Barbudo grande"
"Psilopogon lagrandieri","Red-vented Barbet","Barbudo ventrirrojo"
"Psilopogon zeylanicus","Brown-headed Barbet","Barbudo cabecipardo"
"Psilopogon lineatus","Lineated Barbet","Barbudo listado"
"Psilopogon viridis","White-cheeked Barbet","Barbudo cariblanco"
"Psilopogon faiostrictus","Green-eared Barbet","Barbudo orejiverde"
"Psilopogon corvinus","Brown-throated Barbet","Barbudo corvino"
"Psilopogon chrysopogon","Golden-whiskered Barbet","Barbudo carigualdo"
"Psilopogon rafflesii","Red-crowned Barbet","Barbudo multicolor"
"Psilopogon mystacophanos","Red-throated Barbet","Barbudo arlequín"
"Psilopogon javensis","Black-banded Barbet","Barbudo de Java"
"Psilopogon flavifrons","Yellow-fronted Barbet","Barbudo frentigualdo"
"Psilopogon franklinii","Golden-throated Barbet","Barbudo de Franklin"
"Psilopogon auricularis","Necklaced Barbet","Barbudo de lazo"
"Psilopogon oorti","Black-browed Barbet","Barbudo cejinegro"
"Psilopogon annamensis","Indochinese Barbet","Barbudo de Annam"
"Psilopogon faber","Chinese Barbet","Barbudo chino"
"Psilopogon nuchalis","Taiwan Barbet","Barbudo de Formosa"
"Psilopogon asiaticus","Blue-throated Barbet","Barbudo gorjiazul común"
"Psilopogon chersonesus","Turquoise-throated Barbet","Barbudo gorjiazul tailandés"
"Psilopogon monticola","Mountain Barbet","Barbudo montano"
"Psilopogon incognitus","Moustached Barbet","Barbudo bigotudo"
"Psilopogon henricii","Yellow-crowned Barbet","Barbudo coronigualdo"
"Psilopogon armillaris","Flame-fronted Barbet","Barbudo coroniazul"
"Psilopogon pulcherrimus","Golden-naped Barbet","Barbudo elegante"
"Psilopogon australis","Yellow-eared Barbet","Barbudo orejigualdo"
"Psilopogon cyanotis","Blue-eared Barbet","Barbudo orejiazul"
"Psilopogon duvaucelii","Black-eared Barbet","Barbudo orejinegro"
"Psilopogon eximius","Bornean Barbet","Barbudo eximio"
"Psilopogon rubricapillus","Crimson-fronted Barbet","Barbudo de Ceilán"
"Psilopogon malabaricus","Malabar Barbet","Barbudo malabar"
"Psilopogon haemacephalus","Coppersmith Barbet","Barbudo calderero"
"Caloramphus fuliginosus","Brown Barbet","Barbudo pardo de Borneo"
"Caloramphus hayii","Sooty Barbet","Barbudo pardo de Malasia"
"Trachylaemus goffinii","Western Yellow-billed Barbet","Barbudo piquigualdo occidental"
"Trachylaemus purpuratus","Eastern Yellow-billed Barbet","Barbudo piquigualdo oriental"
"Trachyphonus vaillantii","Crested Barbet","Barbudo crestado"
"Trachyphonus erythrocephalus","Red-and-yellow Barbet","Barbudo cabecirrojo"
"Trachyphonus margaritatus","Yellow-breasted Barbet","Barbudo perlado"
"Trachyphonus darnaudii","D'Arnaud's Barbet","Barbudo de d’Arnaud"
"Trachyphonus usambiro","Usambiro Barbet","Barbudo usambiro"
"Cryptolybia olivacea","Green Barbet","Barbudo oliváceo"
"Gymnobucco bonapartei","Grey-throated Barbet","Barbudo gorjigrís"
"Gymnobucco sladeni","Sladen's Barbet","Barbudo de Sladen"
"Gymnobucco peli","Bristle-nosed Barbet","Barbudo de pinceles"
"Gymnobucco calvus","Naked-faced Barbet","Barbudo calvo común"
"Stactolaema leucotis","White-eared Barbet","Barbudo orejiblanco común"
"Stactolaema whytii","Whyte's Barbet","Barbudo especulado"
"Stactolaema anchietae","Anchieta's Barbet","Barbudo de Anchieta"
"Pogoniulus scolopaceus","Speckled Tinkerbird","Barbudito escolopáceo"
"Pogoniulus simplex","Green Tinkerbird","Barbudito sencillo"
"Pogoniulus leucomystax","Moustached Tinkerbird","Barbudito bigotudo"
"Pogoniulus coryphaea","Western Tinkerbird","Barbudito coronado"
"Pogoniulus atroflavus","Red-rumped Tinkerbird","Barbudito culirrojo"
"Pogoniulus subsulphureus","Yellow-throated Tinkerbird","Barbudito gorjigualdo"
"Pogoniulus bilineatus","Yellow-rumped Tinkerbird","Barbudito culigualdo"
"Pogoniulus uropygialis","Northern Red-fronted Tinkerbird",NA
"Pogoniulus pusillus","Southern Red-fronted Tinkerbird","Barbudito frentirrojo"
"Pogoniulus chrysoconus","Yellow-fronted Tinkerbird","Barbudito frentigualdo"
"Buccanodon duchaillui","Yellow-spotted Barbet","Barbudo pintado"
"Tricholaema hirsuta","Hairy-breasted Barbet","Barbudo hirsuto"
"Tricholaema diademata","Red-fronted Barbet","Barbudo diademado"
"Tricholaema frontata","Miombo Pied Barbet","Barbudo del miombo"
"Tricholaema leucomelas","Acacia Pied Barbet","Barbudo pío"
"Tricholaema lacrymosa","Spot-flanked Barbet","Barbudo lacrimoso"
"Tricholaema melanocephala","Black-throated Barbet","Barbudo cabecinegro"
"Lybius undatus","Banded Barbet","Barbudo etíope"
"Lybius vieilloti","Vieillot's Barbet","Barbudo sangrante"
"Lybius leucocephalus","White-headed Barbet","Barbudo cabeciblanco"
"Lybius chaplini","Chaplin's Barbet","Barbudo de Chaplin"
"Lybius rubrifacies","Red-faced Barbet","Barbudo carirrojo"
"Lybius guifsobalito","Black-billed Barbet","Barbudo guifsobalito"
"Lybius torquatus","Black-collared Barbet","Barbudo acollarado"
"Pogonornis melanopterus","Brown-breasted Barbet","Barbudo pechipardo"
"Pogonornis minor","Black-backed Barbet","Barbudo frentirrojo occidental"
"Pogonornis bidentatus","Double-toothed Barbet","Barbudo bidentado"
"Pogonornis dubius","Bearded Barbet","Barbudo pechirrojo"
"Pogonornis rolleti","Black-breasted Barbet","Barbudo pechinegro"
"Prodotiscus insignis","Cassin's Honeybird","Indicador insigne"
"Prodotiscus zambesiae","Green-backed Honeybird","Indicador del Zambeze"
"Prodotiscus regulus","Brown-backed Honeybird","Indicador dorsipardo"
"Melignomon zenkeri","Zenker's Honeyguide","Indicador de Zenker"
"Melignomon eisentrauti","Yellow-footed Honeyguide","Indicador patiamarillo"
"Indicator pumilio","Dwarf Honeyguide","Indicador enano"
"Indicator willcocksi","Willcocks's Honeyguide","Indicador de Willcocks"
"Indicator meliphilus","Pallid Honeyguide","Indicador pálido"
"Indicator exilis","Least Honeyguide","Indicador chico"
"Indicator minor","Lesser Honeyguide","Indicador menor"
"Indicator maculatus","Spotted Honeyguide","Indicador moteado"
"Indicator variegatus","Scaly-throated Honeyguide","Indicador variegado"
"Indicator xanthonotus","Yellow-rumped Honeyguide","Indicador indio"
"Indicator archipelagicus","Malaysian Honeyguide","Indicador malayo"
"Indicator indicator","Greater Honeyguide","Indicador grande"
"Melichneutes robustus","Lyre-tailed Honeyguide","Indicador lira"
"Jynx torquilla","Eurasian Wryneck","Torcecuello euroasiático"
"Jynx ruficollis","Red-throated Wryneck","Torcecuello africano"
"Picumnus innominatus","Speckled Piculet","Carpinterito moteado"
"Picumnus aurifrons","Bar-breasted Piculet","Carpinterito del Amazonas"
"Picumnus lafresnayi","Lafresnaye's Piculet","Carpinterito de Lafresnaye"
"Picumnus pumilus","Orinoco Piculet","Carpinterito del Orinoco"
"Picumnus exilis","Golden-spangled Piculet","Carpinterito telegrafista"
"Picumnus sclateri","Ecuadorian Piculet","Carpinterito ecuatoriano"
"Picumnus squamulatus","Scaled Piculet","Carpinterito escamoso"
"Picumnus spilogaster","White-bellied Piculet","Carpinterito ventriblanco"
"Picumnus minutissimus","Arrowhead Piculet","Carpinterito de Guayana"
"Picumnus pygmaeus","Spotted Piculet","Carpinterito ocelado"
"Picumnus steindachneri","Speckle-chested Piculet","Carpinterito perlado"
"Picumnus varzeae","Varzea Piculet","Carpinterito de las várzeas"
"Picumnus cirratus","White-barred Piculet","Carpinterito variable"
"Picumnus dorbignyanus","Ocellated Piculet","Carpinterito boliviano"
"Picumnus temminckii","Ochre-collared Piculet","Carpinterito cuellicanela"
"Picumnus albosquamatus","White-wedged Piculet","Carpinterito albiescamoso"
"Picumnus fuscus","Rusty-necked Piculet","Carpinterito cuellirrufo"
"Picumnus rufiventris","Rufous-breasted Piculet","Carpinterito ventrirrufo"
"Picumnus limae","Ochraceous Piculet","Carpinterito de Ceará"
"Picumnus nebulosus","Mottled Piculet","Carpinterito uruguayo"
"Picumnus castelnau","Plain-breasted Piculet","Carpinterito blancuzco"
"Picumnus subtilis","Fine-barred Piculet","Carpinterito de Cuzco"
"Picumnus olivaceus","Olivaceous Piculet","Carpinterito oliváceo"
"Picumnus granadensis","Greyish Piculet","Carpinterito colombiano"
"Picumnus cinnamomeus","Chestnut Piculet","Carpinterito castaño"
"Verreauxia africana","African Piculet","Carpinterito africano"
"Sasia abnormis","Rufous Piculet","Carpinterito malayo"
"Sasia ochracea","White-browed Piculet","Carpinterito cejiblanco"
"Nesoctites micromegas","Antillean Piculet","Carpinterito antillano"
"Hemicircus concretus","Grey-and-buff Woodpecker","Pito colicorto de Java"
"Hemicircus canente","Heart-spotted Woodpecker","Pito de corazones"
"Melanerpes candidus","White Woodpecker","Carpintero blanco"
"Melanerpes lewis","Lewis's Woodpecker","Carpintero de Lewis"
"Melanerpes herminieri","Guadeloupe Woodpecker","Carpintero de la Guadalupe"
"Melanerpes portoricensis","Puerto Rican Woodpecker","Carpintero puertorriqueño"
"Melanerpes erythrocephalus","Red-headed Woodpecker","Carpintero cabecirrojo"
"Melanerpes formicivorus","Acorn Woodpecker","Carpintero bellotero"
"Melanerpes cruentatus","Yellow-tufted Woodpecker","Carpintero azulado"
"Melanerpes flavifrons","Yellow-fronted Woodpecker","Carpintero arcoiris"
"Melanerpes chrysauchen","Golden-naped Woodpecker","Carpintero nuquigualdo"
"Melanerpes pulcher","Beautiful Woodpecker","Carpintero lindo"
"Melanerpes pucherani","Black-cheeked Woodpecker","Carpintero centroamericano"
"Melanerpes cactorum","White-fronted Woodpecker","Carpintero de los cardones"
"Melanerpes striatus","Hispaniolan Woodpecker","Carpintero de La Española"
"Melanerpes radiolatus","Jamaican Woodpecker","Carpintero jamaicano"
"Melanerpes chrysogenys","Golden-cheeked Woodpecker","Carpintero cariamarillo"
"Melanerpes hypopolius","Grey-breasted Woodpecker","Carpintero pechigrís"
"Melanerpes pygmaeus","Yucatan Woodpecker","Carpintero yucateco"
"Melanerpes rubricapillus","Red-crowned Woodpecker","Carpintero coronirrojo"
"Melanerpes uropygialis","Gila Woodpecker","Carpintero del Gila"
"Melanerpes hoffmannii","Hoffmann's Woodpecker","Carpintero de Hoffmann"
"Melanerpes aurifrons","Golden-fronted Woodpecker","Carpintero frentidorado"
"Melanerpes carolinus","Red-bellied Woodpecker","Carpintero de Carolina"
"Melanerpes superciliaris","West Indian Woodpecker","Carpintero antillano"
"Sphyrapicus thyroideus","Williamson's Sapsucker","Chupasavia oscuro"
"Sphyrapicus varius","Yellow-bellied Sapsucker","Chupasavia norteño"
"Sphyrapicus nuchalis","Red-naped Sapsucker","Chupasavia nuquirrojo"
"Sphyrapicus ruber","Red-breasted Sapsucker","Chupasavia pechirrojo"
"Xiphidiopicus percussus","Cuban Green Woodpecker","Carpintero tajá"
"Pardipicus nivosus","Buff-spotted Woodpecker","Pito nevado"
"Pardipicus caroli","Brown-eared Woodpecker","Pito orejipardo"
"Geocolaptes olivaceus","Ground Woodpecker","Pito terrestre"
"Campethera punctuligera","Fine-spotted Woodpecker","Pito salpicado"
"Campethera bennettii","Bennett's Woodpecker","Pito de Bennett"
"Campethera scriptoricauda","Speckle-throated Woodpecker","Pito de Tanzania"
"Campethera nubica","Nubian Woodpecker","Pito de Nubia"
"Campethera abingoni","Golden-tailed Woodpecker","Pito colidorado"
"Campethera mombassica","Mombasa Woodpecker","Pito de Mombasa"
"Campethera notata","Knysna Woodpecker","Pito de Knysna"
"Campethera maculosa","Green-backed Woodpecker","Pito de Guinea"
"Campethera tullbergi","Tullberg's Woodpecker","Pito de Tullberg"
"Campethera taeniolaema","Fine-banded Woodpecker","Pito rayado"
"Yungipicus temminckii","Sulawesi Pygmy Woodpecker","Pico de Célebes"
"Yungipicus nanus","Brown-capped Pygmy Woodpecker","Pico crestipardo"
"Yungipicus canicapillus","Grey-capped Pygmy Woodpecker","Pico crestigrís"
"Yungipicus maculatus","Philippine Pygmy Woodpecker","Pico filipino"
"Yungipicus ramsayi","Sulu Pygmy Woodpecker","Pico de las Sulu"
"Yungipicus moluccensis","Sunda Pygmy Woodpecker","Pico de la Sonda"
"Yungipicus kizuki","Japanese Pygmy Woodpecker","Pico kizuki"
"Picoides tridactylus","Eurasian Three-toed Woodpecker","Pico tridáctilo"
"Picoides dorsalis","American Three-toed Woodpecker","Pico Tridáctilo Americano"
"Picoides arcticus","Black-backed Woodpecker","Pico ártico"
"Dendrocoptes dorae","Arabian Woodpecker","Pico árabe"
"Dendrocoptes auriceps","Brown-fronted Woodpecker","Pico frentipardo"
"Dendrocoptes medius","Middle Spotted Woodpecker","Pico mediano"
"Leiopicus mahrattensis","Yellow-crowned Woodpecker","Pico mahratta"
"Chloropicus namaquus","Bearded Woodpecker","Pito namaqua"
"Chloropicus xantholophus","Yellow-crested Woodpecker","Pito coronado"
"Chloropicus pyrrhogaster","Fire-bellied Woodpecker","Pito ventrirrojo"
"Dendropicos elachus","Little Grey Woodpecker","Pito saheliano"
"Dendropicos poecilolaemus","Speckle-breasted Woodpecker","Pito cuellipinto"
"Dendropicos abyssinicus","Abyssinian Woodpecker","Pito abisinio"
"Dendropicos fuscescens","Cardinal Woodpecker","Pito cardenal"
"Dendropicos gabonensis","Gabon Woodpecker","Pito del Gabón"
"Dendropicos lugubris","Melancholy Woodpecker","Pito lúgubre"
"Dendropicos stierlingi","Stierling's Woodpecker","Pito de Stierling"
"Dendropicos elliotii","Elliot's Woodpecker","Pito de Elliot"
"Dendropicos goertae","African Grey Woodpecker","Pito gris occidental"
"Dendropicos spodocephalus","Eastern Grey Woodpecker","Pito gris oriental"
"Dendropicos griseocephalus","Olive Woodpecker","Pito oliváceo"
"Dendropicos obsoletus","Brown-backed Woodpecker","Pico dorsipardo"
"Dryobates nuttallii","Nuttall's Woodpecker","Pico de Nuttall"
"Dryobates scalaris","Ladder-backed Woodpecker","Pico mexicano"
"Dryobates pubescens","Downy Woodpecker","Pico pubescente"
"Dryobates cathpharius","Crimson-naped Woodpecker","Pico pechirrojo occidental"
"Dryobates pernyii","Necklaced Woodpecker","Pico pechirrojo oriental"
"Dryobates minor","Lesser Spotted Woodpecker","Pico menor"
"Veniliornis passerinus","Little Woodpecker","Carpintero chico"
"Veniliornis frontalis","Dot-fronted Woodpecker","Carpintero de las Yungas"
"Veniliornis spilogaster","White-spotted Woodpecker","Carpintero manchado"
"Veniliornis mixtus","Checkered Woodpecker","Pico bataraz chico"
"Veniliornis lignarius","Striped Woodpecker","Pico bataraz grande"
"Veniliornis callonotus","Scarlet-backed Woodpecker","Carpintero escarlata"
"Veniliornis dignus","Yellow-vented Woodpecker","Carpintero ventriamarillo"
"Veniliornis nigriceps","Bar-bellied Woodpecker","Carpintero ventribarrado"
"Veniliornis sanguineus","Blood-colored Woodpecker","Carpintero sanguíneo"
"Veniliornis kirkii","Red-rumped Woodpecker","Carpintero culirrojo"
"Veniliornis affinis","Red-stained Woodpecker","Carpintero teñido"
"Veniliornis chocoensis","Choco Woodpecker","Carpintero del Chocó"
"Veniliornis cassini","Golden-collared Woodpecker","Carpintero cebrado"
"Veniliornis maculifrons","Yellow-eared Woodpecker","Carpintero orejigualdo"
"Leuconotopicus borealis","Red-cockaded Woodpecker","Pico de Florida"
"Leuconotopicus fumigatus","Smoky-brown Woodpecker","Carpintero ahumado"
"Leuconotopicus arizonae","Arizona Woodpecker","Pico de Arizona"
"Leuconotopicus stricklandi","Strickland's Woodpecker","Pico de Strickland"
"Leuconotopicus villosus","Hairy Woodpecker","Pico velloso"
"Leuconotopicus albolarvatus","White-headed Woodpecker","Pico cabeciblanco"
"Dendrocopos hyperythrus","Rufous-bellied Woodpecker","Pico ventrirrufo"
"Dendrocopos macei","Fulvous-breasted Woodpecker","Pico pechileonado"
"Dendrocopos analis","Freckle-breasted Woodpecker","Pico pechimoteado"
"Dendrocopos atratus","Stripe-breasted Woodpecker","Pico estriado"
"Dendrocopos darjellensis","Darjeeling Woodpecker","Pico de Darjeeling"
"Dendrocopos himalayensis","Himalayan Woodpecker","Pico del Himalaya"
"Dendrocopos assimilis","Sind Woodpecker","Pico del Sind"
"Dendrocopos syriacus","Syrian Woodpecker","Pico sirio"
"Dendrocopos leucopterus","White-winged Woodpecker","Pico aliblanco"
"Dendrocopos major","Great Spotted Woodpecker","Pico picapinos"
"Dendrocopos noguchii","Okinawa Woodpecker","Pito de Okinawa"
"Dendrocopos leucotos","White-backed Woodpecker","Pico dorsiblanco"
"Piculus simplex","Rufous-winged Woodpecker","Carpintero alirrufo"
"Piculus callopterus","Stripe-cheeked Woodpecker","Carpintero panameño"
"Piculus leucolaemus","White-throated Woodpecker","Carpintero gorjiblanco"
"Piculus litae","Lita Woodpecker","Carpintero de Lita"
"Piculus flavigula","Yellow-throated Woodpecker","Carpintero gorjigualdo"
"Piculus chrysochloros","Golden-green Woodpecker","Carpintero verdiamarillo"
"Piculus aurulentus","Yellow-browed Woodpecker","Carpintero cejigualdo"
"Colaptes rubiginosus","Golden-olive Woodpecker","Carpintero oliváceo"
"Colaptes aeruginosus","Bronze-winged Woodpecker","Carpintero tamaulipeco"
"Colaptes auricularis","Grey-crowned Woodpecker","Carpintero cabecigrís"
"Colaptes rivolii","Crimson-mantled Woodpecker","Carpintero candela común"
"Colaptes atricollis","Black-necked Woodpecker","Carpintero peruano"
"Colaptes punctigula","Spot-breasted Woodpecker","Carpintero moteado"
"Colaptes melanochloros","Green-barred Woodpecker","Carpintero real norteño"
"Colaptes auratus","Northern Flicker","Carpintero escapulario dorado"
"Colaptes mexicanoides","Guatemalan Flicker","Carpintero escapulario guatemalteco"
"Colaptes chrysoides","Gilded Flicker","Carpintero escapulario californiano"
"Colaptes oceanicus","Bermuda Flicker","Carpintero de las Bermudas"
"Colaptes fernandinae","Fernandina's Flicker","Carpintero churroso"
"Colaptes pitius","Chilean Flicker","Carpintero pitío"
"Colaptes rupicola","Andean Flicker","Carpintero andino meridional"
"Colaptes campestris","Campo Flicker","Carpintero campestre"
"Celeus loricatus","Cinnamon Woodpecker","Carpintero canelo"
"Celeus undatus","Variable Woodpecker","Carpintero ondoso"
"Celeus castaneus","Chestnut-colored Woodpecker","Carpintero castaño"
"Celeus elegans","Chestnut Woodpecker","Carpintero elegante"
"Celeus lugubris","Pale-crested Woodpecker","Carpintero lúgubre"
"Celeus flavescens","Blond-crested Woodpecker","Carpintero amarillento"
"Celeus ochraceus","Ochre-backed Woodpecker","Carpintero ocráceo"
"Celeus flavus","Cream-colored Woodpecker","Carpintero amarillo"
"Celeus spectabilis","Rufous-headed Woodpecker","Carpintero cabecirrufo"
"Celeus obrieni","Kaempfer's Woodpecker","Carpintero de Kaempfer"
"Celeus torquatus","Ringed Woodpecker","Carpintero pechinegro guayanés"
"Celeus galeatus","Helmeted Woodpecker","Picamaderos caricanelo"
"Dryocopus schulzii","Black-bodied Woodpecker","Picamaderos chaqueño"
"Dryocopus lineatus","Lineated Woodpecker","Picamaderos listado"
"Dryocopus pileatus","Pileated Woodpecker","Picamaderos norteamericano"
"Dryocopus javensis","White-bellied Woodpecker","Picamaderos ventriblanco"
"Dryocopus hodgei","Andaman Woodpecker","Picamaderos de Andamán"
"Dryocopus martius","Black Woodpecker","Picamaderos negro"
"Campephilus pollens","Powerful Woodpecker","Picamaderos poderoso"
"Campephilus splendens","Splendid Woodpecker","Picamaderos esplendoroso"
"Campephilus haematogaster","Crimson-bellied Woodpecker","Picamaderos ventrirrojo"
"Campephilus rubricollis","Red-necked Woodpecker","Picamaderos cuellirrojo"
"Campephilus robustus","Robust Woodpecker","Picamaderos robusto"
"Campephilus melanoleucos","Crimson-crested Woodpecker","Picamaderos barbinegro"
"Campephilus guatemalensis","Pale-billed Woodpecker","Picamaderos piquiclaro"
"Campephilus gayaquilensis","Guayaquil Woodpecker","Picamaderos de Guayaquil"
"Campephilus leucopogon","Cream-backed Woodpecker","Picamaderos dorsiblanco"
"Campephilus magellanicus","Magellanic Woodpecker","Picamaderos de Magallanes"
"Campephilus principalis","Ivory-billed Woodpecker","Picamaderos picomarfil"
"Campephilus imperialis","Imperial Woodpecker","Picamaderos imperial"
"Chrysophlegma miniaceum","Banded Woodpecker","Pito miniado"
"Chrysophlegma mentale","Checker-throated Woodpecker","Pito gargantilla de Java"
"Chrysophlegma flavinucha","Greater Yellownape","Pito nuquigualdo"
"Picus chlorolophus","Lesser Yellownape","Pito crestigualdo"
"Picus puniceus","Crimson-winged Woodpecker","Pito alirrojo"
"Picus viridanus","Streak-breasted Woodpecker","Pito verdoso"
"Picus vittatus","Laced Woodpecker","Pito colinegro"
"Picus xanthopygaeus","Streak-throated Woodpecker","Pito culigualdo"
"Picus squamatus","Scaly-bellied Woodpecker","Pito escamoso"
"Picus awokera","Japanese Green Woodpecker","Pito japonés"
"Picus viridis","European Green Woodpecker","Pito real euroasiático"
"Picus sharpei","Iberian Green Woodpecker","Pito real ibérico"
"Picus vaillantii","Levaillant's Woodpecker","Pito real bereber"
"Picus rabieri","Red-collared Woodpecker","Pito vietnamita"
"Picus erythropygius","Black-headed Woodpecker","Pito cabecinegro"
"Picus canus","Grey-headed Woodpecker","Pito cano"
"Picus dedemi","Sumatran Woodpecker","Pito de Sumatra"
"Dinopium shorii","Himalayan Flameback","Pito de Shore"
"Dinopium javanense","Common Flameback","Pito culirrojo de Java"
"Dinopium everetti","Spot-throated Flameback","Pito culirrojo de Filipinas"
"Dinopium benghalense","Black-rumped Flameback","Pito bengalí"
"Dinopium psarodes","Red-backed Flameback","Pito dorsirrojo"
"Chrysocolaptes validus","Orange-backed Woodpecker","Pito dorsinaranja"
"Chrysocolaptes lucidus","Buff-spotted Flameback","Pito sultán moteado"
"Chrysocolaptes haematribon","Luzon Flameback","Pito sultán de Luzón"
"Chrysocolaptes xanthocephalus","Yellow-faced Flameback","Pito sultán carigualdo"
"Chrysocolaptes erythrocephalus","Red-headed Flameback","Pito sultán cabecirrojo"
"Chrysocolaptes strictus","Javan Flameback","Pito sultán de Java"
"Chrysocolaptes guttacristatus","Greater Flameback","Pito sultán grande"
"Chrysocolaptes socialis","Malabar Flameback",NA
"Chrysocolaptes stricklandi","Crimson-backed Flameback","Pito sultán de Ceilán"
"Chrysocolaptes festivus","White-naped Woodpecker","Pito dorsiblanco"
"Gecinulus grantia","Pale-headed Woodpecker","Pito del bambú norteño"
"Gecinulus viridis","Bamboo Woodpecker","Pito del bambú sureño"
"Gecinulus rafflesii","Olive-backed Woodpecker","Pito dorsioliva"
"Blythipicus rubiginosus","Maroon Woodpecker","Pito herrumbroso"
"Blythipicus pyrrhotis","Bay Woodpecker","Pito orejirrojo"
"Micropternus brachyurus","Rufous Woodpecker","Carpintero rufo"
"Meiglyptes grammithorax","Buff-rumped Woodpecker","Pito barrado"
"Meiglyptes tristis","Zebra Woodpecker","Pito triste"
"Meiglyptes jugularis","Black-and-buff Woodpecker","Pito blanquinegro"
"Meiglyptes tukki","Buff-necked Woodpecker","Pito tukki"
"Mulleripicus fulvus","Ashy Woodpecker","Picatroncos de Célebes"
"Mulleripicus funebris","Northern Sooty Woodpecker","Picatroncos filipino norteño"
"Mulleripicus fuliginosus","Southern Sooty Woodpecker","Picatroncos filipino sureño"
"Mulleripicus pulverulentus","Great Slaty Woodpecker","Picatroncos pizarroso"
"Cariama cristata","Red-legged Seriema","Chuña patirroja"
"Chunga burmeisteri","Black-legged Seriema","Chuña patinegra"
"Spiziapteryx circumcincta","Spot-winged Falconet","Halconcito argentino"
"Caracara lutosa","Guadalupe Caracara","Carancho de Guadalupe"
"Caracara plancus","Crested Caracara","Carancho meridional"
"Ibycter americanus","Red-throated Caracara","Caracara gorjirrojo"
"Daptrius ater","Black Caracara","Caracara negro"
"Daptrius chimachima","Yellow-headed Caracara","Caracara chimachima"
"Daptrius chimango","Chimango Caracara","Caracara chimango"
"Daptrius australis","Striated Caracara","Caracara austral"
"Daptrius carunculatus","Carunculated Caracara","Caracara carunculado"
"Daptrius megalopterus","Mountain Caracara","Caracara andino"
"Daptrius albogularis","White-throated Caracara","Caracara araucano"
"Herpetotheres cachinnans","Laughing Falcon","Halcón reidor"
"Micrastur ruficollis","Barred Forest Falcon","Halcón montés agavilanado"
"Micrastur plumbeus","Plumbeous Forest Falcon","Halcón montés plomizo"
"Micrastur gilvicollis","Lined Forest Falcon","Halcón montés cabecigrís"
"Micrastur mintoni","Cryptic Forest Falcon","Halcón montés críptico"
"Micrastur mirandollei","Slaty-backed Forest Falcon","Halcón montés dorsigrís"
"Micrastur semitorquatus","Collared Forest Falcon","Halcón montés collarejo"
"Micrastur buckleyi","Buckley's Forest Falcon","Halcón montés de Buckley"
"Polihierax semitorquatus","Pygmy Falcon","Halconcito africano"
"Microhierax caerulescens","Collared Falconet","Falconete acollarado"
"Microhierax fringillarius","Black-thighed Falconet","Falconete indonesio"
"Microhierax latifrons","White-fronted Falconet","Falconete de Borneo"
"Microhierax erythrogenys","Philippine Falconet","Falconete filipino"
"Microhierax melanoleucos","Pied Falconet","Falconete pío"
"Neohierax insignis","White-rumped Falcon","Halconcito asiático"
"Falco naumanni","Lesser Kestrel","Cernícalo primilla"
"Falco tinnunculus","Common Kestrel","Cernícalo vulgar"
"Falco rupicolus","Rock Kestrel","Cernícalo Africano"
"Falco newtoni","Malagasy Kestrel","Cernícalo de Aldabra"
"Falco punctatus","Mauritius Kestrel","Cernícalo de la Mauricio"
"Falco duboisi","Reunion Kestrel","Cernícalo de Reunión"
"Falco araeus","Seychelles Kestrel","Cernícalo de las Seychelles"
"Falco moluccensis","Spotted Kestrel","Cernícalo moluqueño"
"Falco cenchroides","Nankeen Kestrel","Cernícalo australiano"
"Falco sparverius","American Kestrel","Cernícalo americano"
"Falco rupicoloides","Greater Kestrel","Cernícalo ojiblanco"
"Falco alopex","Fox Kestrel","Cernícalo zorruno"
"Falco ardosiaceus","Grey Kestrel","Cernícalo pizarroso"
"Falco dickinsoni","Dickinson's Kestrel","Cernícalo dorsinegro"
"Falco zoniventris","Banded Kestrel","Cernícalo malgache"
"Falco chicquera","Red-necked Falcon","Alcotán turumti"
"Falco vespertinus","Red-footed Falcon","Cernícalo patirrojo"
"Falco amurensis","Amur Falcon","Cernícalo del Amur"
"Falco eleonorae","Eleonora's Falcon","Halcón de Eleonora"
"Falco concolor","Sooty Falcon","Halcón pizarroso"
"Falco femoralis","Aplomado Falcon","Halcón aleto"
"Falco columbarius","Merlin","Esmerejón"
"Falco rufigularis","Bat Falcon","Halcón murcielaguero"
"Falco deiroleucus","Orange-breasted Falcon","Halcón pechirrojo"
"Falco subbuteo","Eurasian Hobby","Alcotán europeo"
"Falco cuvierii","African Hobby","Alcotán africano"
"Falco severus","Oriental Hobby","Alcotán filipino"
"Falco longipennis","Australian Hobby","Alcotán australiano"
"Falco novaeseelandiae","New Zealand Falcon","Halcón maorí"
"Falco berigora","Brown Falcon","Halcón berigora"
"Falco hypoleucos","Grey Falcon","Halcón gris"
"Falco subniger","Black Falcon","Halcón negro"
"Falco biarmicus","Lanner Falcon","Halcón borní"
"Falco jugger","Laggar Falcon","Halcón yággar"
"Falco cherrug","Saker Falcon","Halcón sacre"
"Falco rusticolus","Gyrfalcon","Halcón gerifalte"
"Falco mexicanus","Prairie Falcon","Halcón mexicano"
"Falco peregrinus","Peregrine Falcon","Halcón peregrino"
"Falco fasciinucha","Taita Falcon","Halcón taita"
"Strigops habroptilus","Kakapo","Kakapo"
"Nestor notabilis","Kea","Kea"
"Nestor meridionalis","New Zealand Kaka","Kaka"
"Nestor productus","Norfolk Kaka","Kaka de la Norfolk"
"Zanda funerea","Yellow-tailed Black Cockatoo","Cacatúa fúnebre coliamarilla"
"Zanda baudinii","Baudin's Black Cockatoo","Cacatúa fúnebre piquilarga"
"Zanda latirostris","Carnaby's Black Cockatoo","Cacatúa fúnebre piquicorta"
"Calyptorhynchus banksii","Red-tailed Black Cockatoo","Cacatúa colirroja"
"Calyptorhynchus lathami","Glossy Black Cockatoo","Cacatúa lustrosa"
"Nymphicus hollandicus","Cockatiel","Cacatúa ninfa"
"Probosciger aterrimus","Palm Cockatoo","Cacatúa enlutada"
"Callocephalon fimbriatum","Gang-gang Cockatoo","Cacatúa gangang"
"Eolophus roseicapilla","Galah","Cacatúa galah"
"Cacatua leadbeateri","Pink Cockatoo","Cacatúa abanderada"
"Cacatua haematuropygia","Red-vented Cockatoo","Cacatúa filipina"
"Cacatua goffiniana","Tanimbar Corella","Cacatúa de las Tanimbar"
"Cacatua ducorpsii","Solomons Corella","Cacatúa de las Salomón"
"Cacatua pastinator","Western Corella","Cacatúa cavadora"
"Cacatua sanguinea","Little Corella","Cacatúa sanguínea"
"Cacatua tenuirostris","Long-billed Corella","Cacatúa picofina"
"Cacatua alba","White Cockatoo","Cacatúa blanca"
"Cacatua ophthalmica","Blue-eyed Cockatoo","Cacatúa oftálmica"
"Cacatua moluccensis","Salmon-crested Cockatoo","Cacatúa moluqueña"
"Cacatua sulphurea","Yellow-crested Cockatoo","Cacatúa sulfúrea"
"Cacatua citrinocristata","Citron-crested Cockatoo",NA
"Cacatua galerita","Sulphur-crested Cockatoo","Cacatúa galerita"
"Psittacus erithacus","Grey Parrot","Loro yaco"
"Psittacus timneh","Timneh Parrot","Loro timneh"
"Poicephalus gulielmi","Red-fronted Parrot","Lorito frentirrojo"
"Poicephalus flavifrons","Yellow-fronted Parrot","Lorito carigualdo"
"Poicephalus fuscicollis","Brown-necked Parrot",NA
"Poicephalus robustus","Cape Parrot","Lorito robusto"
"Poicephalus meyeri","Meyer's Parrot","Lorito de Meyer"
"Poicephalus rueppellii","Rüppell's Parrot","Lorito de Rüppell"
"Poicephalus cryptoxanthus","Brown-headed Parrot","Lorito cabecipardo"
"Poicephalus crassus","Niam-niam Parrot","Lorito nianiam"
"Poicephalus senegalus","Senegal Parrot","Lorito senegalés"
"Poicephalus rufiventris","Red-bellied Parrot","Lorito ventrirrojo"
"Touit batavicus","Lilac-tailed Parrotlet","Cotorrita sietecolores"
"Touit huetii","Scarlet-shouldered Parrotlet","Cotorrita alirroja"
"Touit costaricensis","Red-fronted Parrotlet","Cotorrita costarricense"
"Touit dilectissimus","Blue-fronted Parrotlet","Cotorrita cariazul"
"Touit purpuratus","Sapphire-rumped Parrotlet","Cotorrita purpurada"
"Touit melanonotus","Brown-backed Parrotlet","Cotorrita dorsinegra"
"Touit surdus","Golden-tailed Parrotlet","Cotorrita sorda"
"Touit stictopterus","Spot-winged Parrotlet","Cotorrita alipinta"
"Psilopsiagon aymara","Grey-hooded Parakeet","Catita aimará"
"Psilopsiagon aurifrons","Mountain Parakeet","Catita frentidorada"
"Bolborhynchus lineola","Barred Parakeet","Catita barrada"
"Bolborhynchus ferrugineifrons","Rufous-fronted Parakeet","Catita frentirrufa"
"Bolborhynchus orbygnesius","Andean Parakeet","Catita andina"
"Nannopsittaca panychlora","Tepui Parrotlet","Cotorrita de tepuy"
"Nannopsittaca dachilleae","Manu Parrotlet","Cotorrita amazónica"
"Myiopsitta monachus","Monk Parakeet","Cotorra argentina"
"Myiopsitta luchsi","Cliff Parakeet","Cotorra boliviana"
"Brotogeris sanctithomae","Tui Parakeet","Catita frentigualda"
"Brotogeris tirica","Plain Parakeet","Catita tirica"
"Brotogeris versicolurus","White-winged Parakeet","Catita versicolor"
"Brotogeris chiriri","Yellow-chevroned Parakeet","Catita chirirí"
"Brotogeris pyrrhoptera","Grey-cheeked Parakeet","Catita macareña"
"Brotogeris jugularis","Orange-chinned Parakeet","Catita churica"
"Brotogeris cyanoptera","Cobalt-winged Parakeet","Catita aliazul"
"Brotogeris chrysoptera","Golden-winged Parakeet","Catita alidorada"
"Pionopsitta pileata","Pileated Parrot","Lorito pileado"
"Triclaria malachitacea","Blue-bellied Parrot","Loro ventriazul"
"Pyrilia haematotis","Brown-hooded Parrot","Lorito encapuchado"
"Pyrilia pyrilia","Saffron-headed Parrot","Lorito cabecigualdo"
"Pyrilia pulchra","Rose-faced Parrot","Lorito carirrosado"
"Pyrilia barrabandi","Orange-cheeked Parrot","Lorito carinaranja"
"Pyrilia caica","Caica Parrot","Lorito caica"
"Pyrilia aurantiocephala","Bald Parrot","Lorito calvo"
"Pyrilia vulturina","Vulturine Parrot","Lorito vulturino"
"Hapalopsittaca amazonina","Rusty-faced Parrot","Lorito amazonino"
"Hapalopsittaca fuertesi","Fuertes's Parrot","Lorito de Fuertes"
"Hapalopsittaca pyrrhops","Red-faced Parrot","Lorito ecuatoriano"
"Hapalopsittaca melanotis","Black-winged Parrot","Lorito alinegro"
"Pionus fuscus","Dusky Parrot","Loro morado"
"Pionus sordidus","Red-billed Parrot","Loro piquirrojo"
"Pionus maximiliani","Scaly-headed Parrot","Loro choclero"
"Pionus tumultuosus","Plum-crowned Parrot","Loro tumultuoso"
"Pionus seniloides","White-capped Parrot","Loro seniloide"
"Pionus menstruus","Blue-headed Parrot","Loro cabeciazul"
"Pionus senilis","White-crowned Parrot","Loro senil"
"Pionus chalcopterus","Bronze-winged Parrot","Loro alibronceado"
"Graydidascalus brachyurus","Short-tailed Parrot","Lorito colicorto"
"Alipiopsitta xanthops","Yellow-faced Parrot","Amazona del Cerrado"
"Amazona festiva","Festive Amazon","Amazona festiva sureña"
"Amazona vinacea","Vinaceous-breasted Amazon","Amazona vinosa"
"Amazona tucumana","Tucuman Amazon","Amazona tucumana"
"Amazona pretrei","Red-spectacled Amazon","Amazona charao"
"Amazona agilis","Black-billed Amazon","Amazona jamaicana piquioscura"
"Amazona albifrons","White-fronted Amazon","Amazona frentialba"
"Amazona collaria","Yellow-billed Amazon","Amazona jamaicana piquiclara"
"Amazona leucocephala","Cuban Amazon","Amazona cubana"
"Amazona ventralis","Hispaniolan Amazon","Amazona de La Española"
"Amazona vittata","Puerto Rican Amazon","Amazona puertorriqueña"
"Amazona finschi","Lilac-crowned Amazon","Amazona guayabera"
"Amazona autumnalis","Red-lored Amazon","Amazona frentirroja"
"Amazona lilacina","Lilacine Amazon","Amazona lilacina"
"Amazona diadema","Diademed Amazon","Amazona diadema"
"Amazona viridigenalis","Red-crowned Amazon","Amazona tamaulipeca"
"Amazona xantholora","Yucatan Amazon","Amazona yucateca"
"Amazona dufresniana","Blue-cheeked Amazon","Amazona cariazul"
"Amazona rhodocorytha","Red-browed Amazon","Amazona coronirroja"
"Amazona arausiaca","Red-necked Amazon","Amazona gorjirroja"
"Amazona versicolor","St. Lucia Amazon","Amazona de Santa Lucía"
"Amazona oratrix","Yellow-headed Amazon","Amazona cabecigualda"
"Amazona auropalliata","Yellow-naped Amazon","Amazona nuquigualda"
"Amazona ochrocephala","Yellow-crowned Amazon","Amazona real"
"Amazona barbadensis","Yellow-shouldered Amazon","Amazona de hombro gualda"
"Amazona aestiva","Turquoise-fronted Amazon","Amazona frentiazul"
"Amazona mercenarius","Scaly-naped Amazon","Amazona mercenaria"
"Amazona farinosa","Mealy Amazon","Amazona harinosa sureña"
"Amazona kawalli","Kawall's Amazon","Amazona de Kawall"
"Amazona imperialis","Imperial Amazon","Amazona imperial"
"Amazona brasiliensis","Red-tailed Amazon","Amazona colirroja"
"Amazona amazonica","Orange-winged Amazon","Amazona alinaranja"
"Amazona guildingii","St. Vincent Amazon","Amazona de San Vicente"
"Forpus modestus","Dusky-billed Parrotlet","Cotorrita de Sclater"
"Forpus cyanopygius","Mexican Parrotlet","Cotorrita mexicana"
"Forpus crassirostris","Riparian Parrotlet","Cotorrita azuleja"
"Forpus spengeli","Turquoise-winged Parrotlet","Cotorrita aliturquesa"
"Forpus xanthopterygius","Cobalt-rumped Parrotlet","Cotorrita aliazul"
"Forpus passerinus","Green-rumped Parrotlet","Cotorrita culiverde"
"Forpus conspicillatus","Spectacled Parrotlet","Cotorrita de anteojos"
"Forpus coelestis","Pacific Parrotlet","Cotorrita de Piura"
"Forpus xanthops","Yellow-faced Parrotlet","Cotorrita carigualda"
"Pionites melanocephalus","Black-headed Parrot","Lorito chirlecrés"
"Pionites leucogaster","White-bellied Parrot","Lorito rubio oriental"
"Deroptyus accipitrinus","Red-fan Parrot","Loro cacique"
"Pyrrhura cruentata","Ochre-marked Parakeet","Cotorra tiriba"
"Pyrrhura devillei","Blaze-winged Parakeet","Cotorra de Deville"
"Pyrrhura frontalis","Maroon-bellied Parakeet","Cotorra chiripepé"
"Pyrrhura lepida","Pearly Parakeet","Cotorra pulcra"
"Pyrrhura perlata","Crimson-bellied Parakeet","Cotorra ventrirroja"
"Pyrrhura molinae","Green-cheeked Parakeet","Cotorra de Molina"
"Pyrrhura pfrimeri","Pfrimer's Parakeet","Cotorra de Goiás"
"Pyrrhura griseipectus","Grey-breasted Parakeet","Cotorra pechigrís"
"Pyrrhura leucotis","White-eared Parakeet","Cotorra orejiblanca"
"Pyrrhura subandina","Subandean Parakeet","Cotorra sinu"
"Pyrrhura caeruleiceps","Perija Parakeet","Cotorra de Perijá"
"Pyrrhura picta","Painted Parakeet","Cotorra pintada"
"Pyrrhura emma","Venezuelan Parakeet","Cotorra de Emma"
"Pyrrhura amazonum","Santarem Parakeet","Cotorra de Santarém"
"Pyrrhura lucianii","Bonaparte's Parakeet","Cotorra de Bonaparte"
"Pyrrhura roseifrons","Rose-fronted Parakeet","Cotorra frentirrosa"
"Pyrrhura viridicata","Santa Marta Parakeet","Cotorra de Santa Marta"
"Pyrrhura egregia","Fiery-shouldered Parakeet","Cotorra egregia"
"Pyrrhura melanura","Maroon-tailed Parakeet","Cotorra colinegra"
"Pyrrhura orcesi","El Oro Parakeet","Cotorra de El Oro"
"Pyrrhura albipectus","White-breasted Parakeet","Cotorra cuelliblanca"
"Pyrrhura rupicola","Black-capped Parakeet","Cotorra capirotada"
"Pyrrhura calliptera","Flame-winged Parakeet","Cotorra pechiparda"
"Pyrrhura hoematotis","Blood-eared Parakeet","Cotorra colirroja"
"Pyrrhura rhodocephala","Rose-crowned Parakeet","Cotorra coronirroja"
"Pyrrhura hoffmanni","Sulphur-winged Parakeet","Cotorra catana"
"Enicognathus ferrugineus","Austral Parakeet","Cotorra cachaña"
"Enicognathus leptorhynchus","Slender-billed Parakeet","Cotorra choroy"
"Cyanoliseus patagonus","Burrowing Parrot","Loro barranquero"
"Anodorhynchus hyacinthinus","Hyacinth Macaw","Guacamayo jacinto"
"Anodorhynchus leari","Lear's Macaw","Guacamayo de Lear"
"Anodorhynchus glaucus","Glaucous Macaw","Guacamayo glauco"
"Rhynchopsitta pachyrhyncha","Thick-billed Parrot","Cotorra serrana occidental"
"Rhynchopsitta terrisi","Maroon-fronted Parrot","Cotorra serrana oriental"
"Eupsittula nana","Olive-throated Parakeet","Aratinga jamaicana"
"Eupsittula canicularis","Orange-fronted Parakeet","Aratinga frentinaranja"
"Eupsittula aurea","Peach-fronted Parakeet","Aratinga frentidorada"
"Eupsittula pertinax","Brown-throated Parakeet","Aratinga pertinaz"
"Eupsittula cactorum","Caatinga Parakeet","Aratinga de los cactos"
"Conuropsis carolinensis","Carolina Parakeet","Cotorra de Carolina"
"Aratinga weddellii","Dusky-headed Parakeet","Aratinga cabecifusca"
"Aratinga nenday","Nanday Parakeet","Aratinga ñanday"
"Aratinga solstitialis","Sun Parakeet","Aratinga sol"
"Aratinga maculata","Sulphur-breasted Parakeet","Aratinga pechisulfúrea"
"Aratinga jandaya","Jandaya Parakeet","Aratinga jandaya"
"Aratinga auricapillus","Golden-capped Parakeet","Aratinga testadorada"
"Cyanopsitta spixii","Spix's Macaw","Guacamayo de Spix"
"Orthopsittaca manilatus","Red-bellied Macaw","Guacamayo ventrirrojo"
"Primolius couloni","Blue-headed Macaw","Guacamayo cabeciazul"
"Primolius auricollis","Golden-collared Macaw","Guacamayo acollarado"
"Primolius maracana","Blue-winged Macaw","Guacamayo maracaná"
"Ara ararauna","Blue-and-yellow Macaw","Guacamayo azuliamarillo"
"Ara glaucogularis","Blue-throated Macaw","Guacamayo barbiazul"
"Ara severus","Chestnut-fronted Macaw","Guacamayo severo"
"Ara rubrogenys","Red-fronted Macaw","Guacamayo de Cochabamba"
"Ara tricolor","Cuban Macaw","Guacamayo cubano"
"Ara militaris","Military Macaw","Guacamayo militar"
"Ara ambiguus","Great Green Macaw","Guacamayo ambiguo"
"Ara macao","Scarlet Macaw","Guacamayo macao"
"Ara chloropterus","Red-and-green Macaw","Guacamayo aliverde"
"Leptosittaca branickii","Golden-plumed Parakeet","Aratinga de pinceles"
"Ognorhynchus icterotis","Yellow-eared Parrot","Aratinga orejigualda"
"Guaruba guarouba","Golden Parakeet","Aratinga guaruba"
"Diopsittaca nobilis","Red-shouldered Macaw","Guacamayo noble norteño"
"Thectocercus acuticaudatus","Blue-crowned Parakeet","Aratinga cabeciazul"
"Psittacara holochlorus","Green Parakeet","Aratinga verde"
"Psittacara brevipes","Socorro Parakeet","Aratinga de Socorro"
"Psittacara strenuus","Pacific Parakeet","Aratinga del Pacífico"
"Psittacara wagleri","Scarlet-fronted Parakeet","Aratinga de Wagler"
"Psittacara frontatus","Cordilleran Parakeet","Aratinga cordillerana"
"Psittacara mitratus","Mitred Parakeet","Aratinga mitrada"
"Psittacara erythrogenys","Red-masked Parakeet","Aratinga de Guayaquil"
"Psittacara finschi","Finsch's Parakeet","Aratinga de Finsch"
"Psittacara leucophthalmus","White-eyed Parakeet","Aratinga ojiblanca"
"Psittacara euops","Cuban Parakeet","Aratinga cubana"
"Psittacara chloropterus","Hispaniolan Parakeet","Aratinga de La Española"
"Psittacara maugei","Puerto Rican Parakeet","Aratinga de Puerto Rico"
"Psittrichas fulgidus","Pesquet's Parrot","Loro aguileño"
"Mascarinus mascarinus","Mascarene Parrot","Loro de las Mascareñas"
"Coracopsis vasa","Greater Vasa Parrot","Loro vasa"
"Coracopsis barklyi","Seychelles Black Parrot","Loro de Seychelles"
"Coracopsis sibilans","Comoro Black Parrot","Loro de las Comoras"
"Coracopsis nigra","Lesser Vasa Parrot","Loro negro"
"Micropsitta keiensis","Yellow-capped Pygmy Parrot","Microloro de las Kai"
"Micropsitta geelvinkiana","Geelvink Pygmy Parrot","Microloro de Geelvink"
"Micropsitta pusio","Buff-faced Pygmy Parrot","Microloro pusio"
"Micropsitta meeki","Meek's Pygmy Parrot","Microloro de Meek"
"Micropsitta finschii","Finsch's Pygmy Parrot","Microloro de Finsch"
"Micropsitta bruijnii","Red-breasted Pygmy Parrot","Microloro pechirrojo"
"Polytelis swainsonii","Superb Parrot","Perico soberbio"
"Polytelis anthopeplus","Regent Parrot","Perico regente"
"Polytelis alexandrae","Princess Parrot","Perico princesa"
"Alisterus amboinensis","Moluccan King Parrot","Papagayo moluqueño"
"Alisterus chloropterus","Papuan King Parrot","Papagayo papú"
"Alisterus scapularis","Australian King Parrot","Papagayo australiano"
"Aprosmictus jonquillaceus","Jonquil Parrot","Papagayo de Timor"
"Aprosmictus erythropterus","Red-winged Parrot","Papagayo alirrojo"
"Prioniturus mada","Buru Racket-tail","Lorito momoto de Buru"
"Prioniturus platurus","Golden-mantled Racket-tail","Lorito momoto dorsidorado"
"Prioniturus waterstradti","Mindanao Racket-tail","Lorito momoto de Mindanao"
"Prioniturus montanus","Montane Racket-tail","Lorito momoto montano"
"Prioniturus platenae","Blue-headed Racket-tail","Lorito momoto de Palawan"
"Prioniturus mindorensis","Mindoro Racket-tail","Lorito momoto de Mindoro"
"Prioniturus verticalis","Blue-winged Racket-tail","Lorito momoto de las Sulu"
"Prioniturus flavicans","Yellow-breasted Racket-tail","Lorito momoto amarillento"
"Prioniturus luconensis","Green Racket-tail","Lorito momoto de Luzón"
"Prioniturus discurus","Blue-crowned Racket-tail","Lorito momoto coroniazul"
"Eclectus roratus","Moluccan Eclectus","Loro ecléctico"
"Eclectus cornelia","Sumba Eclectus",NA
"Eclectus riedeli","Tanimbar Eclectus",NA
"Eclectus polychloros","Papuan Eclectus",NA
"Eclectus infectus","Oceanic Eclectus",NA
"Geoffroyus geoffroyi","Red-cheeked Parrot","Lorito carirrojo"
"Geoffroyus simplex","Blue-collared Parrot","Lorito acollarado"
"Geoffroyus heteroclitus","Song Parrot","Lorito heteróclito"
"Psittinus cyanurus","Blue-rumped Parrot","Lorito dorsiazul"
"Psittinus abbotti","Simeulue Parrot","Lorito de la Simeulue"
"Tanygnathus megalorynchos","Great-billed Parrot","Loro picogordo"
"Tanygnathus lucionensis","Blue-naped Parrot","Loro nuquiazul"
"Tanygnathus everetti","Blue-backed Parrot",NA
"Tanygnathus sumatranus","Azure-rumped Parrot","Loro de Müller"
"Tanygnathus gramineus","Black-lored Parrot","Loro de Buru"
"Psittacula finschii","Grey-headed Parakeet","Cotorra de Finsch"
"Psittacula himalayana","Slaty-headed Parakeet","Cotorra del Himalaya"
"Psittacula roseata","Blossom-headed Parakeet","Cotorra carirrosa"
"Psittacula cyanocephala","Plum-headed Parakeet","Cotorra cabeciazul"
"Psittacula alexandri","Red-breasted Parakeet","Cotorra pechirroja"
"Psittacula derbiana","Lord Derby's Parakeet","Cotorra de Derby"
"Psittacula longicauda","Long-tailed Parakeet","Cotorra colilarga"
"Psittacula columboides","Blue-winged Parakeet","Cotorra de Malabar"
"Psittacula calthrapae","Layard's Parakeet","Cotorra de Ceilán"
"Psittacula eupatria","Alexandrine Parakeet","Cotorra alejandrina"
"Psittacula wardi","Seychelles Parakeet","Cotorra de Seychelles"
"Psittacula krameri","Rose-ringed Parakeet","Cotorra de Kramer"
"Psittacula eques","Echo Parakeet","Cotorra de Mauricio"
"Psittacula exsul","Newton's Parakeet","Cotorra de Rodrigues"
"Psittacula caniceps","Nicobar Parakeet","Cotorra de Nicobar"
"Psittacula bensoni","Mascarene Grey Parakeet","Loro gris de Mauricio"
"Psittacella brehmii","Brehm's Tiger Parrot","Lorito tigre de Brehm"
"Psittacella picta","Painted Tiger Parrot","Lorito tigre pintado"
"Psittacella modesta","Modest Tiger Parrot","Lorito tigre modesto"
"Psittacella madaraszi","Madarasz's Tiger Parrot","Lorito tigre de Madarasz"
"Psephotus haematonotus","Red-rumped Parrot","Perico dorsirrojo"
"Northiella haematogaster","Eastern Bluebonnet","Perico cariazul"
"Northiella narethae","Naretha Bluebonnet","Perico naretha"
"Psephotellus varius","Mulga Parrot","Perico variado"
"Psephotellus dissimilis","Hooded Parrot","Perico capirotado"
"Psephotellus chrysopterygius","Golden-shouldered Parrot","Perico aligualdo"
"Psephotellus pulcherrimus","Paradise Parrot","Perico del paraíso"
"Purpureicephalus spurius","Red-capped Parrot","Perico capelo"
"Platycercus caledonicus","Green Rosella","Perico de Tasmania"
"Platycercus elegans","Crimson Rosella","Perico elegante"
"Platycercus venustus","Northern Rosella","Perico gracioso"
"Platycercus adscitus","Pale-headed Rosella","Perico pálido"
"Platycercus eximius","Eastern Rosella","Perico multicolor"
"Platycercus icterotis","Western Rosella","Perico carigualdo"
"Barnardius zonarius","Australian Ringneck","Perico de Port Lincoln"
"Lathamus discolor","Swift Parrot","Periquito migrador"
"Prosopeia splendens","Crimson Shining Parrot","Papagayo escarlata"
"Prosopeia personata","Masked Shining Parrot","Papagayo enmascarado"
"Prosopeia tabuensis","Maroon Shining Parrot","Papagayo granate"
"Eunymphicus cornutus","Horned Parakeet","Perico cornudo"
"Eunymphicus uvaeensis","Ouvea Parakeet","Perico de Uvea"
"Cyanoramphus saisseti","New Caledonian Parakeet","Perico de Nueva Caledonia"
"Cyanoramphus cookii","Norfolk Parakeet","Perico de Norfolk"
"Cyanoramphus subflavescens","Lord Howe Parakeet",NA
"Cyanoramphus forbesi","Chatham Islands Parakeet","Perico de las Chatham"
"Cyanoramphus unicolor","Antipodes Parakeet","Perico de las Antípodas"
"Cyanoramphus malherbi","Malherbe's Parakeet","Perico maorí montano"
"Cyanoramphus hochstetteri","Reischek's Parakeet","Perico de Reischek"
"Cyanoramphus auriceps","Yellow-crowned Parakeet","Perico maorí cabecigualdo"
"Cyanoramphus novaezelandiae","Red-crowned Parakeet","Perico maorí cabecirrojo"
"Cyanoramphus zealandicus","Black-fronted Parakeet","Perico frentinegro"
"Cyanoramphus ulietanus","Raiatea Parakeet","Perico de Raiatea"
"Pezoporus wallicus","Ground Parrot","Perico terrestre"
"Pezoporus occidentalis","Night Parrot","Perico nocturno"
"Neopsephotus bourkii","Bourke's Parrot","Periquito rosado"
"Neophema chrysostoma","Blue-winged Parrot","Periquito crisóstomo"
"Neophema elegans","Elegant Parrot","Periquito elegante"
"Neophema petrophila","Rock Parrot","Periquito roquero"
"Neophema chrysogaster","Orange-bellied Parrot","Periquito ventrinaranja"
"Neophema pulchella","Turquoise Parrot","Periquito turquesa"
"Neophema splendida","Scarlet-chested Parrot","Periquito espléndido"
"Oreopsittacus arfaki","Plum-faced Lorikeet","Lori bigotudo"
"Charminetta wilhelminae","Pygmy Lorikeet","Lori pigmeo"
"Hypocharmosyna rubronotata","Red-fronted Lorikeet","Lori frentirrojo"
"Hypocharmosyna placentis","Red-flanked Lorikeet","Lori flanquirrojo"
"Charmosynopsis toxopei","Blue-fronted Lorikeet","Lori de Buru"
"Charmosynopsis pulchella","Fairy Lorikeet","Lori lindo"
"Synorhacma multistriata","Striated Lorikeet","Lori estriado"
"Charmosyna josefinae","Josephine's Lorikeet","Lori de Josefina"
"Charmosyna papou","West Papuan Lorikeet","Lori papú"
"Charmosyna stellae","Stella's Lorikeet","Lori de Stella"
"Charmosynoides margarethae","Duchess Lorikeet","Lori de Margarita"
"Vini meeki","Meek's Lorikeet","Lori de Meek"
"Vini rubrigularis","Red-chinned Lorikeet","Lori barbirrojo"
"Vini palmarum","Palm Lorikeet","Lori palmero"
"Vini amabilis","Red-throated Lorikeet","Lori gorjirrojo"
"Vini diadema","New Caledonian Lorikeet","Lori diadema"
"Vini solitaria","Collared Lory","Lori solitario"
"Vini australis","Blue-crowned Lorikeet","Lori de Samoa"
"Vini ultramarina","Ultramarine Lorikeet","Lori ultramar"
"Vini stepheni","Stephen's Lorikeet","Lori de Stephen"
"Vini kuhlii","Kuhl's Lorikeet","Lori de Rimatara"
"Vini peruviana","Blue Lorikeet","Lori monjita"
"Neopsittacus musschenbroekii","Yellow-billed Lorikeet","Lori montano grande"
"Neopsittacus pullicauda","Orange-billed Lorikeet","Lori montano chico"
"Lorius albidinucha","White-naped Lory","Lori nuquiblanco"
"Lorius chlorocercus","Yellow-bibbed Lory","Lori acollarado"
"Lorius domicella","Purple-naped Lory","Lori damisela"
"Lorius garrulus","Chattering Lory","Lori gárrulo"
"Lorius hypoinochrous","Purple-bellied Lory","Lori ventrivinoso"
"Lorius lory","Black-capped Lory","Lori tricolor"
"Psitteuteles versicolor","Varied Lorikeet","Lori versicolor"
"Parvipsitta porphyrocephala","Purple-crowned Lorikeet","Lori coronipúrpura"
"Parvipsitta pusilla","Little Lorikeet","Lori carirrojo"
"Pseudeos fuscata","Dusky Lory","Lori sombrío"
"Pseudeos cardinalis","Cardinal Lory","Lori cardenal"
"Chalcopsitta duivenbodei","Brown Lory","Lori pardo"
"Chalcopsitta atra","Black Lory","Lori negro"
"Chalcopsitta scintillata","Yellow-streaked Lory","Lori chispeado"
"Glossoptilus goldiei","Goldie's Lorikeet","Lori de Goldie"
"Glossopsitta concinna","Musk Lorikeet","Lori almizclero"
"Saudareos johnstoniae","Mindanao Lorikeet","Lori de Mindanao"
"Saudareos iris","Iris Lorikeet","Lori iris"
"Saudareos flavoviridis","Sula Lorikeet","Lori verdigualdo"
"Saudareos meyeri","Yellow-cheeked Lorikeet","Lori mostaza"
"Saudareos ornata","Ornate Lorikeet","Lori adornado"
"Eos reticulata","Blue-streaked Lory","Lori de las Tanimbar"
"Eos semilarvata","Blue-eared Lory","Lori de Seram"
"Eos bornea","Red Lory","Lori rojo"
"Eos cyanogenia","Black-winged Lory","Lori alinegro"
"Eos histrio","Red-and-blue Lory","Lori de las Sangihe"
"Eos squamata","Violet-necked Lory","Lori escamoso"
"Trichoglossus rubiginosus","Pohnpei Lorikeet","Lori de Ponapé"
"Trichoglossus chlorolepidotus","Scaly-breasted Lorikeet","Lori escuamiverde"
"Trichoglossus haematodus","Coconut Lorikeet","Lori de cocotero"
"Trichoglossus rosenbergii","Biak Lorikeet","Lori de Biak"
"Trichoglossus moluccanus","Rainbow Lorikeet","Lori arcoiris"
"Trichoglossus rubritorquis","Red-collared Lorikeet","Lori cuellirrojo"
"Trichoglossus euteles","Olive-headed Lorikeet","Lori humilde"
"Trichoglossus capistratus","Marigold Lorikeet","Lori embridado"
"Trichoglossus weberi","Leaf Lorikeet","Lori de Flores"
"Trichoglossus forsteni","Sunset Lorikeet","Lori pechiescarlata"
"Melopsittacus undulatus","Budgerigar","Periquito común"
"Nannopsittacus gulielmitertii","Blue-fronted Fig Parrot","Lorito pechinaranja"
"Nannopsittacus nigrifrons","Black-fronted Fig Parrot","Lorito frentinegro"
"Nannopsittacus melanogenia","Dusky-cheeked Fig Parrot","Lorito carinegro"
"Cyclopsitta diophthalma","Double-eyed Fig Parrot","Lorito dobleojo"
"Cyclopsitta desmarestii","Large Fig Parrot","Lorito de Desmarest"
"Cyclopsitta edwardsii","Edwards's Fig Parrot","Lorito de Edwards"
"Cyclopsitta salvadorii","Salvadori's Fig Parrot","Lorito de Salvadori"
"Bolbopsittacus lunulatus","Guaiabero","Lorito guayabero"
"Loriculus vernalis","Vernal Hanging Parrot","Lorículo vernal"
"Loriculus beryllinus","Sri Lanka Hanging Parrot","Lorículo de Ceilán"
"Loriculus philippensis","Philippine Hanging Parrot","Lorículo filipino"
"Loriculus camiguinensis","Camiguin Hanging Parrot","Lorículo de Camiguin"
"Loriculus bonapartei","Black-billed Hanging Parrot",NA
"Loriculus galgulus","Blue-crowned Hanging Parrot","Lorículo coroniazul"
"Loriculus stigmatus","Great Hanging Parrot","Lorículo de Célebes"
"Loriculus amabilis","Moluccan Hanging Parrot","Lorículo amable"
"Loriculus sclateri","Sula Hanging Parrot","Lorículo de las Sula"
"Loriculus catamene","Sangihe Hanging Parrot","Lorículo de la Sangihe"
"Loriculus aurantiifrons","Orange-fronted Hanging Parrot","Lorículo papú"
"Loriculus tener","Bismarck Hanging Parrot","Lorículo de las Bismarck"
"Loriculus exilis","Pygmy Hanging Parrot","Lorículo exiguo"
"Loriculus pusillus","Yellow-throated Hanging Parrot","Lorículo de Java"
"Loriculus flosculus","Wallace's Hanging Parrot","Lorículo de Flores"
"Agapornis canus","Grey-headed Lovebird","Inseparable malgache"
"Agapornis pullarius","Red-headed Lovebird","Inseparable carirrojo"
"Agapornis taranta","Black-winged Lovebird","Inseparable abisinio"
"Agapornis swindernianus","Black-collared Lovebird","Inseparable acollarado"
"Agapornis roseicollis","Rosy-faced Lovebird","Inseparable de Namibia"
"Agapornis fischeri","Fischer's Lovebird","Inseparable de Fischer"
"Agapornis personatus","Yellow-collared Lovebird","Inseparable cabecinegro"
"Agapornis lilianae","Lilian's Lovebird","Inseparable del Nyasa"
"Agapornis nigrigenis","Black-cheeked Lovebird","Inseparable cachetón"
"Lophopsittacus mauritianus","Broad-billed Parrot","Loro de Pico Ancho"
"Necropsittacus rodricanus","Rodrigues Parrot","Loro de Rodríguez"
"Acanthisitta chloris","Rifleman","Acantisita verdoso"
"Xenicus longipes","Bushwren","Acantisita de matorral"
"Xenicus gilviventris","New Zealand Rockwren","Acantisita roquero"
"Traversia lyalli","Lyall's Wren","Acantisita de la Stephens"
"Sapayoa aenigma","Sapayoa","Sapayoa"
"Philepitta schlegeli","Schlegel's Asity","Filepita de Schlegel"
"Philepitta castanea","Velvet Asity","Filepita aterciopelada"
"Neodrepanis coruscans","Common Sunbird-Asity","Filepita-suimanga común"
"Neodrepanis hypoxantha","Yellow-bellied Sunbird-Asity","Filepita-suimanga ventrigualda"
"Pseudocalyptomena graueri","Grauer's Broadbill","Eurilaimo de Grauer"
"Psarisomus dalhousiae","Long-tailed Broadbill","Eurilaimo lorito"
"Corydon sumatranus","Dusky Broadbill","Eurilaimo sombrío"
"Sarcophanops samarensis","Visayan Broadbill","Eurilaimo de las Visayan"
"Sarcophanops steerii","Wattled Broadbill","Eurilaimo de Mindanao"
"Serilophus rubropygius","Grey-lored Broadbill","Eurilaimo cejigrís"
"Serilophus lunatus","Silver-breasted Broadbill","Eurilaimo pechoplata"
"Cymbirhynchus macrorhynchos","Black-and-red Broadbill","Eurilaimo rojinegro"
"Eurylaimus javanicus","Banded Broadbill","Eurilaimo de Java"
"Eurylaimus ochromalus","Black-and-yellow Broadbill","Eurilaimo negrigualdo"
"Smithornis sharpei","Grey-headed Broadbill","Eurilaimo cabecigrís"
"Smithornis rufolateralis","Rufous-sided Broadbill","Eurilaimo flanquirrojo"
"Smithornis capensis","African Broadbill","Eurilaimo africano"
"Calyptomena viridis","Green Broadbill","Eurilaimo verde"
"Calyptomena hosii","Hose's Broadbill","Eurilaimo de Hose"
"Calyptomena whiteheadi","Whitehead's Broadbill","Eurilaimo de Whitehead"
"Hydrornis phayrei","Eared Pitta","Pita orejuda"
"Hydrornis caeruleus","Giant Pitta","Pita gigante"
"Hydrornis oatesi","Rusty-naped Pitta","Pita rojiza"
"Hydrornis schneideri","Schneider's Pitta","Pita de Schneider"
"Hydrornis nipalensis","Blue-naped Pitta","Pita nuquiazul"
"Hydrornis soror","Blue-rumped Pitta","Pita lomiazul"
"Hydrornis irena","Malayan Banded Pitta","Pita barrada malaya"
"Hydrornis guajanus","Javan Banded Pitta","Pita barrada de Java"
"Hydrornis schwaneri","Bornean Banded Pitta","Pita barrada de Borneo"
"Hydrornis baudii","Blue-headed Pitta","Pita cabeciazul"
"Hydrornis cyaneus","Blue Pitta","Pita azul"
"Hydrornis gurneyi","Gurney's Pitta","Pita de Gurney"
"Hydrornis elliotii","Bar-bellied Pitta","Pita de Elliot"
"Erythropitta kochi","Whiskered Pitta","Pita de Luzón"
"Erythropitta erythrogaster","Philippine Pitta","Pita ventrirroja"
"Erythropitta dohertyi","Sula Pitta","Pita de las Sula"
"Erythropitta celebensis","Sulawesi Pitta","Pita de Célebes"
"Erythropitta rufiventris","North Moluccan Pitta","Pita moluqueña septentrional"
"Erythropitta rubrinucha","South Moluccan Pitta","Pita moluqueña meridional"
"Erythropitta macklotii","Papuan Pitta","Pita de Nueva Guinea"
"Erythropitta novaehibernicae","Bismarck Pitta","Pita de Nueva Irlanda"
"Erythropitta meeki","Louisiade Pitta","Pita de las Luisiadas"
"Erythropitta venusta","Graceful Pitta","Pita graciosa"
"Erythropitta granatina","Garnet Pitta","Pita granate"
"Erythropitta ussheri","Black-crowned Pitta","Pita de Ussher"
"Erythropitta arquata","Blue-banded Pitta","Pita bandeada"
"Pitta angolensis","African Pitta","Pita angoleña"
"Pitta reichenowi","Green-breasted Pitta","Pita pechiverde"
"Pitta brachyura","Indian Pitta","Pita india"
"Pitta moluccensis","Blue-winged Pitta","Pita aliazul"
"Pitta megarhyncha","Mangrove Pitta","Pita de manglar"
"Pitta sordida","Western Hooded Pitta","Pita encapuchada occidental"
"Pitta abbotti","Nicobar Hooded Pitta",NA
"Pitta forsteni","Minahasa Hooded Pitta",NA
"Pitta novaeguineae","Eastern Hooded Pitta","Pita encapuchada oriental"
"Pitta rosenbergii","Biak Hooded Pitta","Pita encapuchada de Biak"
"Pitta nympha","Fairy Pitta","Pita ninfa"
"Pitta versicolor","Noisy Pitta","Pita bulliciosa"
"Pitta maxima","Ivory-breasted Pitta","Pita de Halmahera"
"Pitta concinna","Ornate Pitta","Pita ventrinegra"
"Pitta elegans","Elegant Pitta","Pita elegante"
"Pitta vigorsii","Banda Sea Pitta","Pita gorjiblanca"
"Pitta anerythra","Black-faced Pitta","Pita carinegra"
"Pitta steerii","Azure-breasted Pitta","Pita de Mindanao"
"Pitta superba","Superb Pitta","Pita soberbia"
"Pitta iris","Rainbow Pitta","Pita arcoiris"
"Sclerurus mexicanus","Tawny-throated Leaftosser","Tirahojas mexicano"
"Sclerurus obscurior","Dusky Leaftosser","Tirahojas oscuro"
"Sclerurus rufigularis","Short-billed Leaftosser","Tirahojas piquicorto"
"Sclerurus guatemalensis","Scaly-throated Leaftosser","Tirahojas guatemalteco"
"Sclerurus caudacutus","Black-tailed Leaftosser","Tirahojas colinegro"
"Sclerurus albigularis","Grey-throated Leaftosser","Tirahojas gorjigrís"
"Sclerurus scansor","Rufous-breasted Leaftosser","Tirahojas ogarití"
"Geositta peruviana","Coastal Miner","Minero peruano"
"Geositta tenuirostris","Slender-billed Miner","Minero picudo"
"Geositta cunicularia","Common Miner","Minero común"
"Geositta punensis","Puna Miner","Minero puneño"
"Geositta poeciloptera","Campo Miner","Minero brasileño"
"Geositta crassirostris","Thick-billed Miner","Minero picogrueso"
"Geositta rufipennis","Rufous-banded Miner","Minero rojizo"
"Geositta maritima","Greyish Miner","Minero gris"
"Geositta antarctica","Short-billed Miner","Minero austral"
"Geositta saxicolina","Dark-winged Miner","Minero alioscuro"
"Geositta isabellina","Creamy-rumped Miner","Minero grande"
"Certhiasomus stictolaemus","Spot-throated Woodcreeper","Trepatroncos gorjipunteado"
"Sittasomus griseicapillus","Olivaceous Woodcreeper","Trepatroncos oliváceo oriental"
"Deconychura typica","Little Long-tailed Woodcreeper","Trepatroncos colilargo pequeño"
"Deconychura longicauda","Northern Long-tailed Woodcreeper","Trepatroncos colilargo norteño"
"Deconychura pallida","Southern Long-tailed Woodcreeper","Trepatroncos colilargo sureño"
"Dendrocincla tyrannina","Tyrannine Woodcreeper","Trepatroncos tiranino"
"Dendrocincla merula","White-chinned Woodcreeper","Trepatroncos barbiblanco"
"Dendrocincla homochroa","Ruddy Woodcreeper","Trepatroncos rojizo"
"Dendrocincla anabatina","Tawny-winged Woodcreeper","Trepatroncos sepia"
"Dendrocincla fuliginosa","Plain-brown Woodcreeper","Trepatroncos fuliginoso"
"Dendrocincla turdina","Plain-winged Woodcreeper","Trepatroncos turdino"
"Glyphorynchus spirurus","Wedge-billed Woodcreeper","Trepatroncos picocuña"
"Dendrexetastes rufigula","Cinnamon-throated Woodcreeper","Trepatroncos gorjicanelo"
"Nasica longirostris","Long-billed Woodcreeper","Trepatroncos piquilargo"
"Dendrocolaptes sanctithomae","Northern Barred Woodcreeper","Trepatroncos barrado occidental"
"Dendrocolaptes certhia","Amazonian Barred Woodcreeper","Trepatroncos barrado amazónico"
"Dendrocolaptes picumnus","Black-banded Woodcreeper","Trepatroncos variable"
"Dendrocolaptes hoffmannsi","Hoffmanns's Woodcreeper","Trepatroncos de Hoffmanns"
"Dendrocolaptes platyrostris","Planalto Woodcreeper","Trepatroncos oscuro"
"Hylexetastes stresemanni","Bar-bellied Woodcreeper","Trepatroncos de Stresemann"
"Hylexetastes perrotii","Red-billed Woodcreeper","Trepatroncos piquirrojo"
"Hylexetastes uniformis","Uniform Woodcreeper","Trepatroncos Uniforme"
"Xiphocolaptes promeropirhynchus","Strong-billed Woodcreeper","Trepatroncos picofuerte"
"Xiphocolaptes falcirostris","Moustached Woodcreeper","Trepatroncos bigotudo"
"Xiphocolaptes albicollis","White-throated Woodcreeper","Trepatroncos gorjiblanco"
"Xiphocolaptes major","Great Rufous Woodcreeper","Trepatroncos colorado"
"Xiphorhynchus obsoletus","Striped Woodcreeper","Trepatroncos loco"
"Xiphorhynchus fuscus","Lesser Woodcreeper","Trepatroncos enano"
"Xiphorhynchus atlanticus","Ceara Woodcreeper","Trepatroncos atlántico"
"Xiphorhynchus pardalotus","Chestnut-rumped Woodcreeper","Trepatroncos silbador"
"Xiphorhynchus ocellatus","Ocellated Woodcreeper","Trepatroncos ocelado meridional"
"Xiphorhynchus elegans","Elegant Woodcreeper","Trepatroncos elegante"
"Xiphorhynchus spixii","Spix's Woodcreeper","Trepatroncos de Spix"
"Xiphorhynchus guttatus","Buff-throated Woodcreeper","Trepatroncos pegón"
"Xiphorhynchus susurrans","Cocoa Woodcreeper","Trepatroncos Cacao"
"Xiphorhynchus flavigaster","Ivory-billed Woodcreeper","Trepatroncos picomarfil"
"Xiphorhynchus lachrymosus","Black-striped Woodcreeper","Trepatroncos pinto"
"Xiphorhynchus erythropygius","Spotted Woodcreeper","Trepatroncos manchado norteño"
"Xiphorhynchus triangularis","Olive-backed Woodcreeper","Trepatroncos dorsioliva"
"Dendroplex picus","Straight-billed Woodcreeper","Trepatroncos piquirrecto"
"Dendroplex kienerii","Zimmer's Woodcreeper","Trepatroncos de Zimmer"
"Campylorhamphus trochilirostris","Red-billed Scythebill","Picoguadaña piquirrojo"
"Campylorhamphus falcularius","Black-billed Scythebill","Picoguadaña piquinegro"
"Campylorhamphus procurvoides","Curve-billed Scythebill","Picoguadaña del Amazonas"
"Campylorhamphus probatus","Tapajos Scythebill","Picoguadaña del Tapajós"
"Campylorhamphus multostriatus","Xingu Scythebill","Picoguadaña del Xingu"
"Campylorhamphus pusillus","Brown-billed Scythebill","Picoguadaña andino"
"Drymotoxeres pucheranii","Greater Scythebill","Picoguadaña grande"
"Drymornis bridgesii","Scimitar-billed Woodcreeper","Trepatroncos chinchero"
"Lepidocolaptes leucogaster","White-striped Woodcreeper","Trepatroncos escarchado"
"Lepidocolaptes souleyetii","Streak-headed Woodcreeper","Trepatroncos cabecirrayado"
"Lepidocolaptes angustirostris","Narrow-billed Woodcreeper","Trepatroncos chico"
"Lepidocolaptes affinis","Spot-crowned Woodcreeper","Trepatroncos coronipunteado norteño"
"Lepidocolaptes lacrymiger","Montane Woodcreeper","Trepatroncos montano"
"Lepidocolaptes squamatus","Scaled Woodcreeper","Trepatroncos escamado"
"Lepidocolaptes falcinellus","Scalloped Woodcreeper","Trepatroncos festoneado"
"Lepidocolaptes albolineatus","Guianan Woodcreeper","Trepatroncos listado"
"Lepidocolaptes duidae","Duida Woodcreeper","Trepatroncos del Duida"
"Lepidocolaptes fatimalimae","Inambari Woodcreeper","Trepatrocos del Inambari"
"Lepidocolaptes fuscicapillus","Dusky-capped Woodcreeper","Trepatroncos cabecipardo"
"Xenops tenuirostris","Slender-billed Xenops","Picolezna picofino"
"Xenops mexicanus","Northern Plain Xenops",NA
"Xenops genibarbis","Amazonian Plain Xenops","Picolezna liso"
"Xenops minutus","Atlantic Plain Xenops","Picolezna gorjiblanco"
"Xenops rutilans","Streaked Xenops","Picolezna rojizo"
"Berlepschia rikeri","Point-tailed Palmcreeper","Palmero"
"Microxenops milleri","Rufous-tailed Xenops","Picolezna colirrufo"
"Pygarrhichas albogularis","White-throated Treerunner","Picolezna comesebo"
"Ochetorhynchus ruficaudus","Straight-billed Earthcreeper","Bandurrita piquirrecta"
"Ochetorhynchus andaecola","Rock Earthcreeper","Bandurrita roquera"
"Ochetorhynchus phoenicurus","Band-tailed Earthcreeper","Bandurrita patagona"
"Ochetorhynchus melanurus","Crag Chilia","Chiricoca"
"Pseudocolaptes lawrencii","Buffy Tuftedcheek","Trepamusgos barbablanca panameño"
"Pseudocolaptes johnsoni","Pacific Tuftedcheek","Trepamusgos barbablanca del Pacífico"
"Pseudocolaptes boissonneautii","Streaked Tuftedcheek","Trepamusgos barbablanca andino"
"Premnornis guttuliger","Rusty-winged Barbtail","Subepalo alirrojizo"
"Tarphonomus harterti","Bolivian Earthcreeper","Bandurrita boliviana"
"Tarphonomus certhioides","Chaco Earthcreeper","Bandurrita chaqueña"
"Furnarius figulus","Band-tailed Hornero","Hornero colibandeado"
"Furnarius cinnamomeus","Pacific Hornero","Hornero del Pacífico"
"Furnarius longirostris","Caribbean Hornero","Hornero del Caribe"
"Furnarius leucopus","Pale-legged Hornero","Hornero paticlaro"
"Furnarius torridus","Bay Hornero","Hornero castaño"
"Furnarius minor","Lesser Hornero","Hornero chico"
"Furnarius rufus","Rufous Hornero","Hornero común"
"Furnarius cristatus","Crested Hornero","Hornero copetón"
"Lochmias nematura","Sharp-tailed Streamcreeper","Riachuelero"
"Phleocryptes melanops","Wren-like Rushbird","Junquero"
"Limnornis curvirostris","Curve-billed Reedhaunter","Pajonalera piquicurva"
"Geocerthia serrana","Striated Earthcreeper","Bandurrita estriada"
"Upucerthia dumetaria","Scale-throated Earthcreeper","Bandurrita común"
"Upucerthia saturatior","Patagonian Forest Earthcreeper","Bandurrita saturada"
"Upucerthia albigula","White-throated Earthcreeper","Bandurrita de Arica"
"Upucerthia validirostris","Buff-breasted Earthcreeper","Bandurrita ocrácea"
"Cinclodes pabsti","Long-tailed Cinclodes","Remolinera colilarga"
"Cinclodes antarcticus","Blackish Cinclodes","Remolinera negruzca"
"Cinclodes fuscus","Buff-winged Cinclodes","Remolinera fusca"
"Cinclodes comechingonus","Cordoba Cinclodes","Remolinera de Córdoba"
"Cinclodes albidiventris","Chestnut-winged Cinclodes","Remolinera común septentrional"
"Cinclodes albiventris","Cream-winged Cinclodes","Remolinera común meridional"
"Cinclodes olrogi","Olrog's Cinclodes","Remolinera de Olrog"
"Cinclodes oustaleti","Grey-flanked Cinclodes","Remolinera chica"
"Cinclodes excelsior","Stout-billed Cinclodes","Remolinera ecuatoriana"
"Cinclodes aricomae","Royal Cinclodes","Remolinera real"
"Cinclodes palliatus","White-bellied Cinclodes","Remolinera ventriblanca"
"Cinclodes atacamensis","White-winged Cinclodes","Remolinera castaña"
"Cinclodes patagonicus","Dark-bellied Cinclodes","Remolinera araucana"
"Cinclodes taczanowskii","Peruvian Seaside Cinclodes","Remolinera costera peruana"
"Cinclodes nigrofumosus","Chilean Seaside Cinclodes","Remolinera costera chilena"
"Anabazenops dorsalis","Bamboo Foliage-gleaner","Ticotico carioscuro"
"Anabazenops fuscus","White-collared Foliage-gleaner","Ticotico acollarado"
"Megaxenops parnaguae","Great Xenops","Picolezna grande"
"Cichlocolaptes leucophrus","Pale-browed Treehunter","Ticotico cejipálido grande"
"Cichlocolaptes mazarbarnetti","Cryptic Treehunter","Ticotico críptico"
"Heliobletus contaminatus","Sharp-billed Treehunter","Ticotico estriado"
"Neophilydor fuscipenne","Slaty-winged Foliage-gleaner","Ticotico aligrís"
"Neophilydor erythrocercum","Rufous-rumped Foliage-gleaner","Ticotico lomirrufo"
"Philydor novaesi","Alagoas Foliage-gleaner","Ticotico de Alagoas"
"Philydor atricapillus","Black-capped Foliage-gleaner","Ticotico cabecinegro"
"Philydor pyrrhodes","Cinnamon-rumped Foliage-gleaner","Ticotico lomicanelo"
"Anabacerthia striaticollis","Montane Foliage-gleaner","Ticotico montano"
"Anabacerthia variegaticeps","Scaly-throated Foliage-gleaner","Ticotico de anteojos"
"Anabacerthia ruficaudata","Rufous-tailed Foliage-gleaner","Ticotico colirrufo"
"Anabacerthia amaurotis","White-browed Foliage-gleaner","Ticotico cejiblanco"
"Anabacerthia lichtensteini","Ochre-breasted Foliage-gleaner","Ticotico ocráceo chico"
"Syndactyla rufosuperciliata","Buff-browed Foliage-gleaner","Ticotico cejudo"
"Syndactyla dimidiata","Planalto Foliage-gleaner","Ticotico del Planalto"
"Syndactyla roraimae","Tepui Foliage-gleaner","Ticotico gorjiblanco"
"Syndactyla subalaris","Lineated Foliage-gleaner","Ticotico rayado"
"Syndactyla ruficollis","Rufous-necked Foliage-gleaner","Ticotico cuellirrufo"
"Syndactyla guttulata","Guttulate Foliage-gleaner","Ticotico goteado"
"Syndactyla ucayalae","Peruvian Recurvebill","Ticotico picolezna peruano"
"Syndactyla striata","Bolivian Recurvebill","Ticotico picolezna boliviano"
"Ancistrops strigilatus","Chestnut-winged Hookbill","Ticotico picogancho"
"Dendroma rufa","Buff-fronted Foliage-gleaner","Ticotico ocráceo grande"
"Dendroma erythroptera","Chestnut-winged Foliage-gleaner","Ticotico alicastaño"
"Clibanornis dendrocolaptoides","Canebrake Groundcreeper","Espinero tacuatí"
"Clibanornis rectirostris","Henna-capped Foliage-gleaner","Ticotico cabecirrufo oriental"
"Clibanornis erythrocephalus","Henna-hooded Foliage-gleaner","Ticotico cabecirrufo occidental"
"Clibanornis rubiginosus","Ruddy Foliage-gleaner","Ticotico castaño"
"Clibanornis rufipectus","Santa Marta Foliage-gleaner","Ticotico de Santa Marta"
"Thripadectes ignobilis","Uniform Treehunter","Trepamusgos uniforme"
"Thripadectes flammulatus","Flammulated Treehunter","Trepamusgos flamulado"
"Thripadectes scrutator","Peruvian Treehunter","Trepamusgos peruano"
"Thripadectes rufobrunneus","Streak-breasted Treehunter","Trepamusgos pechirrayado"
"Thripadectes melanorhynchus","Black-billed Treehunter","Trepamusgos piquinegro"
"Thripadectes holostictus","Striped Treehunter","Trepamusgos listado"
"Thripadectes virgaticeps","Streak-capped Treehunter","Trepamusgos cabecirrayado"
"Automolus rufipileatus","Chestnut-crowned Foliage-gleaner","Ticotico coronicastaño"
"Automolus melanopezus","Brown-rumped Foliage-gleaner","Ticotico pardo"
"Automolus cervinigularis","Fawn-throated Foliage-gleaner",NA
"Automolus ochrolaemus","Ochre-throated Foliage-gleaner","Ticotico gorjiclaro"
"Automolus exsertus","Chiriqui Foliage-gleaner","Ticotico de Chiriquí"
"Automolus virgatus","Western Woodhaunter","Ticotico listado occidental"
"Automolus subulatus","Eastern Woodhaunter","Ticotico listado amazónico"
"Automolus infuscatus","Olive-backed Foliage-gleaner","Ticotico oliváceo"
"Automolus paraensis","Para Foliage-gleaner","Ticotico de Pará"
"Automolus lammi","Pernambuco Foliage-gleaner","Ticotico de Pernambuco"
"Automolus leucophthalmus","White-eyed Foliage-gleaner","Ticotico ojiblanco"
"Premnoplex brunnescens","Spotted Barbtail","Subepalo moteado"
"Premnoplex tatei","White-throated Barbtail","Subepalo gorjiblanco"
"Margarornis bellulus","Beautiful Treerunner","Subepalo bonito"
"Margarornis rubiginosus","Ruddy Treerunner","Subepalo rojizo"
"Margarornis stellatus","Star-chested Treerunner","Subepalo estrellado"
"Margarornis squamiger","Pearled Treerunner","Subepalo perlado"
"Aphrastura spinicauda","Thorn-tailed Rayadito","Rayadito común"
"Aphrastura masafuerae","Masafuera Rayadito","Rayadito de Más Afuera"
"Sylviorthorhynchus desmurii","Des Murs's Wiretail","Tijeral colilargo"
"Sylviorthorhynchus yanacensis","Tawny Tit-Spinetail","Tijeral de Yánac"
"Leptasthenura fuliginiceps","Brown-capped Tit-Spinetail","Tijeral canelo"
"Leptasthenura platensis","Tufted Tit-Spinetail","Tijeral copetón"
"Leptasthenura aegithaloides","Plain-mantled Tit-Spinetail","Tijeral colinegro costeño"
"Leptasthenura striolata","Striolated Tit-Spinetail","Tijeral brasileño"
"Leptasthenura pileata","Rusty-crowned Tit-Spinetail","Tijeral coronado"
"Leptasthenura xenothorax","White-browed Tit-Spinetail","Tijeral cejiblanco"
"Leptasthenura striata","Streak-backed Tit-Spinetail","Tijeral listado"
"Leptasthenura andicola","Andean Tit-Spinetail","Tijeral andino"
"Leptasthenura setaria","Araucaria Tit-Spinetail","Tijeral de las araucarias"
"Phacellodomus rufifrons","Rufous-fronted Thornbird","Espinero frentirrufo"
"Phacellodomus inornatus","Plain Thornbird","Espinero liso"
"Phacellodomus striaticeps","Streak-fronted Thornbird","Espinero andino"
"Phacellodomus sibilatrix","Little Thornbird","Espinero chico"
"Phacellodomus dorsalis","Chestnut-backed Thornbird","Espinero dorsicastaño"
"Phacellodomus maculipectus","Spot-breasted Thornbird","Espinero pechimoteado"
"Phacellodomus striaticollis","Freckle-breasted Thornbird","Espinero pechirrayado"
"Phacellodomus ruber","Greater Thornbird","Espinero grande"
"Phacellodomus erythrophthalmus","Orange-eyed Thornbird","Espinero ojirrubio"
"Phacellodomus ferrugineigula","Orange-breasted Thornbird","Espinero pechicanelo"
"Hellmayrea gularis","White-browed Spinetail","Pijuí paramero"
"Anumbius annumbi","Firewood-gatherer","Leñatero"
"Coryphistera alaudina","Lark-like Brushrunner","Espinero crestudo"
"Asthenes huancavelicae","Pale-tailed Canastero","Canastero de Huancavelica"
"Asthenes arequipae","Dark-winged Canastero","Canastero de Arequipa"
"Asthenes dorbignyi","Rusty-vented Canastero","Canastero rojizo"
"Asthenes berlepschi","Berlepsch's Canastero","Canastero de Berlepsch"
"Asthenes baeri","Short-billed Canastero","Canastero chaqueño"
"Asthenes luizae","Cipo Canastero","Canastero de Cipó"
"Asthenes hudsoni","Hudson's Canastero","Canastero pampeano"
"Asthenes anthoides","Austral Canastero","Canastero austral"
"Asthenes urubambensis","Line-fronted Canastero","Canastero del Urubamba"
"Asthenes flammulata","Many-striped Canastero","Canastero flamulado"
"Asthenes virgata","Junin Canastero","Canastero de Junín"
"Asthenes maculicauda","Scribble-tailed Canastero","Canastero estriado"
"Asthenes wyatti","Streak-backed Canastero","Canastero de Wyatt"
"Asthenes humilis","Streak-throated Canastero","Canastero gorjiestriado"
"Asthenes modesta","Cordilleran Canastero","Canastero pálido"
"Asthenes moreirae","Itatiaia Spinetail","Piscuiz de Itatiaia"
"Asthenes pyrrholeuca","Sharp-billed Canastero","Canastero coludo"
"Asthenes harterti","Black-throated Thistletail","Piscuiz gorjinegro"
"Asthenes helleri","Puna Thistletail","Piscuiz de la puna"
"Asthenes vilcabambae","Vilcabamba Thistletail","Piscuiz de Vilcabamba"
"Asthenes ayacuchensis","Ayacucho Thistletail","Piscuiz de Ayacucho"
"Asthenes pudibunda","Canyon Canastero","Canastero peruano"
"Asthenes ottonis","Rusty-fronted Canastero","Canastero frentirrufo"
"Asthenes heterura","Maquis Canastero","Canastero de Iquico"
"Asthenes palpebralis","Eye-ringed Thistletail","Piscuiz de anteojos"
"Asthenes coryi","Ochre-browed Thistletail","Piscuiz de Cory"
"Asthenes perijana","Perija Thistletail","Piscuiz del Perijá"
"Asthenes fuliginosa","White-chinned Thistletail","Piscuiz barbiblanco"
"Asthenes griseomurina","Mouse-colored Thistletail","Piscuiz ratón"
"Acrobatornis fonsecai","Pink-legged Graveteiro","Graveteiro"
"Metopothrix aurantiaca","Orange-fronted Plushcrown","Coronafelpa"
"Xenerpestes minlosi","Double-banded Greytail","Colagrís norteño"
"Xenerpestes singularis","Equatorial Greytail","Colagrís sureño"
"Siptornis striaticollis","Spectacled Prickletail","Curutié frontino"
"Roraimia adusta","Roraiman Barbtail","Subepalo del Roraima"
"Thripophaga gutturata","Speckled Spinetail","Curutié jaspeado"
"Thripophaga macroura","Striated Softtail","Colasuave estriado"
"Thripophaga cherriei","Orinoco Softtail","Colasuave del Orinoco"
"Thripophaga amacurensis","Delta Amacuro Softtail","Colasuave del Amacuro"
"Thripophaga fusciceps","Plain Softtail","Colasuave sencillo"
"Limnoctites rectirostris","Straight-billed Reedhaunter","Pajonalera piquirrecta"
"Limnoctites sulphuriferus","Sulphur-bearded Reedhaunter","Curutié ocráceo"
"Cranioleuca berlepschi","Russet-mantled Softtail","Colasuave dorsirrufo"
"Cranioleuca weskei","Vilcabamba Spinetail","Curutié de Vilcabamba"
"Cranioleuca marcapatae","Marcapata Spinetail","Curutié de Marcapata"
"Cranioleuca albiceps","Light-crowned Spinetail","Curutié coronado"
"Cranioleuca vulpina","Rusty-backed Spinetail","Curutié vulpino"
"Cranioleuca dissita","Coiba Spinetail","Curutié de la Coiba"
"Cranioleuca vulpecula","Parker's Spinetail","Curutié de Parker"
"Cranioleuca subcristata","Crested Spinetail","Curutié copetón"
"Cranioleuca pyrrhophia","Stripe-crowned Spinetail","Curutié ventriblanco"
"Cranioleuca henricae","Bolivian Spinetail","Curutié boliviano"
"Cranioleuca obsoleta","Olive Spinetail","Curutié oliváceo"
"Cranioleuca pallida","Pallid Spinetail","Curutié pálido"
"Cranioleuca semicinerea","Grey-headed Spinetail","Curutié cabecigrís"
"Cranioleuca albicapilla","Creamy-crested Spinetail","Curutié crestado"
"Cranioleuca erythrops","Red-faced Spinetail","Curutié carirrojo"
"Cranioleuca demissa","Tepui Spinetail","Curutié de tepuí"
"Cranioleuca hellmayri","Streak-capped Spinetail","Curutié de Santa Marta"
"Cranioleuca curtata","Ash-browed Spinetail","Curutié cejigrís"
"Cranioleuca antisiensis","Line-cheeked Spinetail","Curutié cariestriado"
"Cranioleuca muelleri","Scaled Spinetail","Curutié escamoso"
"Pseudasthenes humicola","Dusky-tailed Canastero","Canastero colinegro"
"Pseudasthenes patagonica","Patagonian Canastero","Canastero patagón"
"Pseudasthenes steinbachi","Steinbach's Canastero","Canastero castaño"
"Pseudasthenes cactorum","Cactus Canastero","Canastero de los cactos"
"Spartonoica maluroides","Bay-capped Wren-Spinetail","Canastero enano"
"Pseudoseisura cristata","Caatinga Cacholote","Cacholote de caatinga"
"Pseudoseisura unirufa","Grey-crested Cacholote","Cacholote crestigrís"
"Pseudoseisura lophotes","Brown Cacholote","Cacholote castaño"
"Pseudoseisura gutturalis","White-throated Cacholote","Cacholote pardo"
"Certhiaxis cinnamomeus","Yellow-chinned Spinetail","Curutié colorado"
"Certhiaxis mustelinus","Red-and-white Spinetail","Curutié rojiblanco"
"Mazaria propinqua","White-bellied Spinetail","Pijuí ventriblanco"
"Schoeniophylax phryganophilus","Chotoy Spinetail","Pijuí chotoy"
"Synallaxis scutata","Ochre-cheeked Spinetail","Pijuí canela"
"Synallaxis cinerascens","Grey-bellied Spinetail","Pijuí ceniciento"
"Synallaxis gujanensis","Plain-crowned Spinetail","Pijuí coronipardo"
"Synallaxis simoni","Araguaia Spinetail","Piují del Araguaia"
"Synallaxis albilora","White-lored Spinetail","Piují cariblanco"
"Synallaxis maranonica","Maranon Spinetail","Pijuí del Marañón"
"Synallaxis hypochondriaca","Great Spinetail","Curutié grande"
"Synallaxis chinchipensis","Chinchipe Spinetail","Piují del Chinchipe"
"Synallaxis stictothorax","Necklaced Spinetail","Pijuí collarejo"
"Synallaxis zimmeri","Russet-bellied Spinetail","Pijuí de Ancash"
"Synallaxis brachyura","Slaty Spinetail","Pijuí pizarroso"
"Synallaxis subpudica","Silvery-throated Spinetail","Pijuí de Cundinamarca"
"Synallaxis hellmayri","Red-shouldered Spinetail","Pijuí de Hellmayr"
"Synallaxis ruficapilla","Rufous-capped Spinetail","Pijuí coronirrojo"
"Synallaxis cinerea","Bahia Spinetail","Pijuí de Bahía"
"Synallaxis infuscata","Pinto's Spinetail","Pijuí de Pinto"
"Synallaxis moesta","Dusky Spinetail","Pijuí oscuro"
"Synallaxis macconnelli","McConnell's Spinetail","Pijuí de McConnell"
"Synallaxis cabanisi","Cabanis's Spinetail","Pijuí de Cabanis"
"Synallaxis hypospodia","Cinereous-breasted Spinetail","Pijuí cenizo"
"Synallaxis spixi","Spix's Spinetail","Pijuí plomizo"
"Synallaxis albigularis","Dark-breasted Spinetail","Pijuí pechioscuro"
"Synallaxis beverlyae","Rio Orinoco Spinetail","Pijuí del Orinoco"
"Synallaxis albescens","Pale-breasted Spinetail","Pijuí pechiblanco"
"Synallaxis frontalis","Sooty-fronted Spinetail","Pijuí frentigrís"
"Synallaxis azarae","Azara's Spinetail","Pijuí de Azara"
"Synallaxis courseni","Apurimac Spinetail","Pijuí de Apurímac"
"Synallaxis candei","White-whiskered Spinetail","Pijuí barbiblanco"
"Synallaxis erythrothorax","Rufous-breasted Spinetail","Pijuí centroamericano"
"Synallaxis kollari","Hoary-throated Spinetail","Pijuí del Roraima"
"Synallaxis tithys","Blackish-headed Spinetail","Pijuí cabecinegro"
"Synallaxis fuscorufa","Rusty-headed Spinetail","Pijuí de Santa Marta"
"Synallaxis unirufa","Rufous Spinetail","Pijuí rufo"
"Synallaxis castanea","Black-throated Spinetail","Pijuí gorjinegro"
"Synallaxis cinnamomea","Stripe-breasted Spinetail","Pijuí pechiestriado"
"Synallaxis rutilans","Ruddy Spinetail","Pijuí rojizo"
"Synallaxis cherriei","Chestnut-throated Spinetail","Pijuí gorjicastaño"
"Euchrepomis callinota","Rufous-rumped Antwren","Tiluchí lomirrufo"
"Euchrepomis humeralis","Chestnut-shouldered Antwren","Tiluchí hombrocastaño"
"Euchrepomis sharpei","Yellow-rumped Antwren","Tiluchí lomigualdo"
"Euchrepomis spodioptila","Ash-winged Antwren","Tiluchí piojito"
"Myrmornis torquata","Wing-banded Antbird","Hormiguero alifranjeado sureño"
"Pygiptila stellaris","Spot-winged Antshrike","Batará estrellado"
"Thamnistes anabatinus","Russet Antshrike","Batará café occidental"
"Thamnistes rufescens","Rufescent Antshrike","Batará andino"
"Microrhopias quixensis","Dot-winged Antwren","Hormiguerito del Quijos"
"Neoctantes niger","Black Bushbird","Batará arbustero"
"Clytoctantes alixii","Recurve-billed Bushbird","Batará piquicurvo"
"Clytoctantes atrogularis","Rondonia Bushbird","Batará de Rondonia"
"Epinecrophylla fulviventris","Checker-throated Stipplethroat","Hormiguerito leonado"
"Epinecrophylla ornata","Ornate Stipplethroat","Hormiguerito adornado occidental"
"Epinecrophylla erythrura","Rufous-tailed Stipplethroat","Hormiguerito colirrufo"
"Epinecrophylla leucophthalma","White-eyed Stipplethroat","Hormiguerito ojiblanco"
"Epinecrophylla gutturalis","Brown-bellied Stipplethroat","Hormiguerito ventripardo"
"Epinecrophylla haematonota","Rufous-backed Stipplethroat","Hormiguerito dorsirrojo occidental"
"Epinecrophylla spodionota","Foothill Stipplethroat","Hormiguerito submontano"
"Epinecrophylla amazonica","Rio Madeira Stipplethroat","Hormiguerito dorsirrojo oriental"
"Myrmorchilus strigilatus","Stripe-backed Antbird","Hormiguero estriado"
"Aprositornis disjuncta","Yapacana Antbird","Hormiguero del Yapacana"
"Ammonastes pelzelni","Grey-bellied Antbird","Hormiguero ventrigrís"
"Myrmophylax atrothorax","Black-throated Antbird","Hormiguero gorjinegro"
"Myrmotherula ignota","Moustached Antwren","Hormiguerito de Griscom"
"Myrmotherula brachyura","Pygmy Antwren","Hormiguerito pigmeo"
"Myrmotherula surinamensis","Guianan Streaked Antwren","Hormiguerito de Surinam"
"Myrmotherula multostriata","Amazonian Streaked Antwren","Hormiguerito amazónico"
"Myrmotherula pacifica","Pacific Antwren","Hormiguerito del Pacífico"
"Myrmotherula cherriei","Cherrie's Antwren","Hormiguerito de Cherrie"
"Myrmotherula klagesi","Klages's Antwren","Hormiguerito de Klages"
"Myrmotherula longicauda","Stripe-chested Antwren","Hormiguerito pechilistado"
"Myrmotherula ambigua","Yellow-throated Antwren","Hormiguerito gorjiamarillo"
"Myrmotherula sclateri","Sclater's Antwren","Hormiguerito de Sclater"
"Myrmotherula axillaris","White-flanked Antwren","Hormiguerito flanquialbo"
"Myrmotherula luctuosa","Silvery-flanked Antwren","Hormiguerito luctuoso"
"Myrmotherula schisticolor","Slaty Antwren","Hormiguerito pizarroso"
"Myrmotherula sunensis","Rio Suno Antwren","Hormiguerito del Suno"
"Myrmotherula minor","Salvadori's Antwren","Hormiguerito de Salvadori"
"Myrmotherula longipennis","Long-winged Antwren","Hormiguerito alilargo"
"Myrmotherula urosticta","Band-tailed Antwren","Hormiguerito atlántico"
"Myrmotherula iheringi","Ihering's Antwren","Hormiguerito de Ihering"
"Myrmotherula fluminensis","Rio de Janeiro Antwren","Hormiguerito Carioca"
"Myrmotherula grisea","Yungas Antwren","Hormiguerito ceniciento"
"Myrmotherula unicolor","Unicolored Antwren","Hormiguerito unicolor"
"Myrmotherula snowi","Alagoas Antwren","Hormiguerito de Alagoas"
"Myrmotherula behni","Plain-winged Antwren","Hormiguerito de Behn"
"Myrmotherula menetriesii","Grey Antwren","Hormiguerito gris"
"Myrmotherula assimilis","Leaden Antwren","Hormiguerito plomizo"
"Terenura maculata","Streak-capped Antwren","Tiluchí enano"
"Terenura sicki","Orange-bellied Antwren","Tiluchí de Sick"
"Myrmochanes hemileucus","Black-and-white Antbird","Hormiguero negriblanco"
"Formicivora iheringi","Narrow-billed Antwren","Hormiguerito picofino"
"Formicivora erythronotos","Black-hooded Antwren","Hormiguerito encapuchado"
"Formicivora intermedia","Northern White-fringed Antwren","Hormiguerito coicorita norteño"
"Formicivora grisea","Southern White-fringed Antwren","Hormiguerito coicorita sureño"
"Formicivora serrana","Serra Antwren","Hormiguerito serrano"
"Formicivora melanogaster","Black-bellied Antwren","Hormiguerito ventrinegro"
"Formicivora rufa","Rusty-backed Antwren","Hormiguerito dorsirrufo"
"Formicivora grantsaui","Sincora Antwren","Hormiguerito de Sincorá"
"Formicivora acutirostris","Marsh Antwren","Hormiguerito del Paraná"
"Dichrozona cincta","Banded Antbird","Hormiguero bandeado"
"Rhopias gularis","Star-throated Antwren","Hormiguerito gorjipinto"
"Isleria hauxwelli","Plain-throated Antwren","Hormiguerito de Hauxwell"
"Isleria guttata","Rufous-bellied Antwren","Hormiguerito ventrirrufo"
"Thamnomanes ardesiacus","Dusky-throated Antshrike","Batará gorjioscuro"
"Thamnomanes saturninus","Saturnine Antshrike","Batará saturnino"
"Thamnomanes caesius","Cinereous Antshrike","Batará cinéreo"
"Thamnomanes schistogynus","Bluish-slate Antshrike","Batará azulino"
"Megastictus margaritatus","Pearly Antshrike","Batará perlado"
"Sakesphoroides cristatus","Silvery-cheeked Antshrike","Batará crestado"
"Herpsilochmus pileatus","Bahia Antwren","Tiluchí pileado"
"Herpsilochmus atricapillus","Black-capped Antwren","Tiluchí plomizo"
"Herpsilochmus stotzi","Aripuana Antwren","Tiluchí de Aripuana"
"Herpsilochmus praedictus","Predicted Antwren","Tiluchí de Purús"
"Herpsilochmus motacilloides","Creamy-bellied Antwren","Tiluchí motaciloide"
"Herpsilochmus parkeri","Ash-throated Antwren","Tiluchí de Parker"
"Herpsilochmus sticturus","Spot-tailed Antwren","Tiluchí colipunteado"
"Herpsilochmus dugandi","Dugand's Antwren","Tiluchí de Dugand"
"Herpsilochmus stictocephalus","Todd's Antwren","Tiluchí de Todd"
"Herpsilochmus dorsimaculatus","Spot-backed Antwren","Tiluchí dorsimanchado"
"Herpsilochmus roraimae","Roraiman Antwren","Tiluchí del Roraima"
"Herpsilochmus pectoralis","Pectoral Antwren","Tiluchí pectoral"
"Herpsilochmus longirostris","Large-billed Antwren","Tiluchí piquilargo"
"Herpsilochmus gentryi","Ancient Antwren","Tiluchí antiguo"
"Herpsilochmus axillaris","Yellow-breasted Antwren","Tiluchí pechiamarillo"
"Herpsilochmus frater","Rusty-winged Antwren","Tiluchí alirrufo norteño"
"Herpsilochmus rufimarginatus","Rufous-margined Antwren","Tiluchí alirrufo sureño"
"Dysithamnus stictothorax","Spot-breasted Antvireo","Batarito pechipinto"
"Dysithamnus mentalis","Plain Antvireo","Batarito cabecigrís"
"Dysithamnus striaticeps","Streak-crowned Antvireo","Batarito estriado"
"Dysithamnus puncticeps","Spot-crowned Antvireo","Batarito coronipunteado"
"Dysithamnus xanthopterus","Rufous-backed Antvireo","Batarito dorsirrufo"
"Dysithamnus occidentalis","Bicolored Antvireo","Batarito bicolor"
"Dysithamnus plumbeus","Plumbeous Antvireo","Batarito plomizo"
"Dysithamnus leucostictus","White-streaked Antvireo","Batarito albilistado"
"Thamnophilus bernardi","Collared Antshrike","Batará collarejo"
"Thamnophilus shumbae","Maranon Antshrike","Batará del Marañón"
"Thamnophilus melanonotus","Black-backed Antshrike","Batará dorsinegro"
"Thamnophilus melanothorax","Band-tailed Antshrike","Batará guayanés"
"Thamnophilus doliatus","Barred Antshrike","Batará barrado"
"Thamnophilus zarumae","Chapman's Antshrike","Batará de Chapman"
"Thamnophilus multistriatus","Bar-crested Antshrike","Batará crestibarrado"
"Thamnophilus tenuepunctatus","Lined Antshrike","Batará vermiculado"
"Thamnophilus palliatus","Chestnut-backed Antshrike","Batará dorsicastaño"
"Thamnophilus bridgesi","Black-hooded Antshrike","Batará negruzco"
"Thamnophilus nigriceps","Black Antshrike","Batará negro"
"Thamnophilus praecox","Cocha Antshrike","Batará de cocha"
"Thamnophilus nigrocinereus","Blackish-grey Antshrike","Batará ceniciento"
"Thamnophilus cryptoleucus","Castelnau's Antshrike","Batará de Castelnau"
"Thamnophilus aethiops","White-shouldered Antshrike","Batará hombroblanco"
"Thamnophilus unicolor","Uniform Antshrike","Batará unicolor"
"Thamnophilus schistaceus","Plain-winged Antshrike","Batará alillano"
"Thamnophilus murinus","Mouse-colored Antshrike","Batará murino"
"Thamnophilus aroyae","Upland Antshrike","Batará montano"
"Thamnophilus atrinucha","Black-crowned Antshrike","Batará pizarroso occidental"
"Thamnophilus punctatus","Northern Slaty Antshrike","Batará pizarroso punteado"
"Thamnophilus stictocephalus","Natterer's Slaty Antshrike","Batará pizarroso de Natterer"
"Thamnophilus sticturus","Bolivian Slaty Antshrike","Batará pizarroso boliviano"
"Thamnophilus pelzelni","Planalto Slaty Antshrike","Batará pizarroso del Planalto"
"Thamnophilus ambiguus","Sooretama Slaty Antshrike","Batará pizarroso de Sooretama"
"Thamnophilus amazonicus","Amazonian Antshrike","Batará amazónico"
"Thamnophilus divisorius","Acre Antshrike","Batará de Acre"
"Thamnophilus insignis","Streak-backed Antshrike","Batará insigne"
"Thamnophilus caerulescens","Variable Antshrike","Batará variable"
"Thamnophilus torquatus","Rufous-winged Antshrike","Batará alirrufo"
"Thamnophilus ruficapillus","Rufous-capped Antshrike","Batará pardo sureño"
"Sakesphorus pulchellus","Streak-fronted Antshrike","Batará bonito"
"Sakesphorus canadensis","Black-crested Antshrike","Batará crestinegro"
"Sakesphorus luctuosus","Glossy Antshrike","Batará luctuoso"
"Radinopsyche sellowi","Caatinga Antwren","Tiluchí de caatinga"
"Biatas nigropectus","White-bearded Antshrike","Batará pechinegro"
"Cymbilaimus lineatus","Fasciated Antshrike","Batará lineado"
"Cymbilaimus sanctaemariae","Bamboo Antshrike","Batará de Madre de Dios"
"Taraba major","Great Antshrike","Batará mayor"
"Mackenziaena leachii","Large-tailed Antshrike","Batará pintado"
"Mackenziaena severa","Tufted Antshrike","Batará copetón"
"Frederickena viridis","Black-throated Antshrike","Batará gorjinegro"
"Frederickena unduliger","Undulated Antshrike","Batará ondulado"
"Frederickena fulva","Fulvous Antshrike","Batará leonado"
"Hypoedaleus guttatus","Spot-backed Antshrike","Batará goteado"
"Batara cinerea","Giant Antshrike","Batará gigante"
"Xenornis setifrons","Speckled Antshrike","Batará moteado"
"Pithys albifrons","White-plumed Antbird","Hormiguero cuerniblanco"
"Pithys castaneus","White-masked Antbird","Hormiguero castaño"
"Phaenostictus mcleannani","Ocellated Antbird","Hormiguero ocelado"
"Gymnopithys bicolor","Bicolored Antbird","Hormiguero bicolor"
"Gymnopithys leucaspis","White-cheeked Antbird","Hormiguero cariblanco"
"Gymnopithys rufigula","Rufous-throated Antbird","Hormiguero gorjirrufo"
"Oneillornis salvini","White-throated Antbird","Hormiguero gorjiblanco"
"Oneillornis lunulatus","Lunulated Antbird","Hormiguero lunulado"
"Rhegmatorhina gymnops","Bare-eyed Antbird","Hormiguero ojicalvo"
"Rhegmatorhina berlepschi","Harlequin Antbird","Hormiguero arlequín"
"Rhegmatorhina hoffmannsi","White-breasted Antbird","Hormiguero pechiblanco"
"Rhegmatorhina cristata","Chestnut-crested Antbird","Hormiguero cresticastaño"
"Rhegmatorhina melanosticta","Hairy-crested Antbird","Hormiguero canoso"
"Phlegopsis nigromaculata","Black-spotted Bare-eye","Hormiguero maculado"
"Phlegopsis erythroptera","Reddish-winged Bare-eye","Hormiguero alirrojo"
"Phlegopsis borbae","Pale-faced Bare-eye","Hormiguero de Skutch"
"Willisornis poecilinotus","Common Scale-backed Antbird","Hormiguero dorsiescamado común"
"Willisornis vidua","Xingu Scale-backed Antbird","Hormiguero dorsiescamado del Xingú"
"Drymophila ferruginea","Ferruginous Antbird","Tiluchí herrumbroso"
"Drymophila rubricollis","Bertoni's Antbird","Tiluchí colorado"
"Drymophila genei","Rufous-tailed Antbird","Tiluchí colirrufo"
"Drymophila ochropyga","Ochre-rumped Antbird","Tiluchí culipardo"
"Drymophila malura","Dusky-tailed Antbird","Tiluchí estriado oriental"
"Drymophila squamata","Scaled Antbird","Tiluchí escamoso"
"Drymophila devillei","Striated Antbird","Tiluchí estriado occidental"
"Drymophila hellmayri","Santa Marta Antbird","Tiluchí de Santa Marta"
"Drymophila klagesi","Klages's Antbird","Tiluchí del Perijá"
"Drymophila caudata","East Andean Antbird","Tiluchí de Santander"
"Drymophila striaticeps","Streak-headed Antbird","Tiluchí colilargo"
"Hypocnemis cantator","Guianan Warbling Antbird","Hormiguero guayanés"
"Hypocnemis flavescens","Imeri Warbling Antbird","Hormiguero amarillento"
"Hypocnemis peruviana","Peruvian Warbling Antbird","Hormiguero peruano"
"Hypocnemis subflava","Yellow-breasted Warbling Antbird","Hormiguero pechiamarillo"
"Hypocnemis ochrogyna","Rondonia Warbling Antbird","Hormiguero boliviano"
"Hypocnemis striata","Spix's Warbling Antbird","Hormiguero de Spix"
"Hypocnemis rondoni","Manicore Warbling Antbird","Hormiguero de Manicoré"
"Hypocnemis hypoxantha","Yellow-browed Antbird","Hormiguero cejiamarillo"
"Sciaphylax hemimelaena","Southern Chestnut-tailed Antbird","Hormiguero colicastaño sureño"
"Sciaphylax castanea","Northern Chestnut-tailed Antbird","Hormiguero colicastaño norteño"
"Cercomacroides laeta","Willis's Antbird","Hormiguero de Willis"
"Cercomacroides parkeri","Parker's Antbird","Hormiguero de Parker"
"Cercomacroides nigrescens","Blackish Antbird","Hormiguero negruzco"
"Cercomacroides fuscicauda","Riparian Antbird","Hormiguero ribereño"
"Cercomacroides tyrannina","Dusky Antbird","Hormiguero tirano"
"Cercomacroides serva","Black Antbird","Hormiguero negro"
"Cercomacra manu","Manu Antbird","Hormiguero del Manu"
"Cercomacra brasiliana","Rio de Janeiro Antbird","Hormiguero brasileño"
"Cercomacra cinerascens","Grey Antbird","Hormiguero gris"
"Cercomacra melanaria","Mato Grosso Antbird","Hormiguero de Mato Grosso"
"Cercomacra ferdinandi","Bananal Antbird","Hormiguero de Bananal"
"Cercomacra nigricans","Jet Antbird","Hormiguero azabache"
"Cercomacra carbonaria","Rio Branco Antbird","Hormiguero del Branco"
"Myrmoderus ferrugineus","Ferruginous-backed Antbird","Hormiguero ferruginoso"
"Myrmoderus eowilsoni","Cordillera Azul Antbird","Hormiguerito de Cordillera Azul"
"Myrmoderus ruficauda","Scalloped Antbird","Hormiguero festoneado"
"Myrmoderus loricatus","White-bibbed Antbird","Hormiguero enmascarado"
"Myrmoderus squamosus","Squamate Antbird","Hormiguero escamoso"
"Hypocnemoides melanopogon","Black-chinned Antbird","Hormiguero barbinegro"
"Hypocnemoides maculicauda","Band-tailed Antbird","Hormiguero colibandeado"
"Hylophylax naevioides","Spotted Antbird","Hormiguero moteado"
"Hylophylax naevius","Spot-backed Antbird","Hormiguero dorsipunteado"
"Hylophylax punctulatus","Dot-backed Antbird","Hormiguero lomipunteado"
"Sclateria naevia","Silvered Antbird","Hormiguero plateado"
"Myrmelastes hyperythrus","Plumbeous Antbird","Hormiguero plomizo"
"Myrmelastes schistaceus","Slate-colored Antbird","Hormiguero pizarroso"
"Myrmelastes leucostigma","Spot-winged Antbird","Hormiguero alimoteado"
"Myrmelastes humaythae","Humaita Antbird","Hormiguero de Humaitá"
"Myrmelastes brunneiceps","Brownish-headed Antbird","Hormiguero de Carabaya"
"Myrmelastes rufifacies","Rufous-faced Antbird","Hormiguero del Tapajós"
"Myrmelastes saturatus","Roraiman Antbird","Hormiguero del Roraima"
"Myrmelastes caurensis","Caura Antbird","Hormiguero del Caura"
"Poliocrania exsul","Chestnut-backed Antbird","Hormiguero dorsicastaño"
"Ampelornis griseiceps","Grey-headed Antbird","Hormiguero cabecigrís"
"Sipia berlepschi","Stub-tailed Antbird","Hormiguero colimocho"
"Sipia nigricauda","Esmeraldas Antbird","Hormiguero de Esmeraldas"
"Sipia palliata","Magdalena Antbird","Homiguero guardarribera oriental"
"Sipia laemosticta","Dull-mantled Antbird","Homiguero guardarribera occidental"
"Myrmeciza longipes","White-bellied Antbird","Hormiguero ventriblanco"
"Myrmoborus melanurus","Black-tailed Antbird","Hormiguero colinegro"
"Myrmoborus lophotes","White-lined Antbird","Hormiguero crestado"
"Myrmoborus myotherinus","Black-faced Antbird","Hormiguero carinegro"
"Myrmoborus leucophrys","White-browed Antbird","Hormiguero cejiblanco"
"Myrmoborus lugubris","Ash-breasted Antbird","Hormiguero lúgubre"
"Gymnocichla nudiceps","Bare-crowned Antbird","Hormiguero calvo"
"Pyriglena maura","Western Fire-eye","Ojodefuego occidental"
"Pyriglena similis","Tapajos Fire-eye","Ojodefuego del Tapajós"
"Pyriglena leuconota","East Amazonian Fire-eye","Ojodefuego dorsiblanco"
"Pyriglena atra","Fringe-backed Fire-eye","Ojodefuego de Bahía"
"Pyriglena leucoptera","White-shouldered Fire-eye","Ojodefuego aliblanco"
"Rhopornis ardesiacus","Slender Antbird","Hormiguero esbelto"
"Percnostola rufifrons","Black-headed Antbird","Hormiguero cabecinegro"
"Percnostola arenarum","Allpahuayo Antbird","Hormiguero del Allpahuayo"
"Akletos melanoceps","White-shouldered Antbird","Hormiguero Hombroblanco"
"Akletos goeldii","Goeldi's Antbird","Hormiguero de Goeldi"
"Hafferia fortis","Sooty Antbird","Hormiguero tiznado"
"Hafferia immaculata","Blue-lored Antbird","Hormiguero inmaculado"
"Hafferia zeledoni","Zeledon's Antbird","Hormiguero de Zeledón"
"Formicarius colma","Rufous-capped Antthrush","Formicario capirrojo"
"Formicarius analis","Black-faced Antthrush","Formicario enmascarado"
"Formicarius moniliger","Mayan Antthrush","Formicario mexicano"
"Formicarius rufifrons","Rufous-fronted Antthrush","Formicario frentirrufo"
"Formicarius nigricapillus","Black-headed Antthrush","Formicario cabecinegro"
"Formicarius rufipectus","Rufous-breasted Antthrush","Formicario pechirrufo"
"Chamaeza campanisona","Short-tailed Antthrush","Tovacá colicorto"
"Chamaeza nobilis","Striated Antthrush","Tovacá noble"
"Chamaeza meruloides","Cryptic Antthrush","Tovacá críptico"
"Chamaeza ruficauda","Rufous-tailed Antthrush","Tovacá colirrufo"
"Chamaeza turdina","Schwartz's Antthrush","Tovacá turdino"
"Chamaeza mollissima","Barred Antthrush","Tovacá barrado"
"Grallaria squamigera","Undulated Antpitta","Tororoí ondoso"
"Grallaria gigantea","Giant Antpitta","Tororoí gigante"
"Grallaria excelsa","Great Antpitta","Tororoí excelso"
"Grallaria varia","Variegated Antpitta","Tororoí pintado"
"Grallaria alleni","Moustached Antpitta","Tororoí bigotudo"
"Grallaria guatimalensis","Scaled Antpitta","Tororoí cholino"
"Grallaria chthonia","Tachira Antpitta","Tororoí de Táchira"
"Grallaria haplonota","Plain-backed Antpitta","Tororoí torero"
"Grallaria dignissima","Ochre-striped Antpitta","Tororoí del Napo"
"Grallaria eludens","Elusive Antpitta","Tororoí del Ucayali"
"Grallaria ruficapilla","Chestnut-crowned Antpitta","Tororoí compadre"
"Grallaria watkinsi","Watkins's Antpitta","Tororoí matorralero"
"Grallaria bangsi","Santa Marta Antpitta","Tororoí de Santa Marta"
"Grallaria kaestneri","Cundinamarca Antpitta","Tororoí de Cundinamarca"
"Grallaria andicolus","Stripe-headed Antpitta","Tororoí andino"
"Grallaria griseonucha","Grey-naped Antpitta","Tororoí nuquigrís"
"Grallaria ridgelyi","Jocotoco Antpitta","Tororoí jocotoco"
"Grallaria nuchalis","Chestnut-naped Antpitta","Tororoí nuquicastaño"
"Grallaria carrikeri","Pale-billed Antpitta","Tororoí de Carriker"
"Grallaria albigula","White-throated Antpitta","Tororoí gorjiblanco"
"Grallaria flavotincta","Yellow-breasted Antpitta","Tororoí pechiamarillo"
"Grallaria hypoleuca","White-bellied Antpitta","Tororoí ventriblanco"
"Grallaria przewalskii","Rusty-tinged Antpitta","Tororoí rojizo"
"Grallaria capitalis","Bay Antpitta","Tororoí bayo"
"Grallaria erythroleuca","Red-and-white Antpitta","Tororoí de Cuzco"
"Grallaria spatiator","Sierra Nevada Antpitta","Tororoí de Sierra Nevada"
"Grallaria saltuensis","Perija Antpitta","Tororoí del Perijá"
"Grallaria rufula","Muisca Antpitta","Tororoí rufo"
"Grallaria rufocinerea","Bicolored Antpitta","Tororoí bicolor"
"Grallaria alvarezi","Chami Antpitta","Tororoí chamí"
"Grallaria saturata","Equatorial Antpitta","Tororoí ecuatorial"
"Grallaria cajamarcae","Cajamarca Antpitta","Tororoí de Cajamarca"
"Grallaria blakei","Chestnut Antpitta","Tororoí castaño"
"Grallaria gravesi","Chachapoyas Antpitta","Tororoí de Graves"
"Grallaria oneilli","Panao Antpitta","Tororoí de O´Neill"
"Grallaria obscura","Junin Antpitta",NA
"Grallaria centralis","Oxapampa Antpitta","Tororoí de Oxapampa"
"Grallaria ayacuchensis","Ayacucho Antpitta","Tororoí de Ayacucho"
"Grallaria occabambae","Urubamba Antpitta","Tororoí de Urubamba"
"Grallaria sinaensis","Puno Antpitta","Tororoí de Sina"
"Grallaria cochabambae","Bolivian Antpitta",NA
"Grallaria quitensis","Tawny Antpitta","Tororoí leonado occidental"
"Grallaria alticola","Boyaca Antpitta","Tororoí leonado norteño"
"Grallaria atuensis","Atuen Antpitta","Tororoí leonado sureño"
"Grallaria milleri","Brown-banded Antpitta","Tororoí bandeado"
"Grallaria urraoensis","Urrao Antpitta","Tororoí de Urrao"
"Grallaria erythrotis","Rufous-faced Antpitta","Tororoí carirrufo"
"Cryptopezus nattereri","Speckle-breasted Antpitta","Tororoí de Natterer"
"Hylopezus perspicillatus","Streak-chested Antpitta","Tororoí de anteojos"
"Hylopezus macularius","Spotted Antpitta","Tororoí moteado"
"Hylopezus paraensis","Snethlage's Antpitta","Tororoí de Pará"
"Hylopezus whittakeri","Alta Floresta Antpitta","Tororoí de Alta Floresta"
"Hylopezus auricularis","Masked Antpitta","Tororoí enmascarado"
"Hylopezus ochroleucus","White-browed Antpitta","Tororoí teguá"
"Myrmothera fulviventris","White-lored Antpitta","Tororoí ventricanela ecuatoriano"
"Myrmothera berlepschi","Amazonian Antpitta","Tororoí amazónico"
"Myrmothera dives","Thicket Antpitta","Tororoí ventricanela colombiano"
"Myrmothera simplex","Tepui Antpitta","Tororoí flautista"
"Myrmothera campanisona","Thrush-like Antpitta","Tororoí campanero"
"Myrmothera subcanescens","Tapajos Antpitta","Tororoí de Tapajos"
"Grallaricula flavirostris","Ochre-breasted Antpitta","Ponchito ocráceo"
"Grallaricula loricata","Scallop-breasted Antpitta","Ponchito lorigado"
"Grallaricula cucullata","Hooded Antpitta","Ponchito encapuchado"
"Grallaricula peruviana","Peruvian Antpitta","Ponchito peruano"
"Grallaricula ochraceifrons","Ochre-fronted Antpitta","Ponchito frentiocre"
"Grallaricula ferrugineipectus","Rusty-breasted Antpitta","Ponchito pechicastaño sureño"
"Grallaricula leymebambae","Rufous-breasted Antpitta","Ponchito pechicastaño norteño"
"Grallaricula nana","Slaty-crowned Antpitta","Ponchito enano"
"Grallaricula cumanensis","Sucre Antpitta","Ponchito de Sucre"
"Grallaricula lineifrons","Crescent-faced Antpitta","Ponchito medialuna"
"Conopophaga lineata","Rufous Gnateater","Jejenero rojizo"
"Conopophaga aurita","Chestnut-belted Gnateater","Jejenero orejudo"
"Conopophaga snethlageae","Black-breasted Gnateater","Jejenero de Snethlage"
"Conopophaga roberti","Hooded Gnateater","Jejenero encapuchado"
"Conopophaga peruviana","Ash-throated Gnateater","Jejenero peruano"
"Conopophaga cearae","Ceara Gnateater","Jejenero de Ceará"
"Conopophaga ardesiaca","Slaty Gnateater","Jejenero pizarroso"
"Conopophaga castaneiceps","Chestnut-crowned Gnateater","Jejenero coronicastaño"
"Conopophaga melanops","Black-cheeked Gnateater","Jejenero carinegro"
"Conopophaga melanogaster","Black-bellied Gnateater","Jejenero ventrinegro"
"Pittasoma michleri","Black-crowned Antpitta","Tororoí capinegro"
"Pittasoma rufopileatum","Rufous-crowned Antpitta","Tororoí capirrufo"
"Acropternis orthonyx","Ocellated Tapaculo","Tapaculo ocelado"
"Pteroptochos castaneus","Chestnut-throated Huet-huet","Huet-huet gorjicastaño"
"Pteroptochos tarnii","Black-throated Huet-huet","Huet-huet gorjinegro"
"Pteroptochos megapodius","Moustached Turca","Huet-huet turca"
"Scelorchilus albicollis","White-throated Tapaculo","Tapaculo gorjiblanco"
"Scelorchilus rubecula","Chucao Tapaculo","Tapaculo chucao"
"Rhinocrypta lanceolata","Crested Gallito","Gallito copetón"
"Teledromas fuscus","Sandy Gallito","Gallito arena"
"Liosceles thoracicus","Rusty-belted Tapaculo","Tapaculo amazónico"
"Psilorhamphus guttatus","Spotted Bamboowren","Tapaculo overo"
"Merulaxis ater","Slaty Bristlefront","Macuquiño negro"
"Merulaxis stresemanni","Stresemann's Bristlefront","Macuquiño de Stresemann"
"Eugralla paradoxa","Ochre-flanked Tapaculo","Churrín grande"
"Myornis senilis","Ash-colored Tapaculo","Tapaculo cenizo"
"Eleoscytalopus indigoticus","White-breasted Tapaculo","Churrín pechiblanco"
"Eleoscytalopus psychopompus","Bahia Tapaculo","Churrín de Bahía"
"Scytalopus iraiensis","Marsh Tapaculo","Churrín palustre"
"Scytalopus diamantinensis","Diamantina Tapaculo","Churrín de Diamantina"
"Scytalopus novacapitalis","Brasilia Tapaculo","Churrín de Brasilia"
"Scytalopus petrophilus","Rock Tapaculo","Churrín roquero"
"Scytalopus pachecoi","Planalto Tapaculo","Churrín de Pacheco"
"Scytalopus gonzagai","Boa Nova Tapaculo","Churrín de Boa Nova"
"Scytalopus speluncae","Mouse-colored Tapaculo","Churrín plomizo"
"Scytalopus fuscus","Dusky Tapaculo","Churrín sombrío"
"Scytalopus magellanicus","Magellanic Tapaculo","Churrín magallánico"
"Scytalopus affinis","Ancash Tapaculo","Churrín de Ancash"
"Scytalopus krabbei","White-winged Tapaculo","Churrín aliblanco"
"Scytalopus androstictus","Loja Tapaculo","Churrín de Loja"
"Scytalopus opacus","Paramo Tapaculo","Churrín paramero"
"Scytalopus canus","Paramillo Tapaculo","Churrín del Paramillo"
"Scytalopus superciliaris","White-browed Tapaculo","Churrín cejiblanco"
"Scytalopus zimmeri","Zimmer's Tapaculo","Churrín de Zimmer"
"Scytalopus simonsi","Puna Tapaculo","Churrín de la puna"
"Scytalopus schulenbergi","Diademed Tapaculo","Churrín diademado"
"Scytalopus urubambae","Vilcabamba Tapaculo","Churrín de Vilcabamba"
"Scytalopus whitneyi","Ampay Tapaculo","Churrín de Ampay"
"Scytalopus frankeae","Jalca Tapaculo","Churrín de la jalca"
"Scytalopus altirostris","Neblina Tapaculo","Churrín de neblina"
"Scytalopus parvirostris","Trilling Tapaculo","Churrín trinador"
"Scytalopus bolivianus","Bolivian Tapaculo","Churrín boliviano"
"Scytalopus atratus","White-crowned Tapaculo","Churrín coroniblanco"
"Scytalopus sanctaemartae","Santa Marta Tapaculo","Churrín de Santa Marta"
"Scytalopus micropterus","Long-tailed Tapaculo","Churrín colilargo"
"Scytalopus femoralis","Rufous-vented Tapaculo","Churrín ventrirrufo"
"Scytalopus intermedius","Utcubamba Tapaculo","Churrín de Utcubamba"
"Scytalopus macropus","Large-footed Tapaculo","Churrín patudo"
"Scytalopus gettyae","Junin Tapaculo","Churrín de Junín"
"Scytalopus unicolor","Unicolored Tapaculo","Churrín unicolor"
"Scytalopus acutirostris","Tschudi's Tapaculo","Churrín de Tschudi"
"Scytalopus latrans","Blackish Tapaculo","Churrín negruzco"
"Scytalopus argentifrons","Silvery-fronted Tapaculo","Churrín plateado"
"Scytalopus vicinior","Narino Tapaculo","Churrín de Nariño"
"Scytalopus panamensis","Tacarcuna Tapaculo","Churrín panameño"
"Scytalopus chocoensis","Choco Tapaculo","Churrín del Chocó"
"Scytalopus rodriguezi","Magdalena Tapaculo","Churrín del Alto Magdalena"
"Scytalopus stilesi","Stiles's Tapaculo","Churrín de Stiles"
"Scytalopus alvarezlopezi","Tatama Tapaculo","Churrín de Tatamá"
"Scytalopus robbinsi","El Oro Tapaculo","Churrín de El Oro"
"Scytalopus caracae","Caracas Tapaculo","Churrín de Caracas"
"Scytalopus griseicollis","Pale-bellied Tapaculo","Churrín de matorral"
"Scytalopus latebricola","Brown-rumped Tapaculo","Churrín ratona"
"Scytalopus perijanus","Perija Tapaculo","Churrín del Perijá"
"Scytalopus meridanus","Merida Tapaculo","Churrín de Mérida"
"Scytalopus parkeri","Chusquea Tapaculo","Churrín del bambú"
"Scytalopus spillmanni","Spillmann's Tapaculo","Churrín de Spillmann"
"Melanopareia torquata","Collared Crescentchest","Pecholuna brasileño"
"Melanopareia maximiliani","Olive-crowned Crescentchest","Pecholuna del Chaco"
"Melanopareia maranonica","Maranon Crescentchest","Pecholuna del Marañón"
"Melanopareia elegans","Elegant Crescentchest","Pecholuna elegante"
"Piprites griseiceps","Grey-headed Piprites","Piprites cabecigrís"
"Piprites chloris","Wing-barred Piprites","Piprites verde"
"Piprites pileata","Black-capped Piprites","Piprites capirotado"
"Phyllomyias virescens","Greenish Tyrannulet","Mosquerito verdoso"
"Phyllomyias reiseri","Reiser's Tyrannulet","Mosquerito de Reiser"
"Phyllomyias urichi","Urich's Tyrannulet","Mosquerito de Paria"
"Phyllomyias sclateri","Sclater's Tyrannulet","Mosquerito de Sclater"
"Phyllomyias weedeni","Yungas Tyrannulet","Mosquerito de las yungas"
"Phyllomyias fasciatus","Planalto Tyrannulet","Mosquerito oliváceo"
"Phyllomyias griseiceps","Sooty-headed Tyrannulet","Mosquerito cabecigrís"
"Phyllomyias plumbeiceps","Plumbeous-crowned Tyrannulet","Mosquerito coroniplomizo"
"Phyllomyias griseocapilla","Grey-capped Tyrannulet","Mosquerito coronigrís"
"Acrochordopus burmeisteri","Rough-legged Tyrannulet","Mosquerito de Burmeister"
"Acrochordopus zeledoni","White-fronted Tyrannulet","Mosquerito de Zeledón"
"Tyranniscus nigrocapillus","Black-capped Tyrannulet","Mosquerito capirotado"
"Tyranniscus cinereiceps","Ashy-headed Tyrannulet","Mosquerito cenizo"
"Tyranniscus uropygialis","Tawny-rumped Tyrannulet","Mosquerito culirrufo"
"Tyrannulus elatus","Yellow-crowned Tyrannulet","Mosquerito coronado"
"Myiopagis gaimardii","Forest Elaenia","Fiofío selvático"
"Myiopagis parambae","Choco Elaenia","Fiofío gris del Chocó"
"Myiopagis cinerea","Amazonian Elaenia","Fiofío gris amazónico"
"Myiopagis caniceps","Grey-headed Elaenia","Fiofío gris del Atlántico"
"Myiopagis olallai","Foothill Elaenia","Fiofío submontano"
"Myiopagis subplacens","Pacific Elaenia","Fiofío del Pacífico"
"Myiopagis flavivertex","Yellow-crowned Elaenia","Fiofío coroniamarillo"
"Myiopagis viridicata","Greenish Elaenia","Fiofío verdoso"
"Myiopagis cotta","Jamaican Elaenia","Fiofío jamaicano"
"Elaenia flavogaster","Yellow-bellied Elaenia","Fiofío ventriamarillo"
"Elaenia martinica","Caribbean Elaenia","Fiofío caribeño"
"Elaenia spectabilis","Large Elaenia","Fiofío grande"
"Elaenia ridleyana","Noronha Elaenia","Fiofío de Noronha"
"Elaenia albiceps","White-crested Elaenia","Fiofío crestiblanco"
"Elaenia chilensis","Chilean Elaenia",NA
"Elaenia parvirostris","Small-billed Elaenia","Fiofío piquicorto"
"Elaenia mesoleuca","Olivaceous Elaenia","Fiofío oliváceo"
"Elaenia strepera","Slaty Elaenia","Fiofío plomizo"
"Elaenia gigas","Mottle-backed Elaenia","Fiofío gigante"
"Elaenia pelzelni","Brownish Elaenia","Fiofío pardo"
"Elaenia cristata","Plain-crested Elaenia","Fiofío crestado"
"Elaenia chiriquensis","Lesser Elaenia","Fiofío belicoso"
"Elaenia brachyptera","Coopmans's Elaenia","Fiofío alicorto"
"Elaenia ruficeps","Rufous-crowned Elaenia","Fiofío crestirrufo"
"Elaenia frantzii","Mountain Elaenia","Fiofío montano"
"Elaenia obscura","Highland Elaenia","Fiofío oscuro"
"Elaenia sordida","Small-headed Elaenia","Fiofío brasileño"
"Elaenia dayi","Great Elaenia","Fiofío de Day"
"Elaenia pallatangae","Sierran Elaenia","Fiofío de Pallatanga"
"Elaenia olivina","Tepui Elaenia","Fiofío de tepuí"
"Elaenia fallax","Blue Mountain Elaenia","Fiofío canoso jamaicano"
"Elaenia cherrei","Hispaniolan Elaenia","Fiofío canoso de La Española"
"Ornithion semiflavum","Yellow-bellied Tyrannulet","Mosquerito ventriamarillo"
"Ornithion brunneicapillus","Brown-capped Tyrannulet","Mosquerito coronipardo"
"Ornithion inerme","White-lored Tyrannulet","Mosquerito moteado"
"Camptostoma imberbe","Northern Beardless Tyrannulet","Mosquerito imberbe"
"Camptostoma obsoletum","Southern Beardless Tyrannulet","Mosquerito silbón"
"Suiriri suiriri","Suiriri Flycatcher","Fiofío suirirí"
"Mecocerculus leucophrys","White-throated Tyrannulet","Piojito gargantilla"
"Mecocerculus poecilocercus","White-tailed Tyrannulet","Piojito coliblanco"
"Mecocerculus hellmayri","Buff-banded Tyrannulet","Piojito de los pinos"
"Mecocerculus calopterus","Rufous-winged Tyrannulet","Piojito alirrufo"
"Mecocerculus minor","Sulphur-bellied Tyrannulet","Piojito azufre"
"Mecocerculus stictopterus","White-banded Tyrannulet","Piojito alifranjeado"
"Anairetes nigrocristatus","Black-crested Tit-Tyrant","Cachudito crestinegro"
"Anairetes reguloides","Pied-crested Tit-Tyrant","Cachudito crestiblanco"
"Anairetes alpinus","Ash-breasted Tit-Tyrant","Cachudito pechicenizo"
"Anairetes flavirostris","Yellow-billed Tit-Tyrant","Cachudito piquiamarillo"
"Anairetes parulus","Tufted Tit-Tyrant","Cachudito piquinegro"
"Anairetes fernandezianus","Juan Fernandez Tit-Tyrant","Cachudito de Juan Fernández"
"Uromyias agilis","Agile Tit-Tyrant","Cachudito ágil"
"Uromyias agraphia","Unstreaked Tit-Tyrant","Cachudito liso"
"Serpophaga cinerea","Torrent Tyrannulet","Piojito guardarríos"
"Serpophaga hypoleuca","River Tyrannulet","Piojito ribereño"
"Serpophaga nigricans","Sooty Tyrannulet","Piojito gris"
"Serpophaga subcristata","White-crested Tyrannulet","Piojito tiquitiqui"
"Serpophaga griseicapilla","Straneck's Tyrannulet","Piojito de Straneck"
"Nesotriccus ridgwayi","Cocos Tyrannulet","Mosquerito de Cocos"
"Nesotriccus murinus","Mouse-colored Tyrannulet","Piojito pardo"
"Nesotriccus tumbezanus","Tumbesian Tyrannulet","Piojito de Tumbes"
"Nesotriccus maranonicus","Maranon Tyrannulet",NA
"Capsiempis flaveola","Yellow Tyrannulet","Mosquerito amarillo"
"Polystictus pectoralis","Bearded Tachuri","Tachurí barbado"
"Polystictus superciliaris","Grey-backed Tachuri","Tachurí gris"
"Pseudocolopteryx dinelliana","Dinelli's Doradito","Doradito tucumano"
"Pseudocolopteryx sclateri","Crested Doradito","Doradito copetón"
"Pseudocolopteryx acutipennis","Subtropical Doradito","Doradito oliváceo"
"Pseudocolopteryx flaviventris","Warbling Doradito","Doradito común"
"Pseudocolopteryx citreola","Ticking Doradito","Doradito limón"
"Pseudotriccus pelzelni","Bronze-olive Pygmy Tyrant","Tiranuelo bronceado"
"Pseudotriccus simplex","Hazel-fronted Pygmy Tyrant","Tiranuelo simple"
"Pseudotriccus ruficeps","Rufous-headed Pygmy Tyrant","Tiranuelo cabecirrojo"
"Corythopis torquatus","Ringed Antpipit","Mosquero terrestre norteño"
"Corythopis delalandi","Southern Antpipit","Mosquero terrestre sureño"
"Euscarthmus meloryphus","Fulvous-crowned Scrub Tyrant","Tiranuelo copetón"
"Euscarthmus fulviceps","Fulvous-faced Scrub Tyrant","Tiranuelo caripardo"
"Euscarthmus rufomarginatus","Rufous-sided Scrub Tyrant","Tiranuelo flanquirrufo"
"Pseudelaenia leucospodia","Grey-and-white Tyrannulet","Mosquerito blanquigrís"
"Stigmatura napensis","Lesser Wagtail-Tyrant","Rabicano menor"
"Stigmatura bahiae","Bahia Wagtail-Tyrant","Rabicano de Bahía"
"Stigmatura budytoides","Greater Wagtail-Tyrant","Rabicano mayor"
"Zimmerius vilissimus","Guatemalan Tyrannulet","Mosquerito nimio"
"Zimmerius parvus","Mistletoe Tyrannulet","Mosquerito menor"
"Zimmerius improbus","Spectacled Tyrannulet","Mosquerito serrano"
"Zimmerius petersi","Venezuelan Tyrannulet","Mosquerito venezolano"
"Zimmerius bolivianus","Bolivian Tyrannulet","Mosquerito boliviano"
"Zimmerius cinereicapilla","Red-billed Tyrannulet","Mosquerito piquirrojo"
"Zimmerius villarejoi","Mishana Tyrannulet","Mosquerito de Villarejo"
"Zimmerius chicomendesi","Chico's Tyrannulet","Mosquerito de Chico Mendes"
"Zimmerius gracilipes","Slender-footed Tyrannulet","Mosquerito patifino"
"Zimmerius acer","Guianan Tyrannulet","Mosquerito guayanés"
"Zimmerius chrysops","Golden-faced Tyrannulet","Mosquerito caridorado"
"Zimmerius albigularis","Choco Tyrannulet","Mosquerito del Chocó"
"Zimmerius viridiflavus","Peruvian Tyrannulet","Mosquerito peruano"
"Pogonotriccus poecilotis","Variegated Bristle Tyrant","Orejerito variegado"
"Pogonotriccus chapmani","Chapman's Bristle Tyrant","Orejerito de Chapman"
"Pogonotriccus ophthalmicus","Marble-faced Bristle Tyrant","Orejerito jaspeado"
"Pogonotriccus orbitalis","Spectacled Bristle Tyrant","Orejerito de anteojos"
"Pogonotriccus venezuelanus","Venezuelan Bristle Tyrant","Orejerito venezolano"
"Pogonotriccus lanyoni","Antioquia Bristle Tyrant","Orejerito antioqueño"
"Pogonotriccus eximius","Southern Bristle Tyrant","Orejerito cejudo"
"Pogonotriccus paulista","Sao Paulo Bristle Tyrant","Orejerito de Sao Paulo"
"Pogonotriccus difficilis","Serra do Mar Bristle Tyrant","Orejerito de Serra do Mar"
"Phylloscartes ventralis","Mottle-cheeked Tyrannulet","Orejerito oliváceo"
"Phylloscartes ceciliae","Alagoas Tyrannulet","Orejerito de Alagoas"
"Phylloscartes kronei","Restinga Tyrannulet","Orejerito de restinga"
"Phylloscartes beckeri","Bahia Tyrannulet","Orejerito de Bahía"
"Phylloscartes flavovirens","Panama Tyrannulet","Orejerito verdiamarillo"
"Phylloscartes virescens","Olive-green Tyrannulet","Orejerito verdoso"
"Phylloscartes gualaquizae","Ecuadorian Tyrannulet","Orejerito ecuatoriano"
"Phylloscartes nigrifrons","Black-fronted Tyrannulet","Orejerito frentinegro"
"Phylloscartes superciliaris","Rufous-browed Tyrannulet","Orejerito cejirrufo"
"Phylloscartes flaviventris","Rufous-lored Tyrannulet","Orejerito amarillo"
"Phylloscartes parkeri","Cinnamon-faced Tyrannulet","Orejerito de Parker"
"Phylloscartes roquettei","Minas Gerais Tyrannulet","Orejerito de Minas Gerais"
"Phylloscartes oustaleti","Oustalet's Tyrannulet","Orejerito de Oustalet"
"Phylloscartes sylviolus","Bay-ringed Tyrannulet","Orejerito ojirrojo"
"Mionectes striaticollis","Streak-necked Flycatcher","Mosquero gorjiestriado"
"Mionectes olivaceus","Olive-streaked Flycatcher","Mosquero oliváceo"
"Mionectes galbinus","Olive-striped Flycatcher","Mosquero rayadito"
"Mionectes oleagineus","Ochre-bellied Flycatcher","Mosquero aceitunado"
"Mionectes macconnelli","McConnell's Flycatcher","Mosquero de McConnell"
"Mionectes roraimae","Sierra de Lema Flycatcher","Mosquero de Sierra de Lema"
"Mionectes rufiventris","Grey-hooded Flycatcher","Mosquero ladrillito"
"Leptopogon amaurocephalus","Sepia-capped Flycatcher","Orejero coronipardo"
"Leptopogon superciliaris","Slaty-capped Flycatcher","Orejero coronigrís"
"Leptopogon rufipectus","Rufous-breasted Flycatcher","Orejero pechirrufo"
"Leptopogon taczanowskii","Inca Flycatcher","Orejero inca"
"Guyramemua affine","Chapada Flycatcher","Fiofío de la Chapada"
"Sublegatus arenarum","Northern Scrub Flycatcher","Mosquero matorralero norteño"
"Sublegatus obscurior","Amazonian Scrub Flycatcher","Mosquero matorralero amazónico"
"Sublegatus modestus","Southern Scrub Flycatcher","Mosquero matorralero sureño"
"Inezia tenuirostris","Slender-billed Inezia","Piojito picofino"
"Inezia inornata","Plain Inezia","Piojito picudo"
"Inezia subflava","Amazonian Inezia","Piojito pantanero"
"Inezia caudata","Pale-tipped Inezia","Piojito coludo"
"Myiophobus flavicans","Flavescent Flycatcher","Mosquero amarillo"
"Myiophobus phoenicomitra","Orange-crested Flycatcher","Mosquero crestinaranja"
"Myiophobus inornatus","Unadorned Flycatcher","Mosquero sencillo"
"Myiophobus roraimae","Roraiman Flycatcher","Mosquero del Roraima"
"Myiophobus cryptoxanthus","Olive-chested Flycatcher","Mosquero pechioliva"
"Myiophobus fasciatus","Bran-colored Flycatcher","Mosquero estriado"
"Myiophobus crypterythrus","Mouse-grey Flycatcher","Mosquero grisáceo"
"Myiophobus rufescens","Rufescent Flycatcher","Mosquero rojizo"
"Nephelomyias pulcher","Handsome Flycatcher","Mosquero hermoso"
"Nephelomyias lintoni","Orange-banded Flycatcher","Mosquero de Linton"
"Nephelomyias ochraceiventris","Ochraceous-breasted Flycatcher","Mosquero pechiocre"
"Myiotriccus ornatus","Ornate Flycatcher","Mosquiterito adornado occidental"
"Tachuris rubrigastra","Many-colored Rush Tyrant","Sietecolores"
"Culicivora caudacuta","Sharp-tailed Grass Tyrant","Tachurí coludo"
"Hemitriccus diops","Drab-breasted Bamboo Tyrant","Titirijí pechigrís"
"Hemitriccus obsoletus","Brown-breasted Bamboo Tyrant","Titirijí pechipardo"
"Hemitriccus flammulatus","Flammulated Bamboo Tyrant","Titirijí flamulado"
"Hemitriccus minor","Snethlage's Tody-Tyrant","Titirijí de Snethlage"
"Hemitriccus spodiops","Yungas Tody-Tyrant","Titirijí boliviano"
"Hemitriccus cohnhafti","Acre Tody-Tyrant","Titirijí de Acre"
"Hemitriccus josephinae","Boat-billed Tody-Tyrant","Titirijí de Josefina"
"Hemitriccus zosterops","White-eyed Tody-Tyrant","Titirijí ojiblanco"
"Hemitriccus griseipectus","White-bellied Tody-Tyrant","Titirijí ventriblanco"
"Hemitriccus minimus","Zimmer's Tody-Tyrant","Titirijí de Zimmer"
"Hemitriccus orbitatus","Eye-ringed Tody-Tyrant","Titirijí de anteojos"
"Hemitriccus iohannis","Johannes's Tody-Tyrant","Titirijí de Joao"
"Hemitriccus striaticollis","Stripe-necked Tody-Tyrant","Titirijí gorjiestriado"
"Hemitriccus nidipendulus","Hangnest Tody-Tyrant","Titirijí de Wied"
"Hemitriccus margaritaceiventer","Pearly-vented Tody-Tyrant","Titirijí perlado"
"Hemitriccus inornatus","Pelzeln's Tody-Tyrant","Titirijí de Pelzeln"
"Hemitriccus granadensis","Black-throated Tody-Tyrant","Titirijí gorjinegro"
"Hemitriccus mirandae","Buff-breasted Tody-Tyrant","Titirijí de Miranda"
"Hemitriccus cinnamomeipectus","Cinnamon-breasted Tody-Tyrant","Titirijí pechicanelo"
"Hemitriccus kaempferi","Kaempfer's Tody-Tyrant","Titirijí de Kaempfer"
"Hemitriccus rufigularis","Buff-throated Tody-Tyrant","Titirijí gorjirrufo"
"Hemitriccus furcatus","Fork-tailed Tody-Tyrant","Titirijí tijereta"
"Myiornis auricularis","Eared Pygmy Tyrant","Mosqueta enana"
"Myiornis albiventris","White-bellied Pygmy Tyrant","Mosqueta ventriblanca"
"Myiornis atricapillus","Black-capped Pygmy Tyrant","Mosqueta capirotada"
"Myiornis ecaudatus","Short-tailed Pygmy Tyrant","Mosqueta colicorta"
"Oncostoma cinereigulare","Northern Bentbill","Mosquerito piquicurvo norteño"
"Oncostoma olivaceum","Southern Bentbill","Mosquerito piquicurvo sureño"
"Lophotriccus pileatus","Scale-crested Pygmy Tyrant","Cimerillo andino"
"Lophotriccus eulophotes","Long-crested Pygmy Tyrant","Cimerillo crestilargo"
"Lophotriccus vitiosus","Double-banded Pygmy Tyrant","Cimerillo bilistado"
"Lophotriccus galeatus","Helmeted Pygmy Tyrant","Cimerillo de casquete"
"Atalotriccus pilaris","Pale-eyed Pygmy Tyrant","Mosquerito ojiblanco"
"Poecilotriccus ruficeps","Rufous-crowned Tody-Flycatcher","Titirijí capirrufo"
"Poecilotriccus luluae","Lulu's Tody-Flycatcher","Titirijí de Lulu"
"Poecilotriccus albifacies","White-cheeked Tody-Flycatcher","Titirijí cariblanco"
"Poecilotriccus capitalis","Black-and-white Tody-Flycatcher","Titirijí pío"
"Poecilotriccus senex","Buff-cheeked Tody-Flycatcher","Titirijí carirrosa"
"Poecilotriccus russatus","Ruddy Tody-Flycatcher","Titirijí bermejo"
"Poecilotriccus plumbeiceps","Ochre-faced Tody-Flycatcher","Titirijí cabecicanela"
"Poecilotriccus fumifrons","Smoky-fronted Tody-Flycatcher","Titirijí frentigrís"
"Poecilotriccus latirostris","Rusty-fronted Tody-Flycatcher","Titirijí frentirrojo"
"Poecilotriccus sylvia","Slaty-headed Tody-Flycatcher","Titirijí gris"
"Poecilotriccus calopterus","Golden-winged Tody-Flycatcher","Titirijí alidorado"
"Poecilotriccus pulchellus","Black-backed Tody-Flycatcher","Titirijí dorsinegro"
"Taeniotriccus andrei","Black-chested Tyrant","Mosquero pechinegro"
"Todirostrum maculatum","Spotted Tody-Flycatcher","Titirijí moteado"
"Todirostrum poliocephalum","Yellow-lored Tody-Flycatcher","Titirijí cabecigrís"
"Todirostrum cinereum","Common Tody-Flycatcher","Titirijí común"
"Todirostrum viridanum","Maracaibo Tody-Flycatcher","Titirijí de Maracaibo"
"Todirostrum pictum","Painted Tody-Flycatcher","Titirijí pintado"
"Todirostrum chrysocrotaphum","Yellow-browed Tody-Flycatcher","Titirijí cejiamarillo"
"Todirostrum nigriceps","Black-headed Tody-Flycatcher","Titirijí cabecinegro"
"Cnipodectes subbrunneus","Brownish Twistwing","Mosquero pardo"
"Cnipodectes superrufus","Rufous Twistwing","Mosquero rufo"
"Rhynchocyclus pacificus","Pacific Flatbill","Picoplano del Pacífico"
"Rhynchocyclus brevirostris","Eye-ringed Flatbill","Picoplano de anteojos"
"Rhynchocyclus fulvipectus","Fulvous-breasted Flatbill","Picoplano pechirrufo"
"Rhynchocyclus aequinoctialis","Western Olivaceous Flatbill","Picoplano equinoccial"
"Rhynchocyclus olivaceus","Eastern Olivaceous Flatbill","Picoplano oliváceo"
"Tolmomyias sulphurescens","Yellow-olive Flatbill","Picoplano sulfuroso"
"Tolmomyias traylori","Orange-eyed Flatbill","Picoplano ojinaranja"
"Tolmomyias flavotectus","Yellow-winged Flatbill","Picoplano aliamarillo del Pacífico"
"Tolmomyias assimilis","Yellow-margined Flatbill","Picoplano aliamarillo común"
"Tolmomyias poliocephalus","Grey-crowned Flatbill","Picoplano cabecigrís"
"Tolmomyias flaviventris","Ochre-lored Flatbill","Picoplano pechiamarillo"
"Tolmomyias viridiceps","Olive-faced Flatbill","Picoplano cabeciverde"
"Calyptura cristata","Kinglet Calyptura","Cotinguita reyezuelo"
"Platyrinchus saturatus","Cinnamon-crested Spadebill","Picoplano cresticanela"
"Platyrinchus cancrominus","Stub-tailed Spadebill","Picoplano rabón"
"Platyrinchus mystaceus","White-throated Spadebill","Picoplano bigotudo oriental"
"Platyrinchus coronatus","Golden-crowned Spadebill","Picoplano coronado"
"Platyrinchus flavigularis","Yellow-throated Spadebill","Picoplano gorjiamarillo"
"Platyrinchus platyrhynchos","White-crested Spadebill","Picoplano crestiblanco"
"Platyrinchus leucoryphus","Russet-winged Spadebill","Picoplano alirrufo"
"Neopipo cinnamomea","Cinnamon Neopipo","Mosquerito canelo"
"Pyrrhomyias cinnamomeus","Cinnamon Flycatcher","Birro chico"
"Hirundinea ferruginea","Cliff Flycatcher","Birro roquero"
"Lathrotriccus euleri","Euler's Flycatcher","Mosquero de Euler"
"Lathrotriccus griseipectus","Grey-breasted Flycatcher","Mosquero pechigrís"
"Aphanotriccus capitalis","Tawny-chested Flycatcher","Mosquero pechileonado"
"Aphanotriccus audax","Black-billed Flycatcher","Mosquero piquinegro"
"Cnemotriccus fuscatus","Fuscous Flycatcher","Mosquero parduzco"
"Xenotriccus callizonus","Belted Flycatcher","Mosquero fajado"
"Xenotriccus mexicanus","Pileated Flycatcher","Mosquero del Balsas"
"Sayornis phoebe","Eastern Phoebe","Mosquero fibí"
"Sayornis nigricans","Black Phoebe","Mosquero negro"
"Sayornis saya","Say's Phoebe","Mosquero llanero"
"Mitrephanes phaeocercus","Northern Tufted Flycatcher","Mosquero moñudo común"
"Mitrephanes olivaceus","Olive Tufted Flycatcher","Mosquero moñudo oliváceo"
"Contopus cooperi","Olive-sided Flycatcher","Pibí boreal"
"Contopus pertinax","Greater Pewee","Pibí tengofrío"
"Contopus lugubris","Dark Pewee","Pibí oscuro"
"Contopus fumigatus","Smoke-colored Pewee","Pibí ahumado"
"Contopus ochraceus","Ochraceous Pewee","Pibí ocráceo"
"Contopus sordidulus","Western Wood Pewee","Pibí occidental"
"Contopus virens","Eastern Wood Pewee","Pibí oriental"
"Contopus bogotensis","Northern Tropical Pewee","Pibí tropical norteño"
"Contopus punensis","Tumbes Pewee","Pibí tropical occidental"
"Contopus cinereus","Southern Tropical Pewee","Pibí tropical sureño"
"Contopus albogularis","White-throated Pewee","Pibí gorjiblanco"
"Contopus nigrescens","Blackish Pewee","Pibí negruzco"
"Contopus caribaeus","Cuban Pewee","Pibí cubano"
"Contopus hispaniolensis","Hispaniolan Pewee","Pibí de La Española"
"Contopus pallidus","Jamaican Pewee","Pibí jamaicano"
"Contopus latirostris","Lesser Antillean Pewee","Pibí puertorriqueño"
"Empidonax flaviventris","Yellow-bellied Flycatcher","Mosquero ventriamarillo"
"Empidonax virescens","Acadian Flycatcher","Mosquero verdoso"
"Empidonax traillii","Willow Flycatcher","Mosquero saucero"
"Empidonax alnorum","Alder Flycatcher","Mosquero alisero"
"Empidonax albigularis","White-throated Flycatcher","Mosquero gorjiblanco"
"Empidonax minimus","Least Flycatcher","Mosquero mínimo"
"Empidonax hammondii","Hammond's Flycatcher","Mosquero de Hammond"
"Empidonax oberholseri","American Dusky Flycatcher","Mosquero oscuro"
"Empidonax wrightii","American Grey Flycatcher","Mosquero gris"
"Empidonax affinis","Pine Flycatcher","Mosquero de los pinos"
"Empidonax difficilis","Western Flycatcher","Mosquero del Pacífico"
"Empidonax flavescens","Yellowish Flycatcher","Mosquero amarillento"
"Empidonax fulvifrons","Buff-breasted Flycatcher","Mosquero pechicanelo"
"Empidonax atriceps","Black-capped Flycatcher","Mosquero cabecinegro"
"Pyrocephalus rubinus","Vermilion Flycatcher","Mosquero cardenal"
"Pyrocephalus nanus","Brujo Flycatcher","Mosquero de Galápagos"
"Ochthornis littoralis","Drab Water Tyrant","Mosquerito guardarríos"
"Satrapa icterophrys","Yellow-browed Tyrant","Mosquero cejiamarillo"
"Syrtidicola fluviatilis","Little Ground Tyrant","Dormilona enana"
"Muscisaxicola maculirostris","Spot-billed Ground Tyrant","Dormilona chica"
"Muscisaxicola albifrons","White-fronted Ground Tyrant","Dormilona gigante"
"Muscisaxicola flavinucha","Ochre-naped Ground Tyrant","Dormilona fraile"
"Muscisaxicola alpinus","Paramo Ground Tyrant","Dormilona gris"
"Muscisaxicola griseus","Taczanowski's Ground Tyrant","Dormilona de Taczanowski"
"Muscisaxicola cinereus","Cinereous Ground Tyrant","Dormilona cenicienta"
"Muscisaxicola rufivertex","Rufous-naped Ground Tyrant","Dormilona nuquirroja"
"Muscisaxicola maclovianus","Dark-faced Ground Tyrant","Dormilona carinegra"
"Muscisaxicola albilora","White-browed Ground Tyrant","Dormilona cejiblanca"
"Muscisaxicola capistratus","Cinnamon-bellied Ground Tyrant","Dormilona canela"
"Muscisaxicola juninensis","Puna Ground Tyrant","Dormilona puneña"
"Muscisaxicola frontalis","Black-fronted Ground Tyrant","Dormilona frentinegra"
"Lessonia oreas","Andean Negrito","Negrito andino"
"Lessonia rufa","Austral Negrito","Negrito austral"
"Hymenops perspicillatus","Spectacled Tyrant","Viudita picoplata"
"Knipolegus cyanirostris","Blue-billed Black Tyrant","Viudita picoceleste"
"Knipolegus signatus","Jelski's Black Tyrant","Viudita andina septentrional"
"Knipolegus cabanisi","Plumbeous Tyrant","Viudita andina meridional"
"Knipolegus striaticeps","Cinereous Tyrant","Viudita chaqueña"
"Knipolegus aterrimus","White-winged Black Tyrant","Viudita aliblanca"
"Knipolegus hudsoni","Hudson's Black Tyrant","Viudita patagona"
"Knipolegus poecilurus","Rufous-tailed Tyrant","Viudita colirrufa"
"Knipolegus orenocensis","Riverside Tyrant","Viudita ribereña del Orinoco"
"Knipolegus poecilocercus","Amazonian Black Tyrant","Viudita amazónica"
"Knipolegus lophotes","Crested Black Tyrant","Viudita copetona"
"Knipolegus nigerrimus","Velvety Black Tyrant","Viudita aterciopelada"
"Knipolegus franciscanus","Sao Francisco Black Tyrant","Viudita de caatinga"
"Cnemarchus erythropygius","Red-rumped Bush Tyrant","Birro culirrojo"
"Cnemarchus rufipennis","Rufous-webbed Bush Tyrant","Birro alirrufo"
"Xolmis velatus","White-rumped Monjita","Monjita velada"
"Xolmis irupero","White Monjita","Monjita blanca"
"Pyrope pyrope","Fire-eyed Diucon","Diucón"
"Nengetus cinereus","Grey Monjita","Monjita gris"
"Neoxolmis coronatus","Black-crowned Monjita","Monjita coronada"
"Neoxolmis rubetra","Rusty-backed Monjita","Monjita castaña"
"Neoxolmis salinarum","Salinas Monjita","Monjita salinera"
"Neoxolmis rufiventris","Chocolate-vented Tyrant","Monjita chocolate"
"Myiotheretes striaticollis","Streak-throated Bush Tyrant","Birro grande"
"Myiotheretes fuscorufus","Rufous-bellied Bush Tyrant","Birro ventrirrufo"
"Myiotheretes pernix","Santa Marta Bush Tyrant","Birro de Santa Marta"
"Myiotheretes fumigatus","Smoky Bush Tyrant","Birro ahumado"
"Agriornis montanus","Black-billed Shrike-Tyrant","Gaucho serrano"
"Agriornis murinus","Lesser Shrike-Tyrant","Gaucho chico"
"Agriornis albicauda","White-tailed Shrike-Tyrant","Gaucho andino"
"Agriornis micropterus","Grey-bellied Shrike-Tyrant","Gaucho gris"
"Agriornis lividus","Great Shrike-Tyrant","Gaucho grande"
"Gubernetes yetapa","Streamer-tailed Tyrant","Yetapá grande"
"Muscipipra vetula","Shear-tailed Grey Tyrant","Viudita coluda"
"Fluvicola pica","Pied Water Tyrant","Viudita pía"
"Fluvicola albiventer","Black-backed Water Tyrant","Viudita dorsinegra"
"Fluvicola nengeta","Masked Water Tyrant","Viudita enmascarada"
"Arundinicola leucocephala","White-headed Marsh Tyrant","Viudita cabeciblanca"
"Heteroxolmis dominicana","Black-and-white Monjita","Monjita dominicana"
"Alectrurus tricolor","Cock-tailed Tyrant","Yetapá chico"
"Alectrurus risora","Strange-tailed Tyrant","Yetapá acollarado"
"Tumbezia salvini","Tumbes Tyrant","Pitajo de Tumbes"
"Silvicultrix frontalis","Crowned Chat-Tyrant","Pitajo coronado"
"Silvicultrix spodionota","Kalinowski's Chat-Tyrant","Pitajo de Kalinowski"
"Silvicultrix pulchella","Golden-browed Chat-Tyrant","Pitajo cejidorado"
"Silvicultrix diadema","Yellow-bellied Chat-Tyrant","Pitajo diademado"
"Silvicultrix jelskii","Jelski's Chat-Tyrant","Pitajo de Jelski"
"Ochthoeca cinnamomeiventris","Slaty-backed Chat-Tyrant","Pitajo ventricastaño"
"Ochthoeca nigrita","Blackish Chat-Tyrant","Pitajo negro"
"Ochthoeca thoracica","Maroon-belted Chat-Tyrant","Pitajo pechicastaño"
"Ochthoeca rufipectoralis","Rufous-breasted Chat-Tyrant","Pitajo pechirrufo"
"Ochthoeca fumicolor","Brown-backed Chat-Tyrant","Pitajo dorsipardo"
"Ochthoeca superciliosa","Rufous-browed Chat-Tyrant","Pitajo cejirrojo"
"Ochthoeca oenanthoides","D'Orbigny's Chat-Tyrant","Pitajo canela"
"Ochthoeca leucophrys","White-browed Chat-Tyrant","Pitajo gris"
"Ochthoeca piurae","Piura Chat-Tyrant","Pitajo de Piura"
"Colorhamphus parvirostris","Patagonian Tyrant","Peutrén"
"Colonia colonus","Long-tailed Tyrant","Mosquero colilargo"
"Muscigralla brevicauda","Short-tailed Field Tyrant","Dormilona colicorta"
"Machetornis rixosa","Cattle Tyrant","Picabuey"
"Legatus leucophaius","Piratic Flycatcher","Mosquero pirata"
"Phelpsia inornata","White-bearded Flycatcher","Bienteveo barbiblanco"
"Myiozetetes cayanensis","Rusty-margined Flycatcher","Bienteveo alicastaño"
"Myiozetetes similis","Social Flycatcher","Bienteveo sociable"
"Myiozetetes granadensis","Grey-capped Flycatcher","Bienteveo cabecigrís"
"Myiozetetes luteiventris","Dusky-chested Flycatcher","Bienteveo pechioscuro"
"Pitangus sulphuratus","Great Kiskadee","Bienteveo común"
"Philohydor lictor","Lesser Kiskadee","Bienteveo chico"
"Conopias albovittatus","White-ringed Flycatcher","Bienteveo del Chocó"
"Conopias parvus","Yellow-throated Flycatcher","Bienteveo guayanés"
"Conopias trivirgatus","Three-striped Flycatcher","Bienteveo trilistado"
"Conopias cinchoneti","Lemon-browed Flycatcher","Bienteveo cejiamarillo"
"Myiodynastes hemichrysus","Golden-bellied Flycatcher","Bienteveo ventridorado"
"Myiodynastes chrysocephalus","Golden-crowned Flycatcher","Bienteveo coronidorado"
"Myiodynastes bairdii","Baird's Flycatcher","Bienteveo de Baird"
"Myiodynastes luteiventris","Sulphur-bellied Flycatcher","Bienteveo ventriazufrado"
"Myiodynastes maculatus","Streaked Flycatcher","Bienteveo rayado septentrional"
"Megarynchus pitangua","Boat-billed Flycatcher","Bienteveo pitanguá"
"Tyrannopsis sulphurea","Sulphury Flycatcher","Tirano palmero"
"Empidonomus varius","Variegated Flycatcher","Tuquito rayado"
"Griseotyrannus aurantioatrocristatus","Crowned Slaty Flycatcher","Tuquito gris"
"Tyrannus niveigularis","Snowy-throated Kingbird","Tirano gorjiníveo"
"Tyrannus albogularis","White-throated Kingbird","Tirano gorjiblanco"
"Tyrannus melancholicus","Tropical Kingbird","Tirano melancólico"
"Tyrannus couchii","Couch's Kingbird","Tirano silbador"
"Tyrannus vociferans","Cassin's Kingbird","Tirano gritón"
"Tyrannus crassirostris","Thick-billed Kingbird","Tirano piquigrueso"
"Tyrannus verticalis","Western Kingbird","Tirano occidental"
"Tyrannus forficatus","Scissor-tailed Flycatcher","Tijereta rosada"
"Tyrannus savana","Fork-tailed Flycatcher","Tijereta sabanera"
"Tyrannus tyrannus","Eastern Kingbird","Tirano oriental"
"Tyrannus dominicensis","Grey Kingbird","Tirano dominicano"
"Tyrannus cubensis","Giant Kingbird","Tirano cubano"
"Tyrannus caudifasciatus","Loggerhead Kingbird","Tirano guatíbere"
"Rhytipterna simplex","Greyish Mourner","Plañidera gris"
"Rhytipterna immunda","Pale-bellied Mourner","Plañidera pálida"
"Rhytipterna holerythra","Rufous Mourner","Plañidera rojiza"
"Sirystes sibilator","Sibilant Sirystes","Mosquero silbador"
"Sirystes albocinereus","White-rumped Sirystes","Mosquero culiblanco"
"Sirystes subcanescens","Todd's Sirystes","Mosquero canoso"
"Sirystes albogriseus","Choco Sirystes","Mosquero del Chocó"
"Casiornis rufus","Rufous Casiornis","Burlisto castaño"
"Casiornis fuscus","Ash-throated Casiornis","Burlisto gorjigrís"
"Myiarchus semirufus","Rufous Flycatcher","Copetón rufo"
"Myiarchus yucatanensis","Yucatan Flycatcher","Copetón yucateco"
"Myiarchus barbirostris","Sad Flycatcher","Copetón jamaicano"
"Myiarchus tuberculifer","Dusky-capped Flycatcher","Copetón capirotado"
"Myiarchus swainsoni","Swainson's Flycatcher","Copetón de Swainson"
"Myiarchus venezuelensis","Venezuelan Flycatcher","Copetón venezolano"
"Myiarchus panamensis","Panama Flycatcher","Copetón panameño"
"Myiarchus ferox","Short-crested Flycatcher","Copetón feroz"
"Myiarchus apicalis","Apical Flycatcher","Copetón apical"
"Myiarchus cephalotes","Pale-edged Flycatcher","Copetón montañero"
"Myiarchus phaeocephalus","Sooty-crowned Flycatcher","Copetón tiznado"
"Myiarchus cinerascens","Ash-throated Flycatcher","Copetón cenizo"
"Myiarchus nuttingi","Nutting's Flycatcher","Copetón de Nutting"
"Myiarchus flavidior","Salvadoran Flycatcher",NA
"Myiarchus crinitus","Great Crested Flycatcher","Copetón viajero"
"Myiarchus tyrannulus","Brown-crested Flycatcher","Copetón tiranillo"
"Myiarchus magnirostris","Galapagos Flycatcher","Copetón de Galápagos"
"Myiarchus nugator","Grenada Flycatcher","Copetón de Granada"
"Myiarchus validus","Rufous-tailed Flycatcher","Copetón colirrufo"
"Myiarchus sagrae","La Sagra's Flycatcher","Copetón de De La Sagra"
"Myiarchus stolidus","Stolid Flycatcher","Copetón bobito"
"Myiarchus antillarum","Puerto Rican Flycatcher","Copetón puertorriqueño"
"Myiarchus oberi","Lesser Antillean Flycatcher","Copetón de Ober"
"Ramphotrigon megacephalum","Large-headed Flatbill","Picoplano cabezón"
"Ramphotrigon flammulatum","Flammulated Flycatcher","Copetón abejerillo"
"Ramphotrigon ruficauda","Rufous-tailed Flatbill","Picoplano colirrufo"
"Ramphotrigon fuscicauda","Dusky-tailed Flatbill","Picoplano colioscuro"
"Attila phoenicurus","Rufous-tailed Attila","Atila cabecigrís"
"Attila cinnamomeus","Cinnamon Attila","Atila canelo"
"Attila torridus","Ochraceous Attila","Atila ocre"
"Attila citriniventris","Citron-bellied Attila","Atila citrino"
"Attila bolivianus","White-eyed Attila","Atila ojiblanco"
"Attila rufus","Grey-hooded Attila","Atila encapuchado"
"Attila spadiceus","Bright-rumped Attila","Atila polimorfo"
"Ampelioides tschudii","Scaled Fruiteater","Frutero escamoso"
"Pipreola chlorolepidota","Fiery-throated Fruiteater","Frutero gorjirrojo"
"Pipreola frontalis","Scarlet-breasted Fruiteater","Frutero pechirrojo sureño"
"Pipreola formosa","Handsome Fruiteater","Frutero hermoso"
"Pipreola whitelyi","Red-banded Fruiteater","Frutero degollado"
"Pipreola lubomirskii","Black-chested Fruiteater","Frutero pechinegro"
"Pipreola jucunda","Orange-breasted Fruiteater","Frutero pechinaranja"
"Pipreola pulchra","Masked Fruiteater","Frutero enmascarado"
"Pipreola aureopectus","Golden-breasted Fruiteater","Frutero pechidorado"
"Pipreola arcuata","Barred Fruiteater","Frutero barrado"
"Pipreola intermedia","Band-tailed Fruiteater","Frutero colifajado"
"Pipreola riefferii","Green-and-black Fruiteater","Frutero verdinegro"
"Snowornis subalaris","Grey-tailed Piha","Guardabosques coligrís"
"Snowornis cryptolophus","Olivaceous Piha","Guardabosques oliváceo"
"Carpornis cucullata","Hooded Berryeater","Cotinga encapuchado"
"Carpornis melanocephala","Black-headed Berryeater","Cotinga cabecinegro"
"Rupicola peruvianus","Andean Cock-of-the-rock","Gallito de las rocas peruano"
"Rupicola rupicola","Guianan Cock-of-the-rock","Gallito de las rocas guayanés"
"Phoenicircus carnifex","Guianan Red Cotinga","Cotinga rojo guayanés"
"Phoenicircus nigricollis","Black-necked Red Cotinga","Cotinga rojo cuellinegro"
"Zaratornis stresemanni","White-cheeked Cotinga","Cotinga cariblanco"
"Phytotoma rara","Rufous-tailed Plantcutter","Cortarramas chileno"
"Phytotoma raimondii","Peruvian Plantcutter","Cortarramas peruano"
"Phytotoma rutila","White-tipped Plantcutter","Cortarramas argentino"
"Phibalura flavirostris","Swallow-tailed Cotinga","Cotinga tijereta"
"Phibalura boliviana","Palkachupa Cotinga","Cotinga de Apolo"
"Doliornis sclateri","Bay-vented Cotinga","Cotinga de Sclater"
"Doliornis remseni","Chestnut-bellied Cotinga","Cotinga de Remsen"
"Ampelion rubrocristatus","Red-crested Cotinga","Cotinga crestirrojo"
"Ampelion rufaxilla","Chestnut-crested Cotinga","Cotinga cresticastaño"
"Haematoderus militaris","Crimson Fruitcrow","Cotinga militar"
"Querula purpurata","Purple-throated Fruitcrow","Cotinga quérula"
"Pyroderus scutatus","Red-ruffed Fruitcrow","Yacutoro"
"Cephalopterus glabricollis","Bare-necked Umbrellabird","Paragüero cuellicalvo"
"Cephalopterus penduliger","Long-wattled Umbrellabird","Paragüero corbatudo"
"Cephalopterus ornatus","Amazonian Umbrellabird","Paragüero ornado"
"Perissocephalus tricolor","Capuchinbird","Cotinga capuchino"
"Lipaugus unirufus","Rufous Piha","Guardabosques rojizo"
"Lipaugus streptophorus","Rose-collared Piha","Guardabosques acollarado"
"Lipaugus vociferans","Screaming Piha","Guardabosques gritón"
"Lipaugus lanioides","Cinnamon-vented Piha","Guardabosques lanioide"
"Lipaugus ater","Black-and-gold Cotinga","Cotinga negro"
"Lipaugus conditus","Grey-winged Cotinga","Cotinga aligrís"
"Lipaugus weberi","Chestnut-capped Piha","Guardabosques antioqueño"
"Lipaugus fuscocinereus","Dusky Piha","Guardabosques oscuro"
"Lipaugus uropygialis","Scimitar-winged Piha","Guardabosques alicurvo"
"Procnias albus","White Bellbird","Campanero blanco"
"Procnias tricarunculatus","Three-wattled Bellbird","Campanero tricarunculado"
"Procnias nudicollis","Bare-throated Bellbird","Campanero meridional"
"Procnias averano","Bearded Bellbird","Campanero barbudo"
"Cotinga maynana","Plum-throated Cotinga","Cotinga mayna"
"Cotinga cayana","Spangled Cotinga","Cotinga celeste"
"Cotinga amabilis","Lovely Cotinga","Cotinga azulejo"
"Cotinga nattererii","Blue Cotinga","Cotinga azul"
"Cotinga ridgwayi","Turquoise Cotinga","Cotinga turquesa"
"Cotinga maculata","Banded Cotinga","Cotinga maculado"
"Cotinga cotinga","Purple-breasted Cotinga","Cotinga pechimorado"
"Porphyrolaema porphyrolaema","Purple-throated Cotinga","Cotinga gorjimorado"
"Conioptilon mcilhennyi","Black-faced Cotinga","Cotinga carinegro"
"Gymnoderus foetidus","Bare-necked Fruitcrow","Cuellopelado"
"Xipholena punicea","Pompadour Cotinga","Cotinga Pompadour"
"Xipholena lamellipennis","White-tailed Cotinga","Cotinga coliblanco"
"Xipholena atropurpurea","White-winged Cotinga","Cotinga aliblanco"
"Carpodectes hopkei","Black-tipped Cotinga","Cotinga blanco"
"Carpodectes antoniae","Yellow-billed Cotinga","Cotinga piquiamarillo"
"Carpodectes nitidus","Snowy Cotinga","Cotinga níveo"
"Tyranneutes stolzmanni","Dwarf Tyrant-Manakin","Saltarín enano"
"Tyranneutes virescens","Tiny Tyrant-Manakin","Saltarín diminuto"
"Neopelma chrysocephalum","Saffron-crested Tyrant-Manakin","Saltarín coronigualdo"
"Neopelma sulphureiventer","Sulphur-bellied Tyrant-Manakin","Saltarín ventrisulfúreo"
"Neopelma pallescens","Pale-bellied Tyrant-Manakin","Saltarín ventriblanco"
"Neopelma aurifrons","Wied's Tyrant-Manakin","Saltarín de Wied"
"Neopelma chrysolophum","Serra do Mar Tyrant-Manakin","Saltarín de Serra do Mar"
"Chloropipo flavicapilla","Yellow-headed Manakin","Saltarín amarillo"
"Chloropipo unicolor","Jet Manakin","Saltarín azabache"
"Chiroxiphia boliviana","Yungas Manakin","Saltarín de las yungas"
"Chiroxiphia pareola","Blue-backed Manakin","Saltarín dorsiazul"
"Chiroxiphia linearis","Long-tailed Manakin","Saltarín colilargo"
"Chiroxiphia lanceolata","Lance-tailed Manakin","Saltarín lanceolado"
"Chiroxiphia caudata","Blue Manakin","Saltarín azul"
"Chiroxiphia bokermanni","Araripe Manakin","Saltarín de Araripe"
"Chiroxiphia galeata","Helmeted Manakin","Saltarín de yelmo"
"Ilicura militaris","Pin-tailed Manakin","Saltarín militar"
"Masius chrysopterus","Golden-winged Manakin","Saltarín alidorado"
"Corapipo gutturalis","White-throated Manakin","Saltarín gorjiblanco oriental"
"Corapipo altera","White-ruffed Manakin","Saltarín de Barba Blanca"
"Corapipo leucorrhoa","White-bibbed Manakin","Saltarín gorjiblanco occidental"
"Xenopipo uniformis","Olive Manakin","Saltarín oliváceo"
"Xenopipo atronitens","Black Manakin","Saltarín negro"
"Cryptopipo litae","Choco Manakin","Saltarín del Chocó"
"Cryptopipo holochlora","Green Manakin","Saltarín verde"
"Lepidothrix velutina","Velvety Manakin",NA
"Lepidothrix coronata","Blue-capped Manakin","Saltarín coroniazul"
"Lepidothrix nattereri","Snow-capped Manakin","Saltarín coronialbo"
"Lepidothrix vilasboasi","Golden-crowned Manakin","Saltarín coronidorado"
"Lepidothrix iris","Opal-crowned Manakin","Saltarín opalescente"
"Lepidothrix suavissima","Orange-bellied Manakin","Saltarín ventrinaranja"
"Lepidothrix serena","White-fronted Manakin","Saltarín frentiblanco"
"Lepidothrix isidorei","Blue-rumped Manakin","Saltarín lomiazul"
"Lepidothrix coeruleocapilla","Cerulean-capped Manakin","Saltarín coroniceleste"
"Heterocercus aurantiivertex","Orange-crested Manakin","Saltarín crestinaranja"
"Heterocercus flavivertex","Yellow-crested Manakin","Saltarín crestiamarillo"
"Heterocercus linteatus","Flame-crested Manakin","Saltarín crestirrojo"
"Manacus manacus","White-bearded Manakin","Saltarín barbiblanco"
"Manacus candei","White-collared Manakin","Saltarín cuelliblanco"
"Manacus vitellinus","Golden-collared Manakin","Saltarín cuellidorado"
"Manacus aurantiacus","Orange-collared Manakin","Saltarín cuellinaranja"
"Pipra aureola","Crimson-hooded Manakin","Saltarín cabecinaranja"
"Pipra filicauda","Wire-tailed Manakin","Saltarín Uirapuru"
"Pipra fasciicauda","Band-tailed Manakin","Saltarín naranja"
"Machaeropterus deliciosus","Club-winged Manakin","Saltarín alitorcido"
"Machaeropterus regulus","Kinglet Manakin","Saltarín rayado oriental"
"Machaeropterus striolatus","Striolated Manakin","Saltarín rayado occidental"
"Machaeropterus eckelberryi","Painted Manakin","Saltarín pintado"
"Machaeropterus pyrocephalus","Fiery-capped Manakin","Saltarín encendido"
"Pseudopipra pipra","White-crowned Manakin","Saltarín coroniblanco"
"Ceratopipra cornuta","Scarlet-horned Manakin","Saltarín copetón"
"Ceratopipra mentalis","Red-capped Manakin","Saltarín cabecirrojo norteño"
"Ceratopipra chloromeros","Round-tailed Manakin","Saltarín coliancho"
"Ceratopipra erythrocephala","Golden-headed Manakin","Saltarín cabecidorado"
"Ceratopipra rubrocapilla","Red-headed Manakin","Saltarín cabecirrojo sureño"
"Tityra inquisitor","Black-crowned Tityra","Titira piquinegro"
"Tityra cayana","Black-tailed Tityra","Titira colinegro occidental"
"Tityra semifasciata","Masked Tityra","Titira enmascarado"
"Tityra leucura","White-tailed Tityra","Titira coliblanco"
"Schiffornis major","Varzea Schiffornis","Llorón de varzea"
"Schiffornis olivacea","Guianan Schiffornis","Llorón oliváceo"
"Schiffornis veraepacis","Northern Schiffornis","Llorón de Verapaz"
"Schiffornis aenea","Foothill Schiffornis","Llorón bronceado"
"Schiffornis stenorhyncha","Russet-winged Schiffornis","Llorón picofino"
"Schiffornis turdina","Brown-winged Schiffornis","Llorón turdino"
"Schiffornis virescens","Greenish Schiffornis","Llorón verdoso"
"Laniocera rufescens","Speckled Mourner","Plañidera moteada"
"Laniocera hypopyrra","Cinereous Mourner","Plañidera cenicienta"
"Iodopleura pipra","Buff-throated Purpletuft","Cotinguita pipra"
"Iodopleura fusca","Dusky Purpletuft","Cotinguita oscuro"
"Iodopleura isabellae","White-browed Purpletuft","Cotinguita cejiblanco"
"Laniisoma buckleyi","Andean Laniisoma","Lanisoma andina"
"Laniisoma elegans","Brazilian Laniisoma","Lanisoma elegante"
"Xenopsaris albinucha","White-naped Xenopsaris","Anambé chico"
"Pachyramphus viridis","Green-backed Becard","Anambé dorsiverde"
"Pachyramphus versicolor","Barred Becard","Anambé barrado"
"Pachyramphus spodiurus","Slaty Becard","Anambé pizarra"
"Pachyramphus rufus","Cinereous Becard","Anambé cinéreo"
"Pachyramphus castaneus","Chestnut-crowned Becard","Anambé castaño"
"Pachyramphus cinnamomeus","Cinnamon Becard","Anambé canelo"
"Pachyramphus salvini","Cryptic Becard",NA
"Pachyramphus polychopterus","White-winged Becard","Anambé aliblanco"
"Pachyramphus marginatus","Black-capped Becard","Anambé capirotado"
"Pachyramphus albogriseus","Black-and-white Becard","Anambé blanquinegro"
"Pachyramphus major","Grey-collared Becard","Anambé mexicano oriental"
"Pachyramphus surinamus","Glossy-backed Becard","Anambé de Surinam"
"Pachyramphus homochrous","One-colored Becard","Anambé unicolor"
"Pachyramphus minor","Pink-throated Becard","Anambé gorjirrosa"
"Pachyramphus validus","Crested Becard","Anambé grande"
"Pachyramphus aglaiae","Rose-throated Becard","Anambé degollado"
"Pachyramphus niger","Jamaican Becard","Anambé jamaicano"
"Oxyruncus cristatus","Sharpbill","Picoagudo"
"Onychorhynchus swainsoni","Atlantic Royal Flycatcher","Mosquero real del Atlántico"
"Onychorhynchus coronatus","Tropical Royal Flycatcher","Mosquero real amazónico"
"Myiobius villosus","Tawny-breasted Myiobius","Moscareta vellosa"
"Myiobius sulphureipygius","Sulphur-rumped Myiobius","Moscareta culiamarilla"
"Myiobius barbatus","Whiskered Myiobius","Moscareta barbada"
"Myiobius atricaudus","Black-tailed Myiobius","Moscareta colinegra"
"Terenotriccus erythrurus","Ruddy-tailed Flycatcher","Mosquerito colirrojo"
"Menura alberti","Albert's Lyrebird","Avelira de Alberto"
"Menura novaehollandiae","Superb Lyrebird","Avelira soberbia"
"Atrichornis rufescens","Rufous Scrubbird","Matorralero rojizo"
"Atrichornis clamosus","Noisy Scrubbird","Matorralero bullicioso"
"Ailuroedus stonii","Ochre-breasted Catbird","Maullador de pecho ocre"
"Ailuroedus buccoides","White-eared Catbird","Maullador cariblanco"
"Ailuroedus geislerorum","Tan-capped Catbird","Maullador broceado"
"Ailuroedus crassirostris","Green Catbird","Maullador verde"
"Ailuroedus maculosus","Spotted Catbird","Maullador moteado"
"Ailuroedus melanotis","Black-eared Catbird","Maullador orejudo"
"Scenopoeetes dentirostris","Tooth-billed Bowerbird","Pergolero dentado"
"Archboldia papuensis","Archbold's Bowerbird","Pergolero de Archbold"
"Amblyornis inornata","Vogelkop Bowerbird","Pergolero pardo"
"Amblyornis macgregoriae","MacGregor's Bowerbird","Pergolero de MacGregor"
"Amblyornis germanus","Huon Bowerbird",NA
"Amblyornis subalaris","Streaked Bowerbird","Pergolero estriado"
"Amblyornis flavifrons","Golden-fronted Bowerbird","Pergolero frentigualdo"
"Prionodura newtoniana","Golden Bowerbird","Pergolero dorado"
"Sericulus aureus","Masked Bowerbird","Pergolero áureo"
"Sericulus ardens","Flame Bowerbird","Pergolero flamígero"
"Sericulus bakeri","Fire-maned Bowerbird","Pergolero de los Adelbert"
"Sericulus chrysocephalus","Regent Bowerbird","Pergolero regente"
"Ptilonorhynchus violaceus","Satin Bowerbird","Pergolero satinado"
"Chlamydera guttata","Western Bowerbird","Pergolero moteado occidental"
"Chlamydera nuchalis","Great Bowerbird","Pergolero grande"
"Chlamydera maculata","Spotted Bowerbird","Pergolero moteado oriental"
"Chlamydera lauterbachi","Yellow-breasted Bowerbird","Pergolero de Lauterbach"
"Chlamydera cerviniventris","Fawn-breasted Bowerbird","Pergolero pechipardo"
"Cormobates leucophaea","White-throated Treecreeper","Corretroncos gorjiblanco"
"Cormobates placens","Papuan Treecreeper","Corretroncos papú"
"Climacteris erythrops","Red-browed Treecreeper","Corretroncos cejirrojo"
"Climacteris affinis","White-browed Treecreeper","Corretroncos cejiblanco"
"Climacteris rufus","Rufous Treecreeper","Corretroncos rufo"
"Climacteris picumnus","Brown Treecreeper","Corretroncos pardo"
"Climacteris melanurus","Black-tailed Treecreeper","Corretroncos colinegro"
"Sipodotus wallacii","Wallace's Fairywren","Maluro de Wallace"
"Chenorhamphus grayi","Broad-billed Fairywren","Maluro picoancho"
"Chenorhamphus campbelli","Campbell's Fairywren","Maluro de Campbell"
"Malurus cyanocephalus","Emperor Fairywren","Maluro emperador"
"Malurus amabilis","Lovely Fairywren","Maluro amable"
"Malurus assimilis","Purple-backed Fairywren","Maluro dorsimorado"
"Malurus lamberti","Variegated Fairywren","Maluro variegado"
"Malurus pulcherrimus","Blue-breasted Fairywren","Maluro pechiazul"
"Malurus elegans","Red-winged Fairywren","Maluro elegante"
"Malurus cyaneus","Superb Fairywren","Maluro soberbio"
"Malurus splendens","Splendid Fairywren","Maluro espléndido"
"Malurus coronatus","Purple-crowned Fairywren","Maluro coronado"
"Malurus alboscapulatus","White-shouldered Fairywren","Maluro hombroblanco"
"Malurus melanocephalus","Red-backed Fairywren","Maluro dorsirrojo"
"Malurus leucopterus","White-winged Fairywren","Maluro aliblanco"
"Clytomyias insignis","Orange-crowned Fairywren","Maluro cabecirrojo"
"Stipiturus malachurus","Southern Emu-wren","Maluro meridional"
"Stipiturus mallee","Mallee Emu-wren","Maluro del Mallee"
"Stipiturus ruficeps","Rufous-crowned Emu-wren","Maluro coronirrufo"
"Amytornis barbatus","Grey Grasswren","Maluro gris"
"Amytornis housei","Black Grasswren","Maluro negro"
"Amytornis woodwardi","White-throated Grasswren","Maluro gorjiblanco"
"Amytornis dorotheae","Carpentarian Grasswren","Maluro de Carpentaria"
"Amytornis merrotsyi","Short-tailed Grasswren","Maluro colicorto"
"Amytornis whitei","Pilbara Grasswren","Maluro de Pilbara"
"Amytornis oweni","Sandhill Grasswren",NA
"Amytornis rowleyi","Opalton Grasswren","Maluro herrumbroso"
"Amytornis striatus","Striated Grasswren","Maluro estriado"
"Amytornis goyderi","Eyrean Grasswren","Maluro del Eyre"
"Amytornis textilis","Western Grasswren","Maluro occidental"
"Amytornis modestus","Thick-billed Grasswren","Maluro picogordo"
"Amytornis purnelli","Dusky Grasswren","Maluro sombrío"
"Amytornis ballarae","Kalkadoon Grasswren","Maluro kalkadoon"
"Myza celebensis","Dark-eared Myza","Mielero chico de Célebes"
"Myza sarasinorum","White-eared Myza","Mielero grande de Célebes"
"Acanthorhynchus tenuirostris","Eastern Spinebill","Picoespina oriental"
"Acanthorhynchus superciliosus","Western Spinebill","Picoespina occidental"
"Glycichaera fallax","Green-backed Honeyeater","Mielero dorsiverde"
"Melionyx fuscus","Sooty Honeyeater","Mielero fuliginoso"
"Melionyx princeps","Long-bearded Honeyeater","Mielero barbilargo"
"Melionyx nouhuysi","Short-bearded Honeyeater","Mielero barbicorto"
"Ptiloprora plumbea","Leaden Honeyeater","Mielero plomizo"
"Ptiloprora meekiana","Yellowish-streaked Honeyeater","Mielero de Meek"
"Ptiloprora erythropleura","Rufous-sided Honeyeater","Mielero flanquirrufo"
"Ptiloprora guisei","Rufous-backed Honeyeater","Mielero dorsirrufo"
"Ptiloprora mayri","Mayr's Honeyeater","Mielero de Mayr"
"Ptiloprora perstriata","Grey-streaked Honeyeater","Mielero estriado"
"Ashbyia lovensis","Gibberbird","Eptianuro de Ashby"
"Epthianura tricolor","Crimson Chat","Eptianuro tricolor"
"Epthianura aurifrons","Orange Chat","Eptianuro naranja"
"Epthianura crocea","Yellow Chat","Eptianuro amarillo"
"Epthianura albifrons","White-fronted Chat","Eptianuro pío"
"Stresemannia bougainvillei","Bougainville Honeyeater","Mielero de Bougainville"
"Conopophila albogularis","Rufous-banded Honeyeater","Mielero pechirrufo"
"Conopophila rufogularis","Rufous-throated Honeyeater","Mielero golirrufo"
"Conopophila whitei","Grey Honeyeater","Mielero de White"
"Ramsayornis fasciatus","Bar-breasted Honeyeater","Mielero pechibarrado"
"Ramsayornis modestus","Brown-backed Honeyeater","Mielero modesto"
"Melilestes megarhynchus","Long-billed Honeyeater","Mielero piquilargo"
"Timeliopsis fulvigula","Olive Straightbill","Mielero oliváceo"
"Timeliopsis griseigula","Tawny Straightbill","Mielero habano"
"Melipotes gymnops","Arfak Honeyeater","Mielero de las Arfak"
"Melipotes fumigatus","Common Smoky Honeyeater","Mielero ahumado"
"Melipotes carolae","Wattled Smoky Honeyeater","Mielero de Carlota"
"Melipotes ater","Spangled Honeyeater","Mielero moteado"
"Macgregoria pulchra","MacGregor's Honeyeater","Mielero de Macgregor"
"Gliciphila undulata","Barred Honeyeater","Mielero barrado"
"Gliciphila notabilis","White-bellied Honeyeater","Mielero ventriblanco"
"Gliciphila melanops","Tawny-crowned Honeyeater","Mielero coronado"
"Pycnopygius ixoides","Plain Honeyeater","Mielero bulbul"
"Pycnopygius cinereus","Marbled Honeyeater","Mielero jaspeado"
"Pycnopygius stictocephalus","Streak-headed Honeyeater","Mielero cabecirrayado"
"Certhionyx variegatus","Pied Honeyeater","Mielero pío"
"Prosthemadera novaeseelandiae","Tui","Mielero tui"
"Anthornis melanura","New Zealand Bellbird","Mielero maorí"
"Anthornis melanocephala","Chatham Islands Bellbird","Mielero de las Chatham"
"Sugomel lombokium","Scaly-crowned Honeyeater","Mielero de Lombok"
"Sugomel nigrum","Black Honeyeater","Mielero blanquinegro"
"Melitograis gilolensis","White-streaked Friarbird","Filemón estriado"
"Vosea whitemanensis","Gilliard's Honeyeater","Mielero de las Bismarck"
"Myzomela blasii","Drab Myzomela","Mielero apagado"
"Myzomela albigula","White-chinned Myzomela","Mielero barbiblanco"
"Myzomela cineracea","Ashy Myzomela","Mielero cenizo"
"Myzomela eques","Ruby-throated Myzomela","Mielero barbirrojo"
"Myzomela simplex","Moluccan Myzomela","Mielero moluqueño"
"Myzomela rubrotincta","Red-tinged Myzomela","Mielero de Obi"
"Myzomela rubrobrunnea","Biak Myzomela","Mielero de Biak"
"Myzomela obscura","Dusky Myzomela","Mielero sombrío"
"Myzomela cruentata","Red Myzomela","Mielero rojo"
"Myzomela erythrina","Reddish Myzomela","Mielero rojizo"
"Myzomela nigrita","Papuan Black Myzomela","Mielero negro"
"Myzomela pulchella","New Ireland Myzomela","Mielero de Nueva Irlanda"
"Myzomela kuehni","Wetar Myzomela","Mielero de la Wetar"
"Myzomela prawiradilagae","Alor Myzomela","Mielero de Alor"
"Myzomela erythrocephala","Red-headed Myzomela","Mielero cabecirrojo"
"Myzomela dammermani","Sumba Myzomela","Mielero de Sumba"
"Myzomela irianawidodoae","Rote Myzomela","Mielero de Rote"
"Myzomela adolphinae","Mountain Myzomela","Mielero de Adolfina"
"Myzomela boiei","Banda Myzomela","Mielero de las Banda"
"Myzomela wahe","Taliabu Myzomela","Mielero de Taliabu"
"Myzomela chloroptera","Sulawesi Myzomela","Mielero rojo de Célebes"
"Myzomela batjanensis","Bacan Myzomela","Mielero de las Bacan"
"Myzomela wakoloensis","Wakolo Myzomela","Mielero del Wakolo"
"Myzomela sanguinolenta","Scarlet Myzomela","Mielero escarlata"
"Myzomela caledonica","New Caledonian Myzomela","Mielero de Nueva Caledonia"
"Myzomela cardinalis","Cardinal Myzomela","Mielero cardenal"
"Myzomela nigriventris","Samoan Myzomela",NA
"Myzomela chermesina","Rotuma Myzomela","Mielero de Rotuma"
"Myzomela rubratra","Micronesian Myzomela","Mielero de Micronesia"
"Myzomela sclateri","Sclater's Myzomela","Mielero de Sclater"
"Myzomela pammelaena","Bismarck Black Myzomela","Mielero de ébano"
"Myzomela lafargei","Red-capped Myzomela","Mielero nuquirrojo"
"Myzomela eichhorni","Crimson-rumped Myzomela","Mielero de Eichhorn"
"Myzomela malaitae","Red-vested Myzomela","Mielero de Malaita"
"Myzomela melanocephala","Black-headed Myzomela","Mielero cabecinegro"
"Myzomela tristrami","Sooty Myzomela","Mielero de Tristram"
"Myzomela jugularis","Sulphur-breasted Myzomela","Mielero pechinaranja"
"Myzomela erythromelas","Black-bellied Myzomela","Mielero ventrinegro"
"Myzomela vulnerata","Black-breasted Myzomela","Mielero culirrojo"
"Myzomela rosenbergii","Red-collared Myzomela","Mielero de Rosenberg"
"Myzomela longirostris","Long-billed Myzomela","Mielero de la Goodenough"
"Philemon meyeri","Meyer's Friarbird","Filemón de Meyer"
"Philemon brassi","Brass's Friarbird","Filemón de Brass"
"Philemon citreogularis","Little Friarbird","Filemón goligualdo"
"Philemon kisserensis","Grey Friarbird","Filemón de Kisar"
"Philemon inornatus","Timor Friarbird","Filemón de Timor"
"Philemon fuscicapillus","Morotai Friarbird","Filemón sombrío"
"Philemon subcorniculatus","Seram Friarbird","Filemón de Seram"
"Philemon moluccensis","Buru Friarbird","Filemón moluqueño"
"Philemon plumigenis","Tanimbar Friarbird","Filemón de las Tanimbar"
"Philemon buceroides","Helmeted Friarbird","Filemón de yelmo"
"Philemon cockerelli","New Britain Friarbird","Filemón de Nueva Bretaña"
"Philemon eichhorni","New Ireland Friarbird","Filemón de Nueva Irlanda"
"Philemon albitorques","Manus Friarbird","Filemón nuquiblanco"
"Philemon argenticeps","Silver-crowned Friarbird","Filemón coronado"
"Philemon corniculatus","Noisy Friarbird","Filemón chillón"
"Philemon diemenensis","New Caledonian Friarbird","Filemón de Nueva Caledonia"
"Xanthotis polygrammus","Spotted Honeyeater","Mielero manchado"
"Xanthotis macleayanus","Macleay's Honeyeater","Mielero de Macleay"
"Xanthotis flaviventer","Tawny-breasted Honeyeater","Mielero ventrihabano"
"Plectorhyncha lanceolata","Striped Honeyeater","Mielero lanceolado"
"Grantiella picta","Painted Honeyeater","Mielero pintado"
"Trichodere cockerelli","White-streaked Honeyeater","Mielero de Cockerell"
"Phylidonyris pyrrhopterus","Crescent Honeyeater","Mielero alafuego"
"Phylidonyris novaehollandiae","New Holland Honeyeater","Mielero de Nueva Holanda"
"Phylidonyris niger","White-cheeked Honeyeater","Mielero cariblanco"
"Lichmera argentauris","Olive Honeyeater","Mielero cariplateado"
"Lichmera indistincta","Brown Honeyeater","Mielero pardo"
"Lichmera incana","Grey-eared Honeyeater","Mielero orejigrís"
"Lichmera alboauricularis","Silver-eared Honeyeater","Mielero pechipinto"
"Lichmera squamata","Scaly-breasted Honeyeater","Mielero escamoso"
"Lichmera deningeri","Buru Honeyeater","Mielero de Buru"
"Lichmera monticola","Seram Honeyeater","Mielero de Seram"
"Lichmera flavicans","Flame-eared Honeyeater","Mielero de Timor"
"Lichmera notabilis","Black-necklaced Honeyeater","Mielero acollarado"
"Cissomela pectoralis","Banded Honeyeater","Mielero bandeado"
"Guadalcanaria inexpectata","Guadalcanal Honeyeater","Mielero de Guadalcanal"
"Meliarchus sclateri","Makira Honeyeater","Mielero de San Cristóbal"
"Gymnomyza viridis","Yellow-billed Giant Honeyeater","Mielero gigante piquiamarillo"
"Gymnomyza brunneirostris","Duetting Giant Honeyeater","Mielero gigante piquipardo"
"Gymnomyza samoensis","Mao","Mielero mao"
"Gymnomyza aubryana","Crow Honeyeater","Mielero corvino"
"Foulehaio carunculatus","Polynesian Wattled Honeyeater","Mielero carunculado común"
"Foulehaio taviunensis","Fiji Wattled Honeyeater","Mielero carunculado de Taveuni"
"Foulehaio procerior","Kikau","Mielero carunculado de Viti Levu"
"Meliphacator provocator","Kadavu Honeyeater","Mielero de Kandavu"
"Nesoptilotis leucotis","White-eared Honeyeater","Mielero orejiblanco"
"Nesoptilotis flavicollis","Yellow-throated Honeyeater","Mielero cuelligualdo"
"Entomyzon cyanotis","Blue-faced Honeyeater","Mielero cariazul"
"Melithreptus gularis","Black-chinned Honeyeater","Mielero barbinegro"
"Melithreptus validirostris","Strong-billed Honeyeater","Mielero picudo"
"Melithreptus brevirostris","Brown-headed Honeyeater","Mielero cabecipardo"
"Melithreptus albogularis","White-throated Honeyeater","Mielero goliblanco"
"Melithreptus lunatus","White-naped Honeyeater","Mielero nuquiblanco oriental"
"Melithreptus chloropsis","Gilbert's Honeyeater","Mielero nuquiblanco occidental"
"Melithreptus affinis","Black-headed Honeyeater","Mielero carinegro"
"Stomiopera unicolor","White-gaped Honeyeater","Mielero unicolor"
"Stomiopera flava","Yellow Honeyeater","Mielero amarillo"
"Meliphaga aruensis","Puff-backed Honeyeater","Mielero de las Aru"
"Meliphaga notata","Yellow-spotted Honeyeater","Mielero marcado"
"Meliphaga lewinii","Lewin's Honeyeater","Mielero de Lewin"
"Purnella albifrons","White-fronted Honeyeater","Mielero frentiblanco"
"Lichenostomus melanops","Yellow-tufted Honeyeater","Mielero orejigualdo"
"Lichenostomus cratitius","Purple-gaped Honeyeater","Mielero de boqueras"
"Microptilotis mimikae","Mottle-breasted Honeyeater","Mielero del Mimika"
"Microptilotis montanus","Forest Honeyeater","Mielero montano"
"Microptilotis orientalis","Mountain Honeyeater","Mielero montesino"
"Microptilotis albonotatus","Scrub Honeyeater","Mielero matorralero"
"Microptilotis analogus","Mimic Honeyeater","Mielero imitador"
"Microptilotis vicina","Tagula Honeyeater","Mielero de Tagula"
"Microptilotis gracilis","Graceful Honeyeater","Mielero grácil"
"Microptilotis imitatrix","Cryptic Honeyeater","Mielero críptico"
"Microptilotis cinereifrons","Elegant Honeyeater","Mielero elegante"
"Microptilotis flavirictus","Yellow-gaped Honeyeater","Mielero sonriente"
"Territornis albilineata","White-lined Honeyeater","Mielero listado"
"Territornis fordiana","Kimberley Honeyeater","Mielero de Kimberley"
"Territornis reticulata","Streak-breasted Honeyeater","Mielero reticulado"
"Gavicalis versicolor","Varied Honeyeater","Mielero versicolor"
"Gavicalis fasciogularis","Mangrove Honeyeater","Mielero de manglar"
"Gavicalis virescens","Singing Honeyeater","Mielero cantarín"
"Oreornis chrysogenys","Orange-cheeked Honeyeater","Mielero carinaranja"
"Ptilotula flavescens","Yellow-tinted Honeyeater","Mielero amarillento"
"Ptilotula fusca","Fuscous Honeyeater","Mielero fusco"
"Ptilotula keartlandi","Grey-headed Honeyeater","Mielero cabecigrís"
"Ptilotula plumula","Grey-fronted Honeyeater","Mielero de plumón"
"Ptilotula ornata","Yellow-plumed Honeyeater","Mielero adornado"
"Ptilotula penicillata","White-plumed Honeyeater","Mielero empenachado"
"Caligavis chrysops","Yellow-faced Honeyeater","Mielero carigualdo"
"Caligavis subfrenata","Black-throated Honeyeater","Mielero gorjinegro"
"Caligavis obscura","Obscure Honeyeater","Mielero oscuro"
"Anthochaera chrysoptera","Little Wattlebird","Mielero alirrufo"
"Anthochaera lunulata","Western Wattlebird","Mielero lunulado"
"Anthochaera carunculata","Red Wattlebird","Mielero carunculado"
"Anthochaera paradoxa","Yellow Wattlebird","Mielero ventriamarillo"
"Anthochaera phrygia","Regent Honeyeater","Mielero regente"
"Acanthagenys rufogularis","Spiny-cheeked Honeyeater","Mielero golicanelo"
"Bolemoreus frenatus","Bridled Honeyeater","Mielero embridado"
"Bolemoreus hindwoodi","Eungella Honeyeater","Mielero de Hindwood"
"Melidectes ochromelas","Cinnamon-browed Melidectes","Mielero cejirrufo"
"Melidectes leucostephes","Vogelkop Melidectes","Mielero de Vogelkop"
"Melidectes rufocrissalis","Yellow-browed Melidectes","Mielero cejiamarillo"
"Melidectes foersteri","Huon Melidectes","Mielero de Foerster"
"Melidectes belfordi","Belford's Melidectes","Mielero de Belford"
"Melidectes torquatus","Ornate Melidectes","Mielero maquillado"
"Manorina melanophrys","Bell Miner","Mielero cejinegro"
"Manorina melanocephala","Noisy Miner","Mielero chillón"
"Manorina flavigula","Yellow-throated Miner","Mielero goligualdo"
"Manorina melanotis","Black-eared Miner","Mielero orejinegro"
"Dasyornis brachypterus","Eastern Bristlebird","Picocerdas oriental"
"Dasyornis longirostris","Western Bristlebird","Picocerdas occidental"
"Dasyornis broadbenti","Rufous Bristlebird","Picocerdas rufo"
"Pardalotus punctatus","Spotted Pardalote","Pardalote moteado"
"Pardalotus quadragintus","Forty-spotted Pardalote","Pardalote tasmano"
"Pardalotus rubricatus","Red-browed Pardalote","Pardalote cejirrojo"
"Pardalotus striatus","Striated Pardalote","Pardalote estriado"
"Pachycare flavogriseum","Goldenface","Silbador enano"
"Oreoscopus gutturalis","Fernwren","Acantiza de helechal"
"Pycnoptilus floccosus","Pilotbird","Acantiza piloto"
"Pyrrholaemus brunneus","Redthroat","Sedosito gorjirrojo"
"Pyrrholaemus sagittatus","Speckled Warbler","Sedosito moteado"
"Hylacola cauta","Shy Heathwren","Sedosito tímido"
"Hylacola pyrrhopygia","Chestnut-rumped Heathwren","Sedosito culirrojo"
"Calamanthus fuliginosus","Striated Fieldwren","Sedosito estriado"
"Calamanthus campestris","Rufous Fieldwren","Sedosito rufo"
"Calamanthus montanellus","Western Fieldwren","Sedosito occidental"
"Smicrornis brevirostris","Weebill","Gerigón piquicorto"
"Neosericornis citreogularis","Yellow-throated Scrubwren","Sedosito gorjigualdo"
"Origma robusta","Mountain Mouse-warbler","Acantiza robusta"
"Origma murina","Rusty Mouse-warbler","Acantiza ratona"
"Origma solitaria","Rockwarbler","Acantiza minera"
"Sericornis humilis","Tasmanian Scrubwren","Sedosito pardo"
"Sericornis frontalis","White-browed Scrubwren","Sedosito cejiblanco"
"Sericornis maculatus","Spotted Scrubwren",NA
"Sericornis keri","Atherton Scrubwren","Sedosito del Atherton"
"Sericornis beccarii","Tropical Scrubwren","Sedosito de Beccari"
"Sericornis magnirostra","Large-billed Scrubwren","Sedosito picudo"
"Sericornis nouhuysi","Large Scrubwren","Sedosito grande"
"Aethomyias spilodera","Pale-billed Scrubwren","Sedosito piquiblanco"
"Aethomyias nigrorufus","Bicolored Scrubwren","Acantiza bicolor"
"Aethomyias rufescens","Vogelkop Scrubwren","Sedosito de Vogelkop"
"Aethomyias perspicillatus","Buff-faced Scrubwren","Sedosito caricanela"
"Aethomyias arfakianus","Grey-green Scrubwren","Sedosito de las Arfak"
"Aethomyias papuensis","Papuan Scrubwren","Sedosito papú"
"Acanthornis magna","Scrubtit","Sedosito tasmano"
"Aphelocephala leucopsis","Southern Whiteface","Cariblanco meridional"
"Aphelocephala nigricincta","Banded Whiteface","Cariblanco bandeado"
"Aphelocephala pectoralis","Chestnut-breasted Whiteface","Cariblanco pectoral"
"Acanthiza chrysorrhoa","Yellow-rumped Thornbill","Acantiza culigualda"
"Acanthiza cinerea","Grey Thornbill","Acantiza gris"
"Acanthiza murina","New Guinea Thornbill","Acantiza papú"
"Acanthiza nana","Yellow Thornbill","Acantiza enana"
"Acanthiza lineata","Striated Thornbill","Acantiza estriada"
"Acanthiza apicalis","Inland Thornbill","Acantiza apical"
"Acanthiza ewingii","Tasmanian Thornbill","Acantiza de Tasmania"
"Acanthiza katherina","Mountain Thornbill","Acantiza montana"
"Acanthiza pusilla","Brown Thornbill","Acantiza parda"
"Acanthiza robustirostris","Slaty-backed Thornbill","Acantiza pizarrosa"
"Acanthiza iredalei","Slender-billed Thornbill","Acantiza de Iredale"
"Acanthiza uropygialis","Chestnut-rumped Thornbill","Acantiza culirroja"
"Acanthiza inornata","Western Thornbill","Acantiza sencilla"
"Acanthiza reguloides","Buff-rumped Thornbill","Acantiza reguloide"
"Gerygone chrysogaster","Yellow-bellied Gerygone","Gerigón ventrigualdo"
"Gerygone mouki","Brown Gerygone","Gerigón pardo"
"Gerygone chloronota","Green-backed Gerygone","Gerigón dorsiverde"
"Gerygone palpebrosa","Fairy Gerygone","Gerigón duende"
"Gerygone magnirostris","Large-billed Gerygone","Gerigón picudo"
"Gerygone hypoxantha","Biak Gerygone","Gerigón de Biak"
"Gerygone inornata","Plain Gerygone","Gerigón sencillo"
"Gerygone dorsalis","Rufous-sided Gerygone","Gerigón flanquirrufo"
"Gerygone olivacea","White-throated Gerygone","Gerigón gorjiblanco"
"Gerygone sulphurea","Golden-bellied Gerygone","Gerigón sulfúreo"
"Gerygone tenebrosa","Dusky Gerygone","Gerigón sombrío"
"Gerygone flavolateralis","Fan-tailed Gerygone","Gerigón melanesio"
"Gerygone citrina","Rennell Gerygone","Gerigón de la Rennell"
"Gerygone levigaster","Mangrove Gerygone","Gerigón de manglar"
"Gerygone fusca","Western Gerygone","Gerigón coliblanco"
"Gerygone ruficollis","Brown-breasted Gerygone","Gerigón pechipardo"
"Gerygone insularis","Lord Howe Gerygone","Gerigón de la Lord Howe"
"Gerygone modesta","Norfolk Gerygone","Gerigón de la Norfolk"
"Gerygone igata","Grey Gerygone","Gerigón maorí"
"Gerygone albofrontata","Chatham Islands Gerygone","Gerigón de las Chatham"
"Garritornis isidorei","Papuan Babbler","Gárrulo papú"
"Pomatostomus temporalis","Grey-crowned Babbler","Gárrulo coronigrís"
"Pomatostomus halli","Hall's Babbler","Gárrulo de Hall"
"Pomatostomus superciliosus","White-browed Babbler","Gárrulo cejudo"
"Pomatostomus ruficeps","Chestnut-crowned Babbler","Gárrulo coronirrufo"
"Orthonyx novaeguineae","Papuan Logrunner","Colaespina papú"
"Orthonyx temminckii","Australian Logrunner","Colaespina de Temminck"
"Orthonyx spaldingii","Chowchilla","Colaespina de Spalding"
"Cnemophilus loriae","Loria's Satinbird","Ave del paraíso de Loria"
"Cnemophilus macgregorii","Crested Satinbird","Ave del paraíso crestada amarilla"
"Loboparadisea sericea","Yellow-breasted Satinbird","Ave del paraíso sedosa"
"Melanocharis arfakiana","Obscure Berrypecker","Picabayas oscuro"
"Melanocharis longicauda","Mid-mountain Berrypecker","Picabayas colilargo"
"Melanocharis nigra","Black Berrypecker","Picabayas negro"
"Melanocharis versteri","Fan-tailed Berrypecker","Picabayas abanico"
"Melanocharis striativentris","Streaked Berrypecker","Picabayas estriado"
"Melanocharis citreola","Satin Berrypecker","Picabayas satinado"
"Melanocharis crassirostris","Thick-billed Berrypecker","Picabayas piquigrueso"
"Melanocharis piperata","Spotted Berrypecker","Picabayas moteado"
"Oedistoma iliolophus","Spectacled Longbill","Picudo pechigrís"
"Oedistoma pygmaeum","Pygmy Longbill","Picudo pigmeo"
"Toxorhamphus novaeguineae","Yellow-bellied Longbill","Picudo ventrigualdo"
"Toxorhamphus poliopterus","Slaty-headed Longbill","Picudo cabecigrís"
"Oreocharis arfaki","Tit Berrypecker","Picabayas de las Arfak"
"Paramythia olivacea","Western Crested Berrypecker","Picabayas crestado occidental"
"Paramythia montium","Eastern Crested Berrypecker","Picabayas crestado oriental"
"Callaeas wilsoni","North Island Kokako","Kokako de Isla Norte"
"Callaeas cinereus","South Island Kokako","Kokako de Isla Sur"
"Philesturnus rufusater","North Island Saddleback","Tieke de Isla Norte"
"Philesturnus carunculatus","South Island Saddleback","Tieke de Isla Sur"
"Heteralocha acutirostris","Huia","Huia"
"Notiomystis cincta","Stitchbird","Hihi"
"Androphobus viridis","Papuan Whipbird","Zordala papú"
"Psophodes olivaceus","Eastern Whipbird","Zordala crestada oriental"
"Psophodes nigrogularis","Western Whipbird","Zordala crestada occidental"
"Psophodes cristatus","Chirruping Wedgebill","Zordala picocuña oriental"
"Psophodes occidentalis","Chiming Wedgebill","Zordala picocuña occidental"
"Ptilorrhoa leucosticta","Spotted Jewel-babbler","Zordala moteada"
"Ptilorrhoa caerulescens","Blue Jewel-babbler","Zordala azul"
"Ptilorrhoa geislerorum","Brown-headed Jewel-babbler","Zordala de los Geisler"
"Ptilorrhoa castanonota","Chestnut-backed Jewel-babbler","Zordala dorsicastaña"
"Cinclosoma punctatum","Spotted Quail-thrush","Zordala manchada"
"Cinclosoma castanotum","Chestnut Quail-thrush","Zordala castaña"
"Cinclosoma clarum","Copperback Quail-thrush","Zordala cobrizo"
"Cinclosoma cinnamomeum","Cinnamon Quail-thrush","Zordala canela"
"Cinclosoma alisteri","Nullarbor Quail-thrush","Zordala de Nullarbor"
"Cinclosoma castaneothorax","Chestnut-breasted Quail-thrush","Zordala pechicastaña"
"Cinclosoma marginatum","Western Quail-thrush","Zordala occidental"
"Cinclosoma ajax","Painted Quail-thrush","Zordala pintada"
"Batis diops","Rwenzori Batis","Batis del Ruwenzori"
"Batis margaritae","Margaret's Batis","Batis de Boulton"
"Batis mixta","Forest Batis","Batis colicorto"
"Batis crypta","Dark Batis","Batis de Iringa"
"Batis dimorpha","Malawi Batis","Batis de Malawi"
"Batis capensis","Cape Batis","Batis de El Cabo"
"Batis fratrum","Woodwards' Batis","Batis de Woodward"
"Batis molitor","Chinspot Batis","Batis molitor"
"Batis senegalensis","Senegal Batis","Batis senegalés"
"Batis orientalis","Grey-headed Batis","Batis oriental"
"Batis soror","Pale Batis","Batis pálido"
"Batis pririt","Pririt Batis","Batis pririt"
"Batis minor","Eastern Black-headed Batis","Batis carinegro"
"Batis erlangeri","Western Black-headed Batis","Batis de Erlanger"
"Batis perkeo","Pygmy Batis","Batis pigmeo"
"Batis minulla","Angola Batis","Batis angoleño"
"Batis minima","Gabon Batis","Batis de Verreaux"
"Batis ituriensis","Ituri Batis","Batis del Ituri"
"Batis occulta","West African Batis","Batis oculto"
"Batis poensis","Fernando Po Batis","Batis de Fernando Póo"
"Lanioturdus torquatus","White-tailed Shrike","Laniotordo"
"Dyaphorophyia hormophora","West African Wattle-eye","Batis carunculado acollarado"
"Dyaphorophyia castanea","Chestnut Wattle-eye","Batis carunculado castaño"
"Dyaphorophyia tonsa","White-spotted Wattle-eye","Batis carunculado tordo"
"Platysteira laticincta","Banded Wattle-eye","Batis carunculado de Bamenda"
"Platysteira peltata","Black-throated Wattle-eye","Batis carunculado gorjinegro"
"Platysteira albifrons","White-fronted Wattle-eye","Batis carunculado frentiblanco"
"Platysteira cyanea","Brown-throated Wattle-eye","Batis carunculado gorjipardo"
"Platysteira concreta","Yellow-bellied Wattle-eye","Batis carunculado ventrirrufo"
"Platysteira blissetti","Red-cheeked Wattle-eye","Batis carunculado de Blissett"
"Platysteira chalybea","Black-necked Wattle-eye","Batis carunculado cuellinegro"
"Platysteira jamesoni","Jameson's Wattle-eye","Batis carunculado de Jameson"
"Malaconotus cruentus","Fiery-breasted Bushshrike","Gladiador cruento"
"Malaconotus monteiri","Monteiro's Bushshrike","Gladiador de Monteiro"
"Malaconotus blanchoti","Grey-headed Bushshrike","Gladiador cabecigrís"
"Malaconotus lagdeni","Lagden's Bushshrike","Gladiador de Lagden"
"Malaconotus gladiator","Green-breasted Bushshrike","Gladiador pechiverde"
"Malaconotus alius","Uluguru Bushshrike","Gladiador de las Uluguru"
"Chlorophoneus kupeensis","Mount Kupe Bushshrike","Bubú del Kupé"
"Chlorophoneus multicolor","Many-colored Bushshrike","Bubú multicolor"
"Chlorophoneus nigrifrons","Black-fronted Bushshrike","Bubú frentinegro"
"Chlorophoneus olivaceus","Olive Bushshrike","Bubú oliváceo"
"Chlorophoneus bocagei","Bocage's Bushshrike","Bubú de Bocage"
"Chlorophoneus sulfureopectus","Orange-breasted Bushshrike","Bubú azufrado"
"Telophorus viridis","Gorgeous Bushshrike","Bubú verde"
"Telophorus dohertyi","Doherty's Bushshrike","Bubú de Doherty"
"Telophorus zeylonus","Bokmakierie","Bubú silbón"
"Rhodophoneus cruentus","Rosy-patched Bushshrike","Bubú pechirrosado"
"Bocagia minuta","Marsh Tchagra","Chagra marismeña"
"Tchagra australis","Brown-crowned Tchagra","Chagra coroniparda"
"Tchagra jamesi","Three-streaked Tchagra","Chagra de James"
"Tchagra tchagra","Southern Tchagra","Chagra de El Cabo"
"Tchagra senegalus","Black-crowned Tchagra","Chagra del Senegal"
"Dryoscopus sabini","Sabine's Puffback","Cubla de Sabine"
"Dryoscopus angolensis","Pink-footed Puffback","Cubla patirrosada"
"Dryoscopus senegalensis","Red-eyed Puffback","Cubla senegalesa"
"Dryoscopus cubla","Black-backed Puffback","Cubla dorsinegra"
"Dryoscopus gambensis","Northern Puffback","Cubla del Gambia"
"Dryoscopus pringlii","Pringle's Puffback","Cubla de Pringle"
"Laniarius leucorhynchus","Lowland Sooty Boubou","Bubú sombrío"
"Laniarius poensis","Mountain Sooty Boubou","Bubú montano occidental"
"Laniarius holomelas","Albertine Sooty Boubou","Bubú montano oriental"
"Laniarius willardi","Willard's Sooty Boubou","Bubú de Willard"
"Laniarius fuelleborni","Fülleborn's Boubou","Bubú de Fülleborn"
"Laniarius funebris","Slate-colored Boubou","Bubú fúnebre"
"Laniarius luehderi","Lühder's Bushshrike","Bubú de Lühder"
"Laniarius brauni","Braun's Bushshrike","Bubú de Braun"
"Laniarius amboimensis","Gabela Bushshrike","Bubú angoleño"
"Laniarius ruficeps","Red-naped Bushshrike","Bubú nuquirrojo"
"Laniarius nigerrimus","Black Boubou","Bubú de Reichenow"
"Laniarius aethiopicus","Ethiopian Boubou","Bubú abisinio"
"Laniarius major","Tropical Boubou",NA
"Laniarius sublacteus","East Coast Boubou","Bubú de Cassin"
"Laniarius ferrugineus","Southern Boubou","Bubú ferrugíneo"
"Laniarius bicolor","Swamp Boubou","Bubú bicolor"
"Laniarius turatii","Turati's Boubou","Bubú de Turati"
"Laniarius barbarus","Yellow-crowned Gonolek","Bubú coronigualdo"
"Laniarius mufumbiri","Papyrus Gonolek","Bubú de los papiros"
"Laniarius erythrogaster","Black-headed Gonolek","Bubú cabecinegro"
"Laniarius atrococcineus","Crimson-breasted Shrike","Bubú pechirrojo"
"Laniarius atroflavus","Yellow-breasted Boubou","Bubú pechigualdo"
"Nilaus afer","Brubru","Brubrú"
"Machaerirhynchus flaviventer","Yellow-breasted Boatbill","Monarca piquiplano pechiamarillo"
"Machaerirhynchus nigripectus","Black-breasted Boatbill","Monarca piquiplano pechinegro"
"Calicalicus madagascariensis","Red-tailed Vanga","Vanga colirrojo"
"Calicalicus rufocarpalis","Red-shouldered Vanga","Vanga hombrorrojo"
"Vanga curvirostris","Hook-billed Vanga","Vanga picudo"
"Oriolia bernieri","Bernier's Vanga","Vanga de Bernier"
"Xenopirostris xenopirostris","Lafresnaye's Vanga","Vanga de Lafresnaye"
"Xenopirostris damii","Van Dam's Vanga","Vanga de Van Dam"
"Xenopirostris polleni","Pollen's Vanga","Vanga de Pollen"
"Falculea palliata","Sickle-billed Vanga","Vanga piquicurvo"
"Artamella viridis","White-headed Vanga","Vanga cabeciblanco"
"Leptopterus chabert","Chabert Vanga","Vanga chabert"
"Cyanolanius comorensis","Comoro Blue Vanga","Vanga azul de las Comoras"
"Cyanolanius madagascarinus","Madagascar Blue Vanga","Vanga azul de Madagascar"
"Schetba rufa","Rufous Vanga","Vanga rufo"
"Euryceros prevostii","Helmet Vanga","Vanga de casco"
"Tylas eduardi","Tylas Vanga","Vanga cabecinegro"
"Hypositta corallirostris","Nuthatch Vanga","Vanga trepador"
"Newtonia amphichroa","Dark Newtonia","Newtonia oscura"
"Newtonia brunneicauda","Common Newtonia","Newtonia común"
"Newtonia archboldi","Archbold's Newtonia","Newtonia de Archbold"
"Newtonia fanovanae","Red-tailed Newtonia","Newtonia colirroja"
"Pseudobias wardi","Ward's Flycatcher","Bias de Ward"
"Mystacornis crossleyi","Crossley's Vanga","Tordina malgache"
"Prionops plumatus","White-crested Helmetshrike","Prionopo crestiblanco"
"Prionops poliolophus","Grey-crested Helmetshrike","Prionopo crestigrís"
"Prionops alberti","Yellow-crested Helmetshrike","Prionopo crestigualdo"
"Prionops caniceps","Red-billed Helmetshrike","Prionopo piquirrojo"
"Prionops rufiventris","Rufous-bellied Helmetshrike","Prionopo ventrirrojo"
"Prionops retzii","Retz's Helmetshrike","Prionopo de Retz"
"Prionops gabela","Gabela Helmetshrike","Prionopo de Gabela"
"Prionops scopifrons","Chestnut-fronted Helmetshrike","Prionopo frentirrufo"
"Hemipus picatus","Bar-winged Flycatcher-shrike","Oruguero alibarrado"
"Hemipus hirundinaceus","Black-winged Flycatcher-shrike","Oruguero golondrina"
"Tephrodornis virgatus","Large Woodshrike","Ceniciento grande"
"Tephrodornis sylvicola","Malabar Woodshrike","Ceniciento de Malabar"
"Tephrodornis pondicerianus","Common Woodshrike","Ceniciento chico"
"Tephrodornis affinis","Sri Lanka Woodshrike","Ceniciento de Ceilán"
"Philentoma pyrhoptera","Rufous-winged Philentoma","Filentoma alicastaño"
"Philentoma velata","Maroon-breasted Philentoma","Filentoma pechipardo"
"Megabyas flammulatus","African Shrike-flycatcher","Bias llameante"
"Bias musicus","Black-and-white Shrike-flycatcher","Bias músico"
"Pityriasis gymnocephala","Bornean Bristlehead","Gimnocéfalo"
"Artamus fuscus","Ashy Woodswallow","Artamo ceniciento"
"Artamus leucorynchus","White-breasted Woodswallow","Artamo ventriblanco"
"Artamus mentalis","Fiji Woodswallow","Artamo de las Fiyi"
"Artamus monachus","Ivory-backed Woodswallow","Artamo cabecinegro"
"Artamus maximus","Great Woodswallow","Artamo grande"
"Artamus insignis","White-backed Woodswallow","Artamo dorsiblanco"
"Artamus personatus","Masked Woodswallow","Artamo enmascarado"
"Artamus superciliosus","White-browed Woodswallow","Artamo cejiblanco"
"Artamus cinereus","Black-faced Woodswallow","Artamo carinegro"
"Artamus cyanopterus","Dusky Woodswallow","Artamo sombrío"
"Artamus minor","Little Woodswallow","Artamo chico"
"Peltops blainvillii","Lowland Peltops","Peltopo llanero"
"Peltops montanus","Mountain Peltops","Peltopo montano"
"Melloria quoyi","Black Butcherbird","Verdugo negro"
"Gymnorhina tibicen","Australian Magpie","Verdugo flautista"
"Cracticus torquatus","Grey Butcherbird","Verdugo acollarado"
"Cracticus argenteus","Silver-backed Butcherbird","Verdugo plateado"
"Cracticus mentalis","Black-backed Butcherbird","Verdugo dorsinegro"
"Cracticus nigrogularis","Pied Butcherbird","Verdugo gorjinegro"
"Cracticus cassicus","Hooded Butcherbird","Verdugo cabecinegro"
"Cracticus louisiadensis","Tagula Butcherbird","Verdugo de Tagula"
"Strepera graculina","Pied Currawong","Verdugo pío"
"Strepera fuliginosa","Black Currawong","Verdugo fuliginoso"
"Strepera versicolor","Grey Currawong","Verdugo cenizo"
"Rhagologus leucostigma","Mottled Berryhunter","Silbador moteado"
"Aegithina tiphia","Common Iora","Iora común"
"Aegithina nigrolutea","Marshall's Iora","Iora coliblanca"
"Aegithina viridissima","Green Iora","Iora verde"
"Aegithina lafresnayei","Great Iora","Iora grande"
"Pericrocotus erythropygius","White-bellied Minivet","Minivet ventriblanco"
"Pericrocotus albifrons","Jerdon's Minivet","Minivet de Jerdon"
"Pericrocotus igneus","Fiery Minivet","Minivet encendido"
"Pericrocotus cinnamomeus","Small Minivet","Minivet chico"
"Pericrocotus solaris","Grey-chinned Minivet","Minivet gorjigrís"
"Pericrocotus miniatus","Sunda Minivet","Minivet de la Sonda"
"Pericrocotus brevirostris","Short-billed Minivet","Minivet piquicorto"
"Pericrocotus lansbergei","Little Minivet","Minivet de Flores"
"Pericrocotus ethologus","Long-tailed Minivet","Minivet colilargo"
"Pericrocotus flammeus","Orange Minivet","Minivet naranja"
"Pericrocotus speciosus","Scarlet Minivet","Minivet escarlata"
"Pericrocotus divaricatus","Ashy Minivet","Minivet ceniciento"
"Pericrocotus tegimae","Ryukyu Minivet","Minivet de las Ryukyu"
"Pericrocotus cantonensis","Swinhoe's Minivet","Minivet de Swinhoe"
"Pericrocotus roseus","Rosy Minivet","Minivet rosado"
"Ceblepyris cinereus","Madagascar Cuckooshrike","Oruguero malgache"
"Ceblepyris cucullatus","Comoro Cuckooshrike","Oruguero de las Comoras"
"Ceblepyris graueri","Grauer's Cuckooshrike","Oruguero de Grauer"
"Ceblepyris pectoralis","White-breasted Cuckooshrike","Oruguero pechiblanco"
"Ceblepyris caesius","Grey Cuckooshrike","Oruguero gris"
"Coracina caeruleogrisea","Stout-billed Cuckooshrike","Oruguero picogrueso"
"Coracina longicauda","Hooded Cuckooshrike","Oruguero encapuchado"
"Coracina temminckii","Cerulean Cuckooshrike","Oruguero de Temminck"
"Coracina bicolor","Pied Cuckooshrike","Oruguero bicolor"
"Coracina maxima","Ground Cuckooshrike","Oruguero terrestre"
"Coracina lineata","Barred Cuckooshrike","Oruguero lineado"
"Coracina novaehollandiae","Black-faced Cuckooshrike","Oruguero carinegro"
"Coracina boyeri","Boyer's Cuckooshrike","Oruguero de Boyer"
"Coracina fortis","Buru Cuckooshrike","Oruguero de Buru"
"Coracina personata","Wallacean Cuckooshrike","Oruguero de Wallacea"
"Coracina welchmani","North Melanesian Cuckooshrike","Oruguero de Welchman"
"Coracina caledonica","South Melanesian Cuckooshrike","Oruguero de Melanesia"
"Coracina striata","Bar-bellied Cuckooshrike","Oruguero barrado"
"Coracina mindorensis","Mindoro Cuckooshrike",NA
"Coracina panayensis","Visayan Cuckooshrike","Oruguero de las Bisayas"
"Coracina kochii","Mindanao Cuckooshrike",NA
"Coracina guillemardi","Sulu Cuckooshrike",NA
"Coracina macei","Indian Cuckooshrike","Oruguero indio"
"Coracina javensis","Oriental Cuckooshrike","Oruguero de Java"
"Coracina larutensis","Malayan Cuckooshrike",NA
"Coracina dobsoni","Andaman Cuckooshrike","Oruguero de las Andamán"
"Coracina schistacea","Slaty Cuckooshrike","Oruguero pizarroso"
"Coracina leucopygia","White-rumped Cuckooshrike","Oruguero culiblanco"
"Coracina larvata","Sunda Cuckooshrike","Oruguero de la Sonda"
"Coracina papuensis","White-bellied Cuckooshrike","Oruguero papú"
"Coracina atriceps","Moluccan Cuckooshrike","Oruguero moluqueño cabecinegro"
"Coracina parvula","Halmahera Cuckooshrike","Oruguero de Halmahera"
"Campephaga flava","Black Cuckooshrike","Oruguero hombroamarillo"
"Campephaga phoenicea","Red-shouldered Cuckooshrike","Oruguero hombrorrojo"
"Campephaga petiti","Petit's Cuckooshrike","Oruguero de Petit"
"Campephaga quiscalina","Purple-throated Cuckooshrike","Oruguero purpúreo"
"Lobotos lobatus","Western Wattled Cuckooshrike","Oruguero carunculado"
"Lobotos oriolinus","Eastern Wattled Cuckooshrike","Oruguero oriolino"
"Campochaera sloetii","Golden Cuckooshrike","Oruguero dorado"
"Malindangia mcgregori","McGregor's Cuckooshrike","Oruguero de McGregor"
"Edolisoma anale","New Caledonian Cuckooshrike","Oruguero de Nueva Caledonia"
"Edolisoma coerulescens","Blackish Cuckooshrike","Oruguero negruzco"
"Edolisoma ostentum","White-winged Cuckooshrike","Oruguero aliblanco"
"Edolisoma montanum","Black-bellied Cuckooshrike","Oruguero ventrinegro"
"Edolisoma dohertyi","Pale-shouldered Cicadabird","Oruguero de Sumba"
"Edolisoma dispar","Kai Cicadabird","Oruguero de las Kai"
"Edolisoma timoriense","Timor Cicadabird",NA
"Edolisoma ceramense","Pale Cicadabird","Oruguero pálido"
"Edolisoma insperatum","Pohnpei Cicadabird","Oruguero de Ponapé"
"Edolisoma mindanense","Black-bibbed Cicadabird","Oruguero filipino"
"Edolisoma schisticeps","Grey-headed Cuckooshrike","Oruguero cabecigrís"
"Edolisoma melas","Black Cicadabird","Oruguero negro"
"Edolisoma holopolium","Solomons Cicadabird","Oruguero de las Salomón"
"Edolisoma tricolor","Malaita Cicadabird",NA
"Edolisoma salomonis","Makira Cicadabird","Oruguero de San Cristóbal"
"Edolisoma admiralitatis","Admiralty Cicadabird","Oruguero remoto"
"Edolisoma salvadorii","Sangihe Cicadabird",NA
"Edolisoma monacha","Palau Cicadabird","Oruguero de Palaos"
"Edolisoma nesiotis","Yap Cicadabird","Oruguero de Yap"
"Edolisoma erythropygium","Central Melanesian Cicadabird",NA
"Edolisoma morio","Sulawesi Cicadabird","Oruguero de Célebes"
"Edolisoma meyerii","Geelvink Cicadabird","Oruguero de Geelvink"
"Edolisoma pelingi","Banggai Cicadabird",NA
"Edolisoma obiense","Obi Cicadabird","Oruguero de Obi"
"Edolisoma sula","Sula Cicadabird","Oruguero de las Sula"
"Edolisoma grayi","North Moluccan Cicadabird","Oruguero moluqueño picofino"
"Edolisoma incertum","Black-shouldered Cicadabird","Oruguero incierto"
"Edolisoma remotum","Bismarck Cicadabird","Oruguero remoto"
"Edolisoma rostratum","Rossel Cicadabird","Oruguero de Rossel"
"Edolisoma amboinense","South Moluccan Cicadabird",NA
"Edolisoma tenuirostre","Sahul Cicadabird","Oruguero picofino"
"Celebesica abbotti","Pygmy Cuckooshrike","Oruguero de Abbott"
"Cyanograucalus azureus","Blue Cuckooshrike","Oruguero azulado"
"Lalage maculosa","Polynesian Triller","Oruguero polinesio"
"Lalage sharpei","Samoan Triller","Oruguero de Samoa"
"Lalage sueurii","White-shouldered Triller","Oruguero de Lesueur"
"Lalage leucopyga","Long-tailed Triller","Oruguero colilargo"
"Lalage tricolor","White-winged Triller","Oruguero tricolor"
"Lalage aurea","Rufous-bellied Triller","Oruguero ventrirrufo"
"Lalage atrovirens","Black-browed Triller","Oruguero cejinegro"
"Lalage leucoptera","Biak Triller","Oruguero de Biak"
"Lalage moesta","White-browed Triller","Oruguero de las Tanimbar"
"Lalage leucomela","Varied Triller","Oruguero variable"
"Lalage conjuncta","Mussau Triller","Oruguero de San Matías"
"Lalage melanoleuca","Black-and-white Triller","Oruguero blanquinegro norteño"
"Lalage nigra","Pied Triller","Oruguero pío"
"Lalage leucopygialis","White-rumped Triller","Oruguero de Walden"
"Lalage melaschistos","Black-winged Cuckooshrike","Oruguero alinegro"
"Lalage melanoptera","Black-headed Cuckooshrike","Oruguero cabecinegro"
"Lalage polioptera","Indochinese Cuckooshrike","Oruguero de Indochina"
"Lalage fimbriata","Lesser Cuckooshrike","Oruguero menor"
"Lalage typica","Mauritius Cuckooshrike","Oruguero de Mauricio"
"Lalage newtoni","Reunion Cuckooshrike","Oruguero de Reunión"
"Mohoua ochrocephala","Yellowhead","Mohoua cabecigualda"
"Mohoua albicilla","Whitehead","Mohoua cabeciblanca"
"Mohoua novaeseelandiae","Pipipi","Mohoua pipipí"
"Daphoenositta chrysoptera","Varied Sittella","Neosita variable"
"Daphoenositta papuensis","Papuan Sittella","Neosita papú"
"Daphoenositta miranda","Black Sittella","Neosita negra"
"Eulacestoma nigropectus","Wattled Ploughbill","Silbador picoarado"
"Aleadryas rufinucha","Rufous-naped Bellbird","Silbador nuquirrufo"
"Ornorectes cristatus","Piping Bellbird","Pitohuí crestado"
"Oreoica gutturalis","Crested Bellbird","Silbador campanillero"
"Falcunculus whitei","Northern Shriketit","Silbador cabezón norteño"
"Falcunculus leucogaster","Western Shriketit","Silbador cabezón occidental"
"Falcunculus frontatus","Eastern Shriketit","Silbador cabezón oriental"
"Coracornis raveni","Maroon-backed Whistler","Silbador dorsicastaño"
"Coracornis sanghirensis","Sangihe Whistler","Silbador de la Sangihe"
"Melanorectes nigrescens","Black Pitohui","Pitohuí negro"
"Pachycephala olivacea","Olive Whistler","Silbador oliváceo"
"Pachycephala rufogularis","Red-lored Whistler","Silbador gorjirrufo"
"Pachycephala inornata","Gilbert's Whistler","Silbador de Gilbert"
"Pachycephala cinerea","Mangrove Whistler","Silbador de manglar"
"Pachycephala albiventris","Green-backed Whistler","Silbador dorsiverde"
"Pachycephala homeyeri","White-vented Whistler","Silbador culiblanco"
"Pachycephala phaionota","Island Whistler","Silbador moluqueño"
"Pachycephala melanorhyncha","Biak Whistler","Silbador de Biak"
"Pachycephala hyperythra","Rusty Whistler","Silbador herrumbroso"
"Pachycephala modesta","Brown-backed Whistler","Silbador modesto"
"Pachycephala philippinensis","Yellow-bellied Whistler","Silbador filipino"
"Pachycephala sulfuriventer","Sulphur-vented Whistler","Silbador ventrisulfúreo"
"Pachycephala hypoxantha","Bornean Whistler","Silbador de Borneo"
"Pachycephala meyeri","Vogelkop Whistler","Silbador de Vogelkop"
"Pachycephala simplex","Grey Whistler","Silbador simple"
"Pachycephala orpheus","Fawn-breasted Whistler","Silbador de Timor"
"Pachycephala soror","Sclater's Whistler","Silbador de Sclater"
"Pachycephala calliope","Tenggara Whistler",NA
"Pachycephala teysmanni","Selayar Whistler","Silbador de Selayar"
"Pachycephala macrorhyncha","Yellow-throated Whistler","Silbador gorjiamarillo"
"Pachycephala balim","Baliem Whistler",NA
"Pachycephala mentalis","Black-chinned Whistler","Silbador barbinegro"
"Pachycephala pectoralis","Australian Golden Whistler","Silbador dorado"
"Pachycephala fuliginosa","Western Whistler",NA
"Pachycephala citreogaster","Bismarck Whistler","Silbador de Bismarck"
"Pachycephala orioloides","Oriole Whistler","Silbador oriolino"
"Pachycephala collaris","Louisiade Whistler","Silbador de Louisiade"
"Pachycephala feminina","Rennell Whistler","Silbador de la Rennell"
"Pachycephala chlorura","Melanesian Whistler",NA
"Pachycephala caledonica","New Caledonian Whistler","Silbador de Nueva Caledonia"
"Pachycephala vitiensis","White-throated Fiji Whistler","Silbador de Fiyi"
"Pachycephala graeffii","Yellow-throated Fiji Whistler",NA
"Pachycephala ornata","Nendo Whistler",NA
"Pachycephala utupuae","Utupua Whistler",NA
"Pachycephala vanikorensis","Vanikoro Whistler",NA
"Pachycephala jacquinoti","Tongan Whistler","Silbador de Tonga"
"Pachycephala melanura","Mangrove Golden Whistler","Silbador colinegro"
"Pachycephala flavifrons","Samoan Whistler","Silbador de Samoa"
"Pachycephala implicata","Hooded Whistler","Silbador de Guadalcanal"
"Pachycephala richardsi","Bougainville Whistler","Silbador de Bougainville"
"Pachycephala nudigula","Bare-throated Whistler","Silbador de Flores"
"Pachycephala lorentzi","Lorentz's Whistler","Silbador de Lorentz"
"Pachycephala schlegelii","Regent Whistler","Silbador de Schlegel"
"Pachycephala aurea","Golden-backed Whistler","Silbador áureo"
"Pachycephala rufiventris","Rufous Whistler","Silbador rufo"
"Pachycephala monacha","Black-headed Whistler","Silbador monje"
"Pachycephala leucogastra","White-bellied Whistler","Silbador ventriblanco"
"Pachycephala sharpei","Babar Whistler",NA
"Pachycephala arctitorquis","Wallacean Whistler","Silbador de Wallacea"
"Pachycephala griseonota","Drab Whistler","Silbador cenizo"
"Pachycephala johni","Cinnamon-breasted Whistler",NA
"Pachycephala lanioides","White-breasted Whistler","Silbador pechiblanco"
"Pachycephala tenebrosa","Morningbird","Picanzo de Palaos"
"Pseudorectes incertus","White-bellied Pitohui","Pitohuí ventriblanco"
"Pseudorectes ferrugineus","Rusty Pitohui","Pitohuí herrumbroso"
"Colluricincla boweri","Bower's Shrikethrush","Picanzo de Bower"
"Colluricincla tenebrosa","Sooty Shrikethrush","Picanzo sombrío"
"Colluricincla megarhyncha","Little Shrikethrush","Picanzo chico"
"Colluricincla harmonica","Grey Shrikethrush","Picanzo gris"
"Colluricincla woodwardi","Sandstone Shrikethrush","Picanzo roquero"
"Pteruthius xanthochlorus","Green Shrike-babbler","Vireo alcaudón verde"
"Pteruthius melanotis","Black-eared Shrike-babbler","Vireo alcaudón orejudo"
"Pteruthius rufiventer","Black-headed Shrike-babbler","Vireo alcaudón ventrirrufo"
"Pteruthius aeralatus","White-browed Shrike-babbler","Vireo alcaudón cejiblanco"
"Pteruthius flaviscapis","Pied Shrike-babbler","Vireo alcaudón pío"
"Pteruthius intermedius","Clicking Shrike-babbler","Vireo alcaudón frenticastaño"
"Pteruthius aenobarbus","Trilling Shrike-babbler","Vireo alcaudón trinador"
"Erpornis zantholeuca","White-bellied Erpornis","Yuhina ventriblanca"
"Cyclarhis gujanensis","Rufous-browed Peppershrike","Vireón cejirrufo"
"Cyclarhis nigrirostris","Black-billed Peppershrike","Vireón piquinegro"
"Vireolanius melitophrys","Chestnut-sided Shrike-Vireo","Vireón pechicastaño"
"Vireolanius pulchellus","Green Shrike-Vireo","Vireón esmeralda"
"Vireolanius eximius","Yellow-browed Shrike-Vireo","Vireón cejiamarillo"
"Vireolanius leucotis","Slaty-capped Shrike-Vireo","Vireón coronigrís"
"Hylophilus amaurocephalus","Grey-eyed Greenlet","Verdillo ojigrís"
"Hylophilus poicilotis","Rufous-crowned Greenlet","Verdillo coronado"
"Hylophilus olivaceus","Olivaceous Greenlet","Verdillo oliváceo"
"Hylophilus pectoralis","Ashy-headed Greenlet","Verdillo cabecigrís"
"Hylophilus brunneiceps","Brown-headed Greenlet","Verdillo cabecicastaño"
"Hylophilus thoracicus","Lemon-chested Greenlet","Verdillo de Río de Janeiro"
"Hylophilus flavipes","Scrub Greenlet","Verdillo paticlaro"
"Hylophilus semicinereus","Grey-chested Greenlet","Verdillo pechigrís"
"Tunchiornis ochraceiceps","Ochre-crowned Greenlet","Verdillo coronipardo"
"Tunchiornis ferrugineifrons","Rufous-fronted Greenlet",NA
"Tunchiornis luteifrons","Guianan Greenlet","Verdillo coroniverde"
"Tunchiornis rubrifrons","Para Greenlet",NA
"Pachysylvia decurtata","Lesser Greenlet","Verdillo menor"
"Pachysylvia hypoxantha","Dusky-capped Greenlet","Verdillo ventriamarillo"
"Pachysylvia muscicapina","Buff-cheeked Greenlet","Verdillo atrapamoscas"
"Pachysylvia aurantiifrons","Golden-fronted Greenlet","Verdillo luisucho"
"Pachysylvia semibrunnea","Rufous-naped Greenlet","Verdillo nuquirrufo"
"Vireo hypochryseus","Golden Vireo","Vireo dorado"
"Vireo flavoviridis","Yellow-green Vireo","Vireo verdiamarillo"
"Vireo olivaceus","Red-eyed Vireo","Vireo chiví"
"Vireo magister","Yucatan Vireo","Vireo yucateco"
"Vireo altiloquus","Black-whiskered Vireo","Vireo bigotudo"
"Vireo chivi","Chivi Vireo","Vireo chiví"
"Vireo gracilirostris","Noronha Vireo","Vireo de Noronha"
"Vireo sclateri","Tepui Vireo","Verdillo de tepuí"
"Vireo philadelphicus","Philadelphia Vireo","Vireo de Filadelfia"
"Vireo swainsoni","Western Warbling Vireo","Vireo de Swainson"
"Vireo gilvus","Eastern Warbling Vireo","Vireo gorjeador"
"Vireo leucophrys","Brown-capped Vireo","Vireo coronipardo"
"Vireo huttoni","Hutton's Vireo","Vireo de Hutton"
"Vireo vicinior","Grey Vireo","Vireo gris"
"Vireo flavifrons","Yellow-throated Vireo","Vireo gorjiamarillo"
"Vireo carmioli","Yellow-winged Vireo","Vireo aliamarillo"
"Vireo masteri","Choco Vireo","Vireo del Chocó"
"Vireo solitarius","Blue-headed Vireo","Vireo solitario"
"Vireo cassinii","Cassin's Vireo","Vireo de Cassin"
"Vireo plumbeus","Plumbeous Vireo","Vireo plomizo"
"Vireo osburni","Blue Mountain Vireo","Vireo de Osburn"
"Vireo nanus","Flat-billed Vireo","Vireo de La Española"
"Vireo pallens","Mangrove Vireo","Vireo de manglar"
"Vireo bairdi","Cozumel Vireo","Vireo de Cozumel"
"Vireo caribaeus","San Andres Vireo","Vireo de San Andrés"
"Vireo griseus","White-eyed Vireo","Vireo ojiblanco"
"Vireo crassirostris","Thick-billed Vireo","Vireo piquigrueso"
"Vireo modestus","Jamaican Vireo","Vireo jamaicano"
"Vireo gundlachii","Cuban Vireo","Vireo cubano"
"Vireo bellii","Bell's Vireo","Vireo de Bell"
"Vireo latimeri","Puerto Rican Vireo","Vireo puertorriqueño"
"Vireo atricapilla","Black-capped Vireo","Vireo cabecinegro"
"Vireo nelsoni","Dwarf Vireo","Vireo enano"
"Vireo brevipennis","Slaty Vireo","Vireo pizarroso"
"Turnagra tanagra","North Island Piopio","Turnagra de Isla Norte"
"Turnagra capensis","South Island Piopio","Turnagra de Isla Sur"
"Sphecotheres viridis","Green Figbird","Papafigos de Timor"
"Sphecotheres hypoleucus","Wetar Figbird","Papafigos de la Wetar"
"Sphecotheres vieilloti","Australasian Figbird","Papafigos de Vieillot"
"Pitohui kirhocephalus","Northern Variable Pitohui","Pitohuí variable norteño"
"Pitohui cerviniventris","Raja Ampat Pitohui","Pitohuí de Waigeo"
"Pitohui uropygialis","Southern Variable Pitohui","Pitohuí variable sureño"
"Pitohui dichrous","Hooded Pitohui","Pitohuí bicolor"
"Oriolus isabellae","Isabela Oriole","Oropéndola de Isabela"
"Oriolus forsteni","Grey-collared Oriole","Oropéndola de Seram"
"Oriolus bouroensis","Black-eared Oriole","Oropéndola de Buru"
"Oriolus phaeochromus","Dusky-brown Oriole","Oropéndola de Halmahera"
"Oriolus sagittatus","Olive-backed Oriole","Oropéndola estriada"
"Oriolus melanotis","Timor Oriole","Oropéndola de Timor"
"Oriolus finschi","Wetar Oriole","Oropéndola de la Wetar"
"Oriolus decipiens","Tanimbar Oriole","Oropéndola de las Tanimbar"
"Oriolus szalayi","Brown Oriole","Oropéndola papú"
"Oriolus flavocinctus","Green Oriole","Oropéndola verdosa"
"Oriolus cruentus","Javan Oriole","Oropéndola ensangrentada"
"Oriolus consanguineus","Black-and-crimson Oriole","Oropéndola consanguínea"
"Oriolus hosii","Black Oriole","Oropéndola negra"
"Oriolus traillii","Maroon Oriole","Oropéndola granate"
"Oriolus mellianus","Silver Oriole","Oropéndola plateada"
"Oriolus xanthornus","Black-hooded Oriole","Oropéndola encapuchada"
"Oriolus xanthonotus","Dark-throated Oriole","Oropéndola gorjinegra"
"Oriolus consobrinus","Ventriloquial Oriole",NA
"Oriolus steerii","Philippine Oriole","Oropéndola filipina"
"Oriolus albiloris","White-lored Oriole","Oropéndola de Luzón"
"Oriolus chlorocephalus","Green-headed Oriole","Oropéndola cabeciverde"
"Oriolus brachyrynchus","Western Oriole","Oropéndola cabecinegra"
"Oriolus crassirostris","Sao Tome Oriole","Oropéndola de Santo Tomé"
"Oriolus larvatus","Black-headed Oriole","Oropéndola enmascarada"
"Oriolus monacha","Ethiopian Oriole","Oropéndola monje"
"Oriolus percivali","Mountain Oriole","Oropéndola montana"
"Oriolus nigripennis","Black-winged Oriole","Oropéndola alinegra"
"Oriolus auratus","African Golden Oriole","Oropéndola africana"
"Oriolus kundoo","Indian Golden Oriole","Oropéndola india"
"Oriolus oriolus","Eurasian Golden Oriole","Oropéndola europea"
"Oriolus chinensis","Black-naped Oriole","Oropéndola china"
"Oriolus tenuirostris","Slender-billed Oriole","Oropéndola picofina"
"Dicrurus aeneus","Bronzed Drongo","Drongo bronceado"
"Dicrurus remifer","Lesser Racket-tailed Drongo","Drongo de raquetas chico"
"Dicrurus annectens","Crow-billed Drongo","Drongo picogordo"
"Dicrurus paradiseus","Greater Racket-tailed Drongo","Drongo de raquetas grande"
"Dicrurus lophorinus","Sri Lanka Drongo","Drongo cingalés"
"Dicrurus andamanensis","Andaman Drongo","Drongo de las Andamán"
"Dicrurus sumatranus","Sumatran Drongo","Drongo de Sumatra"
"Dicrurus montanus","Sulawesi Drongo","Drongo de Célebes"
"Dicrurus bracteatus","Spangled Drongo","Drongo escamoso"
"Dicrurus megarhynchus","Paradise Drongo","Drongo de Nueva Irlanda"
"Dicrurus hottentottus","Hair-crested Drongo","Drongo crestudo"
"Dicrurus menagei","Tablas Drongo","Drongo de Tablas"
"Dicrurus palawanensis","Palawan Drongo",NA
"Dicrurus balicassius","Balicassiao","Drongo balicassio"
"Dicrurus striatus","Short-tailed Drongo","Drongo colicorto"
"Dicrurus densus","Wallacean Drongo","Drongo de Wallacea"
"Dicrurus leucophaeus","Ashy Drongo","Drongo cenizo"
"Dicrurus caerulescens","White-bellied Drongo","Drongo ventriblanco"
"Dicrurus waldenii","Mayotte Drongo","Drongo de Mayotte"
"Dicrurus forficatus","Crested Drongo","Drongo malgache"
"Dicrurus aldabranus","Aldabra Drongo","Drongo de Aldabra"
"Dicrurus fuscipennis","Grande Comore Drongo","Drongo de Gran Comora"
"Dicrurus modestus","Velvet-mantled Drongo","Drongo modesto"
"Dicrurus adsimilis","Fork-tailed Drongo","Drongo ahorquillado"
"Dicrurus macrocercus","Black Drongo","Drongo real"
"Dicrurus ludwigii","Square-tailed Drongo","Drongo de Ludwig común"
"Dicrurus atripennis","Shining Drongo","Drongo selvático"
"Dicrurus sharpei","Sharpe's Drongo","Drongo de Sharpe"
"Rhipidura superciliaris","Mindanao Blue Fantail","Abanico azul de Mindanao"
"Rhipidura samarensis","Visayan Blue Fantail","Abanico azul de las Bisayas"
"Rhipidura cyaniceps","Blue-headed Fantail","Abanico cabeciazul de Luzón"
"Rhipidura sauli","Tablas Fantail","Abanico cabeciazul de Tablas"
"Rhipidura albiventris","Visayan Fantail","Abanico cabeciazul de las Bisayas"
"Rhipidura albicollis","White-throated Fantail","Abanico gorjiblanco"
"Rhipidura albogularis","White-spotted Fantail","Abanico pechipinto"
"Rhipidura euryura","White-bellied Fantail","Abanico ventriblanco"
"Rhipidura aureola","White-browed Fantail","Abanico cejiblanco"
"Rhipidura javanica","Sunda Pied Fantail","Abanico pío de la Sonda"
"Rhipidura nigritorquis","Philippine Pied Fantail","Abanico pío de Filipinas"
"Rhipidura perlata","Spotted Fantail","Abanico perlado"
"Rhipidura leucophrys","Willie Wagtail","Abanico lavandera"
"Rhipidura diluta","Brown-capped Fantail","Abanico cabecipardo"
"Rhipidura fuscorufa","Cinnamon-tailed Fantail","Abanico colicanela"
"Rhipidura rufiventris","Northern Fantail","Abanico de Timor"
"Rhipidura kordensis","Biak Fantail","Abanico de Biak"
"Rhipidura cockerelli","White-winged Fantail","Abanico de Cockerell"
"Rhipidura coultasi","White-gorgeted Fantail","Abanico de Coultas"
"Rhipidura threnothorax","Sooty Thicket Fantail","Abanico del matorral"
"Rhipidura maculipectus","Black Thicket Fantail","Abanico colipinto"
"Rhipidura leucothorax","White-bellied Thicket Fantail","Abanico pechiblanco"
"Rhipidura atra","Black Fantail","Abanico negro"
"Rhipidura hyperythra","Chestnut-bellied Fantail","Abanico ventrirrufo"
"Rhipidura albolimbata","Friendly Fantail","Abanico amistoso"
"Rhipidura albiscapa","Grey Fantail","Abanico gris"
"Rhipidura fuliginosa","New Zealand Fantail","Abanico maorí"
"Rhipidura phasiana","Mangrove Fantail","Abanico de manglar"
"Rhipidura drownei","Bougainville Fantail","Abanico de Bougainville"
"Rhipidura ocularis","Guadalcanal Fantail","Abanico de Guadalcanal"
"Rhipidura tenebrosa","Makira Fantail","Abanico sombrío"
"Rhipidura rennelliana","Rennell Fantail","Abanico de Rennell"
"Rhipidura verreauxi","New Caledonian Streaked Fantail","Abanico moteado de Nueva Caledonia"
"Rhipidura spilodera","Vanuatu Streaked Fantail","Abanico moteado de las Vanuatu"
"Rhipidura layardi","Fiji Streaked Fantail","Abanico moteado de Fiyi"
"Rhipidura personata","Kadavu Fantail","Abanico de Kandavu"
"Rhipidura nebulosa","Samoan Fantail","Abanico samoano"
"Rhipidura phoenicura","Rufous-tailed Fantail","Abanico colirrojo"
"Rhipidura nigrocinnamomea","Black-and-cinnamon Fantail","Abanico rojinegro"
"Rhipidura brachyrhyncha","Dimorphic Fantail","Abanico dimorfo"
"Rhipidura lepida","Palau Fantail","Abanico de Palaos"
"Rhipidura dedemi","Streak-breasted Fantail","Abanico de van Dedem"
"Rhipidura superflua","Tawny-backed Fantail","Abanico superfluo"
"Rhipidura teysmanni","Sulawesi Fantail","Abanico de Célebes"
"Rhipidura habibiei","Peleng Fantail","Abanico de Peleng"
"Rhipidura sulaensis","Taliabu Fantail","Abanico de Taliabu"
"Rhipidura opistherythra","Long-tailed Fantail","Abanico de las Tanimbar"
"Rhipidura rufidorsa","Rufous-backed Fantail","Abanico dorsirrufo"
"Rhipidura dahli","Bismarck Fantail","Abanico de las Bismarck"
"Rhipidura matthiae","Mussau Fantail","Abanico de San Matías"
"Rhipidura malaitae","Malaita Fantail","Abanico de Malaita"
"Rhipidura semirubra","Manus Fantail","Abanico de Manus"
"Rhipidura dryas","Arafura Fantail","Abanico de Arafura"
"Rhipidura semicollaris","Supertramp Fantail",NA
"Rhipidura torrida","Gilolo Fantail",NA
"Rhipidura rufifrons","Australian Rufous Fantail","Abanico rojizo"
"Rhipidura kubaryi","Pohnpei Fantail","Abanico de Ponapé"
"Rhipidura louisiadensis","Louisiade Fantail",NA
"Rhipidura melanolaema","Santa Cruz Fantail","Abanico frentiblanco"
"Rhipidura versicolor","Micronesian Rufous Fantail",NA
"Rhipidura rufofronta","Solomons Rufous Fantail",NA
"Chaetorhynchus papuensis","Drongo Fantail","Drongo papú"
"Eutrichomyias rowleyi","Cerulean Flycatcher","Monarca de Rowley"
"Lamprolia klinesmithi","Natewa Silktail","Monarca de Natewa"
"Lamprolia victoriae","Taveuni Silktail","Monarca de Taveuni"
"Hypothymis azurea","Black-naped Monarch","Monarca nuquinegro"
"Hypothymis puella","Pale-blue Monarch","Monarca azulado"
"Hypothymis helenae","Short-crested Monarch","Monarca de Helena"
"Hypothymis coelestis","Celestial Monarch","Monarca celeste"
"Trochocercus cyanomelas","Blue-mantled Crested Flycatcher","Monarca morado meridional"
"Trochocercus nitens","Blue-headed Crested Flycatcher","Monarca brillante"
"Terpsiphone bedfordi","Bedford's Paradise Flycatcher","Monarca de Bedford"
"Terpsiphone rufocinerea","Rufous-vented Paradise Flycatcher","Monarca del Congo"
"Terpsiphone rufiventer","Red-bellied Paradise Flycatcher","Monarca ventrirrojo"
"Terpsiphone batesi","Bates's Paradise Flycatcher","Monarca de Bates"
"Terpsiphone viridis","African Paradise Flycatcher","Monarca africano"
"Terpsiphone paradisi","Indian Paradise Flycatcher","Monarca del paraíso indio"
"Terpsiphone affinis","Blyth's Paradise Flycatcher","Monarca del paraíso oriental"
"Terpsiphone floris","Tenggara Paradise Flycatcher","Monarca del paraíso de Flores"
"Terpsiphone incei","Amur Paradise Flycatcher","Monarca del paraíso chino"
"Terpsiphone atrocaudata","Black Paradise Flycatcher","Monarca japonés"
"Terpsiphone cyanescens","Blue Paradise Flycatcher","Monarca de Palawan"
"Terpsiphone cinnamomea","Rufous Paradise Flycatcher","Monarca canelo meridional"
"Terpsiphone atrochalybeia","Sao Tome Paradise Flycatcher","Monarca de Santo Tomé"
"Terpsiphone mutata","Malagasy Paradise Flycatcher","Monarca malgache"
"Terpsiphone corvina","Seychelles Paradise Flycatcher","Monarca de las Seychelles"
"Terpsiphone bourbonnensis","Mascarene Paradise Flycatcher","Monarca de las Mascareñas"
"Chasiempis sclateri","Kauai Elepaio","Elepaio de Kauai"
"Chasiempis ibidis","Oahu Elepaio","Elepaio de Oahu"
"Chasiempis sandwichensis","Hawaii Elepaio","Elepaio de Hawái"
"Pomarea dimidiata","Rarotonga Monarch","Monarca de Rarotonga"
"Pomarea nigra","Tahiti Monarch","Monarca de Tahití"
"Pomarea maupitiensis","Maupiti Monarch","Monarca de Maupiti"
"Pomarea mendozae","Marquesan Monarch","Monarca de las Marquesas"
"Pomarea mira","Ua Pou Monarch","Monarca de Ua Pou"
"Pomarea nukuhivae","Nuku Hiva Monarch","Monarca de Nuku Hiva"
"Pomarea iphis","Iphis Monarch","Monarca de Ua Huka"
"Pomarea fluxa","Eiao Monarch","Monarca de Eiao"
"Pomarea whitneyi","Fatu Hiva Monarch","Monarca de Fatu Hiva"
"Mayrornis schistaceus","Vanikoro Monarch","Monarca pizarroso"
"Mayrornis versicolor","Ogea Monarch","Monarca versicolor"
"Mayrornis lessoni","Slaty Monarch","Monarca de Lesson"
"Neolalage banksiana","Buff-bellied Monarch","Monarca de las Banks"
"Clytorhynchus pachycephaloides","Southern Shrikebill","Monarca pardo"
"Clytorhynchus vitiensis","Fiji Shrikebill","Monarca de Fiyi"
"Clytorhynchus nigrogularis","Black-throated Shrikebill","Monarca gorjinegro"
"Clytorhynchus sanctaecrucis","Santa Cruz Shrikebill","Monarca de Santa Cruz"
"Clytorhynchus hamlini","Rennell Shrikebill","Monarca de la Rennell"
"Metabolus rugensis","Chuuk Monarch","Monarca de la Truk"
"Symposiachrus axillaris","Black Monarch","Monarca negro"
"Symposiachrus guttula","Spot-winged Monarch","Monarca alimoteado"
"Symposiachrus mundus","Banda Sea Monarch","Monarca barbinegro"
"Symposiachrus sacerdotum","Flores Monarch","Monarca de Flores"
"Symposiachrus boanensis","Boano Monarch","Monarca de Boano"
"Symposiachrus melanopterus","Louisiade Monarch",NA
"Symposiachrus trivirgatus","Spectacled Monarch","Monarca de anteojos"
"Symposiachrus bimaculatus","Moluccan Monarch",NA
"Symposiachrus leucurus","Kai Monarch","Monarca coliblanco"
"Symposiachrus everetti","Tanahjampea Monarch","Monarca de Everett"
"Symposiachrus loricatus","Buru Monarch","Monarca de Buru"
"Symposiachrus julianae","Kofiau Monarch","Monarca de Kofiau"
"Symposiachrus brehmii","Biak Monarch","Monarca de Brehm"
"Symposiachrus manadensis","Hooded Monarch","Monarca encapuchado"
"Symposiachrus infelix","Manus Monarch","Monarca de Manus"
"Symposiachrus menckei","Mussau Monarch","Monarca de San Matías"
"Symposiachrus verticalis","Bismarck Monarch","Monarca de las Bismarck"
"Symposiachrus barbatus","Solomons Monarch","Monarca blanquinegro"
"Symposiachrus malaitae","Malaita Monarch","Monarca de Malaita"
"Symposiachrus vidua","White-collared Monarch","Monarca acollarado"
"Symposiachrus nigrotectus","Vella Lavella Monarch",NA
"Symposiachrus browni","Kolombangara Monarch","Monarca de Brown"
"Symposiachrus rubiensis","Rufous Monarch","Monarca rufo"
"Monarcha cinerascens","Island Monarch","Monarca isleño"
"Monarcha melanopsis","Black-faced Monarch","Monarca carinegro"
"Monarcha frater","Black-winged Monarch","Monarca alinegro"
"Monarcha castaneiventris","Chestnut-bellied Monarch","Monarca ventricastaño"
"Monarcha richardsii","White-capped Monarch","Monarca de Richards"
"Monarcha godeffroyi","Yap Monarch","Monarca de Yap"
"Monarcha takatsukasae","Tinian Monarch","Monarca de Tinian"
"Carterornis leucotis","White-eared Monarch","Monarca orejudo"
"Carterornis pileatus","White-naped Monarch","Monarca nuquiblanco"
"Carterornis castus","Tanimbar Monarch","Monarca de las Tanimbar"
"Carterornis chrysomela","Golden Monarch","Monarca dorado"
"Arses insularis","Ochre-collared Monarch","Monarca cuellirrufo"
"Arses telescopthalmus","Frilled Monarch","Monarca elegante"
"Arses lorealis","Frill-necked Monarch","Monarca de Cape York"
"Arses kaupi","Pied Monarch","Monarca pío"
"Grallina cyanoleuca","Magpie-lark","Grallina australiana"
"Grallina bruijnii","Torrent-lark","Grallina papú"
"Myiagra oceanica","Chuuk Flycatcher","Monarca de Truk"
"Myiagra erythrops","Palau Flycatcher","Monarca de Palaos"
"Myiagra freycineti","Guam Flycatcher","Monarca de Guam"
"Myiagra pluto","Pohnpei Flycatcher","Monarca de Ponapé"
"Myiagra galeata","Moluccan Flycatcher","Monarca moluqueño"
"Myiagra atra","Biak Black Flycatcher","Monarca de Biak"
"Myiagra rubecula","Leaden Flycatcher","Monarca plomizo"
"Myiagra ferrocyanea","Steel-blue Flycatcher","Monarca acerado"
"Myiagra cervinicauda","Makira Flycatcher","Monarca de San Cristóbal ventriblanco"
"Myiagra caledonica","Melanesian Flycatcher","Monarca melanesio"
"Myiagra vanikorensis","Vanikoro Flycatcher","Monarca de Vanikoro"
"Myiagra albiventris","Samoan Flycatcher","Monarca samoano"
"Myiagra azureocapilla","Azure-crested Flycatcher","Monarca crestiazul"
"Myiagra castaneigularis","Chestnut-throated Flycatcher","Monarca gorjicastaño"
"Myiagra ruficollis","Broad-billed Flycatcher","Monarca piquiancho"
"Myiagra cyanoleuca","Satin Flycatcher","Monarca satinado"
"Myiagra alecto","Shining Flycatcher","Monarca reluciente"
"Myiagra hebetior","Mussau Flycatcher","Monarca apagado"
"Myiagra eichhorni","Velvet Flycatcher","Monarca de Eichhorn"
"Myiagra nana","Paperbark Flycatcher","Monarca chico"
"Myiagra inquieta","Restless Flycatcher","Monarca inquieto"
"Platylophus galericulatus","Crested Jayshrike","Arrendajo crestado"
"Eurocephalus ruppelli","Northern White-crowned Shrike","Alcaudón culiblanco"
"Eurocephalus anguitimens","Southern White-crowned Shrike","Alcaudón coroniblanco"
"Corvinella corvina","Yellow-billed Shrike","Alcaudón piquigualdo"
"Urolestes melanoleucus","Magpie Shrike","Alcaudón pío"
"Lanius cabanisi","Long-tailed Fiscal","Alcaudón colilargo"
"Lanius excubitoroides","Grey-backed Fiscal","Alcaudón dorsigrís"
"Lanius dorsalis","Taita Fiscal","Alcaudón de los Taita"
"Lanius excubitor","Great Grey Shrike","Alcaudón norteño"
"Lanius somalicus","Somali Fiscal","Alcaudón somalí"
"Lanius ludovicianus","Loggerhead Shrike","Alcaudón americano"
"Lanius giganteus","Giant Grey Shrike","Alcaudón gigante"
"Lanius sphenocercus","Chinese Grey Shrike","Alcaudón chino"
"Lanius meridionalis","Iberian Grey Shrike","Alcaudón real"
"Lanius borealis","Northern Shrike","Alcaudón boreal"
"Lanius nubicus","Masked Shrike","Alcaudón núbico"
"Lanius newtoni","Sao Tome Fiscal","Alcaudón de Santo Tomé"
"Lanius humeralis","Northern Fiscal","Alcaudón fiscal norteño"
"Lanius gubernator","Emin's Shrike","Alcaudón de Emin"
"Lanius mackinnoni","Mackinnon's Shrike","Alcaudón de Mackinnon"
"Lanius souzae","Souza's Shrike","Alcaudón de Souza"
"Lanius collaris","Southern Fiscal","Alcaudón fiscal sureño"
"Lanius minor","Lesser Grey Shrike","Alcaudón chico"
"Lanius senator","Woodchat Shrike","Alcaudón común"
"Lanius collurioides","Burmese Shrike","Alcaudón birmano"
"Lanius tigrinus","Tiger Shrike","Alcaudón tigre"
"Lanius vittatus","Bay-backed Shrike","Alcaudón dorsicastaño"
"Lanius isabellinus","Isabelline Shrike","Alcaudón isabel"
"Lanius collurio","Red-backed Shrike","Alcaudón dorsirrojo"
"Lanius phoenicuroides","Red-tailed Shrike","Alcaudón colirrojo"
"Lanius validirostris","Mountain Shrike","Alcaudón filipino"
"Lanius cristatus","Brown Shrike","Alcaudón pardo"
"Lanius bucephalus","Bull-headed Shrike","Alcaudón bucéfalo"
"Lanius schach","Long-tailed Shrike","Alcaudón schach"
"Lanius tephronotus","Grey-backed Shrike","Alcaudón tibetano"
"Platysmurus leucopterus","Malayan Black Magpie","Urraca negra malaya"
"Platysmurus aterrimus","Bornean Black Magpie","Urraca negra de Borneo"
"Perisoreus infaustus","Siberian Jay","Arrendajo siberiano"
"Perisoreus internigrans","Sichuan Jay","Arrendajo de Sichuan"
"Perisoreus canadensis","Canada Jay","Arrendajo canadiense"
"Cyanolyca armillata","Black-collared Jay","Chara collareja"
"Cyanolyca viridicyanus","White-collared Jay","Chara andina"
"Cyanolyca turcosa","Turquoise Jay","Chara turquesa"
"Cyanolyca pulchra","Beautiful Jay","Chara hermosa"
"Cyanolyca cucullata","Azure-hooded Jay","Chara coroniazul"
"Cyanolyca pumilo","Black-throated Jay","Chara gorjinegra"
"Cyanolyca nanus","Dwarf Jay","Chara enana"
"Cyanolyca mirabilis","White-throated Jay","Chara de Omiltemi"
"Cyanolyca argentigula","Silvery-throated Jay","Chara gorjiplateada"
"Cyanocorax colliei","Black-throated Magpie-Jay","Urraca hermosa carinegra"
"Cyanocorax formosus","White-throated Magpie-Jay","Urraca hermosa cariblanca"
"Cyanocorax morio","Brown Jay","Chara papán"
"Cyanocorax coeruleus","Azure Jay","Chara cerúlea"
"Cyanocorax violaceus","Violaceous Jay","Chara violácea"
"Cyanocorax cyanomelas","Purplish Jay","Chara morada"
"Cyanocorax cristatellus","Curl-crested Jay","Chara crestada"
"Cyanocorax yncas","Green Jay","Chara verde"
"Cyanocorax mystacalis","White-tailed Jay","Chara coliblanca"
"Cyanocorax melanocyaneus","Bushy-crested Jay","Chara centroamericana"
"Cyanocorax yucatanicus","Yucatan Jay","Chara yucateca"
"Cyanocorax beecheii","Purplish-backed Jay","Chara de Beechey"
"Cyanocorax sanblasianus","San Blas Jay","Chara de San Blas"
"Cyanocorax dickeyi","Tufted Jay","Chara pinta"
"Cyanocorax affinis","Black-chested Jay","Chara pechinegra"
"Cyanocorax heilprini","Azure-naped Jay","Chara nuquiazul"
"Cyanocorax cayanus","Cayenne Jay","Chara de Cayena"
"Cyanocorax chrysops","Plush-crested Jay","Chara moñuda"
"Cyanocorax cyanopogon","White-naped Jay","Chara nuquiblanca"
"Cyanocitta cristata","Blue Jay","Chara azul"
"Cyanocitta stelleri","Steller's Jay","Chara de Steller"
"Aphelocoma wollweberi","Mexican Jay","Chara mexicana"
"Aphelocoma ultramarina","Transvolcanic Jay","Chara ultramarina"
"Aphelocoma unicolor","Unicolored Jay","Chara unicolor"
"Aphelocoma californica","California Scrub Jay","Chara californiana"
"Aphelocoma woodhouseii","Woodhouse's Scrub Jay",NA
"Aphelocoma insularis","Island Scrub Jay","Chara de Santa Cruz"
"Aphelocoma coerulescens","Florida Scrub Jay","Chara floridana"
"Gymnorhinus cyanocephalus","Pinyon Jay","Chara piñonera"
"Garrulus glandarius","Eurasian Jay","Arrendajo euroasiático"
"Garrulus lanceolatus","Black-headed Jay","Arrendajo cabecinegro"
"Garrulus lidthi","Lidth's Jay","Arrendajo de Lidth"
"Cyanopica cyanus","Azure-winged Magpie","Rabilargo asiático"
"Cyanopica cooki","Iberian Magpie","Rabilargo ibérico"
"Urocissa ornata","Sri Lanka Blue Magpie","Urraca cingalesa"
"Urocissa caerulea","Taiwan Blue Magpie","Urraca de Formosa"
"Urocissa flavirostris","Yellow-billed Blue Magpie","Urraca piquigualda"
"Urocissa erythroryncha","Red-billed Blue Magpie","Urraca piquirroja"
"Urocissa whiteheadi","White-winged Magpie","Urraca de Hainan"
"Cissa chinensis","Common Green Magpie","Urraca verde"
"Cissa hypoleuca","Indochinese Green Magpie","Urraca ventrigualda"
"Cissa thalassina","Javan Green Magpie","Urraca colicorta de Java"
"Cissa jefferyi","Bornean Green Magpie","Urraca colicorta de Borneo"
"Dendrocitta vagabunda","Rufous Treepie","Urraca vagabunda"
"Dendrocitta occipitalis","Sumatran Treepie","Urraca de Sumatra"
"Dendrocitta cinerascens","Bornean Treepie","Urraca de Borneo"
"Dendrocitta formosae","Grey Treepie","Urraca gris"
"Dendrocitta leucogastra","White-bellied Treepie","Urraca ventriblanca"
"Dendrocitta frontalis","Collared Treepie","Urraca acollarada"
"Dendrocitta bayleii","Andaman Treepie","Urraca de las Andamán"
"Crypsirina temia","Racket-tailed Treepie","Urraca bronceada"
"Crypsirina cucullata","Hooded Treepie","Urraca encapuchada"
"Temnurus temnurus","Ratchet-tailed Treepie","Urraca de raquetas"
"Pica pica","Eurasian Magpie","Urraca común"
"Pica mauritanica","Maghreb Magpie","Urraca magrebí"
"Pica asirensis","Asir Magpie","Urraca árabe"
"Pica bottanensis","Black-rumped Magpie","Urraca del himalaya"
"Pica serica","Oriental Magpie","Urraca oriental"
"Pica hudsonia","Black-billed Magpie","Urraca de Hudson"
"Pica nuttallii","Yellow-billed Magpie","Urraca de Nuttall"
"Zavattariornis stresemanni","Stresemann's Bushcrow","Urraquita de Stresemann"
"Podoces hendersoni","Mongolian Ground Jay","Arrendajo terrestre mongol"
"Podoces biddulphi","Xinjiang Ground Jay","Arrendajo terrestre de Xinjiang"
"Podoces panderi","Turkestan Ground Jay","Arrendajo terrestre del Turquestán"
"Podoces pleskei","Iranian Ground Jay","Arrendajo terrestre iraní"
"Nucifraga columbiana","Clark's Nutcracker","Cascanueces americano"
"Nucifraga caryocatactes","Northern Nutcracker","Cascanueces norteño"
"Nucifraga hemispila","Southern Nutcracker","Cascanueces sureño"
"Nucifraga multipunctata","Kashmir Nutcracker","Cascanueces del Himalaya"
"Pyrrhocorax pyrrhocorax","Red-billed Chough","Chova piquirroja"
"Pyrrhocorax graculus","Alpine Chough","Chova piquigualda"
"Ptilostomus afer","Piapiac","Piapiac"
"Coloeus monedula","Western Jackdaw","Grajilla occidental"
"Coloeus dauuricus","Daurian Jackdaw","Grajilla oriental"
"Corvus splendens","House Crow","Cuervo indio"
"Corvus moneduloides","New Caledonian Crow","Cuervo de Nueva Caledonia"
"Corvus typicus","Piping Crow","Cuervo de Célebes"
"Corvus unicolor","Banggai Crow","Cuervo de las Banggai"
"Corvus enca","Sunda Crow","Cuervo picofino"
"Corvus celebensis","Sulawesi Crow",NA
"Corvus samarensis","Samar Crow",NA
"Corvus sierramadrensis","Sierra Madre Crow",NA
"Corvus pusillus","Palawan Crow",NA
"Corvus violaceus","Violet Crow","Cuervo violáceo"
"Corvus florensis","Flores Crow","Cuervo de Flores"
"Corvus kubaryi","Mariana Crow","Cuervo de las Marianas"
"Corvus validus","Long-billed Crow","Cuervo moluqueño"
"Corvus woodfordi","White-billed Crow","Cuervo piquiblanco"
"Corvus meeki","Bougainville Crow","Cuervo de Bougainville"
"Corvus fuscicapillus","Brown-headed Crow","Cuervo cabecipardo"
"Corvus tristis","Grey Crow","Cuervo gris"
"Corvus capensis","Cape Crow","Cuervo de El Cabo"
"Corvus frugilegus","Rook","Graja"
"Corvus brachyrhynchos","American Crow","Cuervo americano"
"Corvus imparatus","Tamaulipas Crow","Cuervo tamaulipeco"
"Corvus sinaloae","Sinaloa Crow","Cuervo sinaloense"
"Corvus ossifragus","Fish Crow","Cuervo pescador"
"Corvus palmarum","Hispaniolan Palm Crow","Cuervo palmero"
"Corvus minutus","Cuban Palm Crow",NA
"Corvus jamaicensis","Jamaican Crow","Cuervo jamaicano"
"Corvus nasicus","Cuban Crow","Cuervo cubano"
"Corvus leucognaphalus","White-necked Crow","Cuervo de La Española"
"Corvus hawaiiensis","Hawaiian Crow","Cuervo hawaiano"
"Corvus corone","Carrion Crow","Corneja negra"
"Corvus cornix","Hooded Crow","Corneja Cenicienta"
"Corvus torquatus","Collared Crow","Cuervo acollarado"
"Corvus macrorhynchos","Large-billed Crow","Cuervo picudo"
"Corvus levaillantii","Eastern Jungle Crow",NA
"Corvus culminatus","Indian Jungle Crow",NA
"Corvus philippinus","Philippine Jungle Crow",NA
"Corvus orru","Torresian Crow","Cuervo de Torres"
"Corvus insularis","Bismarck Crow","Cuervo de las Bismarck"
"Corvus bennetti","Little Crow","Cuervo de Bennett"
"Corvus tasmanicus","Forest Raven","Cuervo de Tasmania"
"Corvus mellori","Little Raven","Cuervo de Mellor"
"Corvus coronoides","Australian Raven","Cuervo australiano"
"Corvus albus","Pied Crow","Cuervo pío"
"Corvus ruficollis","Brown-necked Raven","Cuervo desertícola"
"Corvus edithae","Somali Crow","Cuervo etíope"
"Corvus corax","Northern Raven","Cuervo grande"
"Corvus cryptoleucus","Chihuahuan Raven","Cuervo llanero"
"Corvus rhipidurus","Fan-tailed Raven","Cuervo colicorto"
"Corvus albicollis","White-necked Raven","Cuervo cuelliblanco"
"Corvus crassirostris","Thick-billed Raven","Cuervo picogordo"
"Corcorax melanorhamphos","White-winged Chough","Corvino negro"
"Struthidea cinerea","Apostlebird","Corvino apóstol"
"Melampitta lugubris","Lesser Melampitta","Melampita chica"
"Megalampitta gigantea","Greater Melampitta","Melampita grande"
"Ifrita kowaldi","Blue-capped Ifrit","Ifrita"
"Lycocorax pyrrhopterus","Halmahera Paradise-crow","Ave del paraíso corvina de Halmahera"
"Lycocorax obiensis","Obi Paradise-crow","Ave del paraíso corvina de Obi"
"Manucodia ater","Glossy-mantled Manucode","Ave del paraíso negra"
"Manucodia alter","Tagula Manucode",NA
"Manucodia jobiensis","Jobi Manucode","Ave del paraíso de la Jobi"
"Manucodia chalybatus","Crinkle-collared Manucode","Ave del paraíso metálica"
"Manucodia comrii","Curl-crested Manucode","Ave del paraíso de Comrie"
"Phonygammus keraudrenii","Trumpet Manucode","Ave del paraíso trompetera"
"Paradigalla carunculata","Long-tailed Paradigalla","Ave del paraíso carunculada"
"Paradigalla brevicauda","Short-tailed Paradigalla","Ave del paraíso colicorta"
"Astrapia nigra","Arfak Astrapia","Ave del paraíso de las Arfak"
"Astrapia splendidissima","Splendid Astrapia","Ave del paraíso espléndida"
"Astrapia mayeri","Ribbon-tailed Astrapia","Ave del paraíso cuelgacintas"
"Astrapia stephaniae","Princess Stephanie's Astrapia","Ave del paraíso de Estefanía"
"Astrapia rothschildi","Huon Astrapia","Ave del paraíso de Rothschild"
"Parotia sefilata","Western Parotia","Ave del paraíso de Pennant"
"Parotia carolae","Queen Carola's Parotia","Ave del paraíso de Carola"
"Parotia berlepschi","Bronze Parotia","Ave del paraíso de Berlepsch"
"Parotia lawesii","Lawes's Parotia","Ave del paraíso de Lawes"
"Parotia helenae","Eastern Parotia","Ave-del-paraíso de Helena"
"Parotia wahnesi","Wahnes's Parotia","Ave del paraíso de Wahnes"
"Pteridophora alberti","King of Saxony Bird-of-paradise","Ave del paraíso de Alberto"
"Lophorina superba","Vogelkop Lophorina","Ave del paraíso soberbia mayor"
"Lophorina latipennis","Greater Lophorina",NA
"Lophorina minor","Lesser Lophorina","Ave del paraíso soberbia menor"
"Ptiloris paradiseus","Paradise Riflebird","Ave del paraíso festoneada"
"Ptiloris victoriae","Victoria's Riflebird","Ave del paraíso de Victoria"
"Ptiloris magnificus","Magnificent Riflebird","Ave del paraíso goliazul"
"Ptiloris intercedens","Growling Riflebird","Ave del paraíso gruñidora"
"Epimachus fastosus","Black Sicklebill","Ave del paraíso fastuosa"
"Epimachus meyeri","Brown Sicklebill","Ave del paraíso de Meyer"
"Drepanornis albertisi","Black-billed Sicklebill","Ave del paraíso de Albertis"
"Drepanornis bruijnii","Pale-billed Sicklebill","Ave del paraíso piquiblanca"
"Diphyllodes magnificus","Magnificent Bird-of-paradise","Ave del paraíso magnífica"
"Diphyllodes respublica","Wilson's Bird-of-paradise","Ave del paraíso republicana"
"Cicinnurus regius","King Bird-of-paradise","Ave del paraíso real"
"Semioptera wallacii","Standardwing","Ave del paraíso de Wallace"
"Seleucidis melanoleucus","Twelve-wired Bird-of-paradise","Ave del paraíso filamentosa"
"Paradisaea apoda","Greater Bird-of-paradise","Ave del paraíso esmeralda grande"
"Paradisaea raggiana","Raggiana Bird-of-paradise","Ave del paraíso de Raggi"
"Paradisaea minor","Lesser Bird-of-paradise","Ave del paraíso esmeralda chica"
"Paradisaea decora","Goldie's Bird-of-paradise","Ave del paraíso de Goldie"
"Paradisaea rubra","Red Bird-of-paradise","Ave del paraíso roja"
"Paradisaea guilielmi","Emperor Bird-of-paradise","Ave del paraíso imperial"
"Paradisornis rudolphi","Blue Bird-of-paradise","Ave del paraíso azul"
"Amalocichla incerta","Lesser Ground Robin","Petroica terrestre chica"
"Amalocichla sclateriana","Greater Ground Robin","Petroica terrestre grande"
"Pachycephalopsis hattamensis","Green-backed Robin","Petroica dorsiverde"
"Pachycephalopsis poliosoma","White-eyed Robin","Petroica ojiblanca"
"Eugerygone rubra","Garnet Robin","Petroica granate"
"Petroica macrocephala","Tomtit","Petroica carbonera"
"Petroica traversi","Black Robin","Petroica de las Chatham"
"Petroica longipes","North Island Robin","Petroica de Isla Norte"
"Petroica australis","South Island Robin","Petroica de Isla Sur"
"Petroica bivittata","Mountain Robin","Petroica montañesa"
"Petroica archboldi","Snow Mountain Robin","Petroica roquera"
"Petroica multicolor","Norfolk Robin","Petroica de la Norfolk"
"Petroica goodenovii","Red-capped Robin","Petroica frentirroja"
"Petroica polymorpha","Solomons Robin",NA
"Petroica pusilla","Pacific Robin","Petroica del Pacífico"
"Petroica rosea","Rose Robin","Petroica rosada"
"Petroica rodinogaster","Pink Robin","Petroica encarnada"
"Petroica phoenicea","Flame Robin","Petroica flamígera"
"Petroica boodang","Scarlet Robin","Petroica escarlata"
"Devioeca papuana","Canary Flyrobin","Petroica papú"
"Kempiella flavovirescens","Olive Flyrobin","Petroica olivácea"
"Kempiella griseoceps","Yellow-legged Flyrobin","Petroica patigualda"
"Cryptomicroeca flaviventris","Yellow-bellied Flyrobin","Petroica ventrigualda"
"Monachella muelleriana","Torrent Flyrobin","Petroica torrentera de Nueva Guinea"
"Microeca hemixantha","Golden-bellied Flyrobin","Petroica de las Tanimbar"
"Microeca flavigaster","Lemon-bellied Flyrobin","Petroica limón"
"Microeca fascinans","Jacky Winter","Petroica fascinante"
"Drymodes beccarii","Papuan Scrub Robin","Petroica matorralera papú"
"Drymodes superciliaris","Northern Scrub Robin","Petroica matorralera norteña"
"Drymodes brunneopygia","Southern Scrub Robin","Petroica matorralera sureña"
"Heteromyias albispecularis","Ashy Robin","Petroica ceniza"
"Heteromyias armiti","Black-capped Robin","Petroica cabecinegra"
"Heteromyias cinereifrons","Grey-headed Robin","Petroica cabecigrís"
"Plesiodryas albonotata","Black-throated Robin","Petroica gorjinegra"
"Leucophantes brachyurus","Black-chinned Robin","Petroica barbinegra"
"Poecilodryas hypoleuca","Black-sided Robin","Petroica flanquinegra"
"Poecilodryas superciliosa","White-browed Robin","Petroica cejuda"
"Poecilodryas cerviniventris","Buff-sided Robin","Petroica ventricanela"
"Melanodryas cucullata","Hooded Robin","Petroica encapuchada"
"Melanodryas vittata","Dusky Robin","Petroica de Tasmania"
"Melanodryas sigillata","White-winged Robin","Petroica aliblanca"
"Melanodryas cryptoleuca","Smoky Robin","Petroica sombría"
"Melanodryas cyanus","Slaty Robin","Petroica azulada"
"Melanodryas bimaculata","White-rumped Robin","Petroica culiblanca"
"Melanodryas pulverulenta","Mangrove Robin","Petroica de manglar"
"Eopsaltria placens","Banded Yellow Robin","Petroica bandeada"
"Eopsaltria australis","Eastern Yellow Robin","Petroica amarilla"
"Eopsaltria griseogularis","Western Yellow Robin","Petroica pechigrís"
"Eopsaltria georgiana","White-breasted Robin","Petroica pechiblanca"
"Eopsaltria capito","Pale-yellow Robin","Petroica amarillenta"
"Eopsaltria leucops","White-faced Robin","Petroica cariblanca"
"Picathartes gymnocephalus","White-necked Rockfowl","Picatartes cuelliblanco"
"Picathartes oreas","Grey-necked Rockfowl","Picatartes cuelligrís"
"Chaetops frenatus","Cape Rockjumper","Saltarrocas de El Cabo"
"Chaetops aurantius","Drakensberg Rockjumper","Saltarrocas del Drakensberg"
"Eupetes macrocerus","Rail-babbler","Zordala colilarga"
"Bombycilla garrulus","Bohemian Waxwing","Ampelis europeo"
"Bombycilla japonica","Japanese Waxwing","Ampelis japonés"
"Bombycilla cedrorum","Cedar Waxwing","Ampelis americano"
"Phainoptila melanoxantha","Black-and-yellow Phainoptila","Capulinero negrigualdo"
"Ptiliogonys cinereus","Grey Silky-flycatcher","Capulinero gris"
"Ptiliogonys caudatus","Long-tailed Silky-flycatcher","Capulinero colilargo"
"Phainopepla nitens","Phainopepla","Capulinero negro"
"Hypocolius ampelinus","Grey Hypocolius","Hipocolio"
"Dulus dominicus","Palmchat","Sigua palmera"
"Chaetoptila angustipluma","Kioea","Kioea"
"Moho braccatus","Kauai Oo","Oo de Kauai"
"Moho apicalis","Oahu Oo","Oo de Oahu"
"Moho bishopi","Bishop's Oo","Oo de Bishop"
"Moho nobilis","Hawaii Oo","Oo de Hawái"
"Hylocitrea bonensis","Hylocitrea","Silbador de los Bone"
"Chelidorhynx hypoxanthus","Yellow-bellied Fantail","Papamoscas ventrigualdo"
"Stenostira scita","Fairy Flycatcher","Papamoscas duende"
"Culicicapa ceylonensis","Grey-headed Canary-flycatcher","Papamoscas cabecigrís"
"Culicicapa helianthea","Citrine Canary-flycatcher","Papamoscas citrino"
"Elminia longicauda","African Blue Flycatcher","Elminia azul"
"Elminia albicauda","White-tailed Blue Flycatcher","Elminia blanquiazul"
"Elminia nigromitrata","Dusky Crested Flycatcher","Elminia cabecinegra"
"Elminia albiventris","White-bellied Crested Flycatcher","Elminia ventriblanca"
"Elminia albonotata","White-tailed Crested Flycatcher","Elminia coliblanca"
"Cephalopyrus flammiceps","Fire-capped Tit","Pájaro moscón carirrojo"
"Sylviparus modestus","Yellow-browed Tit","Herrerillo modesto"
"Melanochlora sultanea","Sultan Tit","Carbonero sultán"
"Periparus rufonuchalis","Rufous-naped Tit","Carbonero nuquirrufo"
"Periparus rubidiventris","Rufous-vented Tit","Carbonero culirrufo"
"Periparus ater","Coal Tit","Carbonero garrapinos"
"Periparus venustulus","Yellow-bellied Tit","Carbonero ventrigualdo"
"Periparus elegans","Elegant Tit","Carbonero elegante"
"Periparus amabilis","Palawan Tit","Carbonero de Palawan"
"Lophophanes cristatus","Crested Tit","Herrerillo capuchino"
"Lophophanes dichrous","Grey-crested Tit","Herrerillo crestigrís"
"Baeolophus wollweberi","Bridled Titmouse","Herrerillo embridado"
"Baeolophus inornatus","Oak Titmouse","Herrerillo unicolor"
"Baeolophus ridgwayi","Juniper Titmouse","Herrerillo de Ridgway"
"Baeolophus bicolor","Tufted Titmouse","Herrerillo bicolor"
"Baeolophus atricristatus","Black-crested Titmouse","Herrerillo crestinegro"
"Sittiparus varius","Varied Tit","Carbonero variado"
"Sittiparus owstoni","Owston's Tit","Carbonero de las Izu"
"Sittiparus olivaceus","Iriomote Tit","Carbonero de Iriomote"
"Sittiparus castaneoventris","Chestnut-bellied Tit","Carbonero ventricastaño"
"Sittiparus semilarvatus","White-fronted Tit","Carbonero frentiblanco"
"Poecile superciliosus","White-browed Tit","Carbonero cejiblanco"
"Poecile lugubris","Sombre Tit","Carbonero lúgubre"
"Poecile cinctus","Grey-headed Chickadee","Carbonero lapón"
"Poecile rufescens","Chestnut-backed Chickadee","Carbonero dorsicastaño"
"Poecile hudsonicus","Boreal Chickadee","Carbonero boreal"
"Poecile sclateri","Mexican Chickadee","Carbonero mexicano"
"Poecile carolinensis","Carolina Chickadee","Carbonero de Carolina"
"Poecile atricapillus","Black-capped Chickadee","Carbonero cabecinegro"
"Poecile gambeli","Mountain Chickadee","Carbonero montañés"
"Poecile davidi","Pere David's Tit","Carbonero de David"
"Poecile hypermelaenus","Black-bibbed Tit","Carbonero barbinegro"
"Poecile palustris","Marsh Tit","Carbonero palustre"
"Poecile weigoldicus","Sichuan Tit","Carbonero de Sichuán"
"Poecile hyrcanus","Caspian Tit","Carbonero del Caspio"
"Poecile montanus","Willow Tit","Carbonero montano"
"Cyanistes teneriffae","African Blue Tit","Herrerillo canario"
"Cyanistes caeruleus","Eurasian Blue Tit","Herrerillo común"
"Cyanistes cyanus","Azure Tit","Herrerillo azul"
"Pseudopodoces humilis","Ground Tit","Carbonero terrestre"
"Parus major","Great Tit","Carbonero común"
"Parus cinereus","Cinereous Tit","Carbonero indio"
"Parus monticolus","Green-backed Tit","Carbonero dorsiverde"
"Machlolophus nuchalis","White-naped Tit","Carbonero nuquiblanco"
"Machlolophus holsti","Yellow Tit","Carbonero de Formosa"
"Machlolophus xanthogenys","Himalayan Black-lored Tit","Carbonero carigualdo indio"
"Machlolophus aplonotus","Indian Black-lored Tit","Carbonero Carigualdo Indio"
"Machlolophus spilonotus","Yellow-cheeked Tit","Carbonero carigualdo chino"
"Melaniparus guineensis","White-shouldered Black Tit","Carbonero guineano"
"Melaniparus leucomelas","White-winged Black Tit","Carbonero aliblanco"
"Melaniparus niger","Southern Black Tit","Carbonero negro"
"Melaniparus carpi","Carp's Tit","Carbonero de Carp"
"Melaniparus albiventris","White-bellied Tit","Carbonero ventriblanco"
"Melaniparus leuconotus","White-backed Black Tit","Carbonero dorsiblanco"
"Melaniparus funereus","Dusky Tit","Carbonero cenizo"
"Melaniparus rufiventris","Rufous-bellied Tit","Carbonero ventrirrufo"
"Melaniparus fringillinus","Red-throated Tit","Carbonero gorjirrufo"
"Melaniparus fasciiventer","Stripe-breasted Tit","Carbonero del Ruwenzori"
"Melaniparus thruppi","Acacia Tit","Carbonero somalí"
"Melaniparus griseiventris","Miombo Tit","Carbonero del miombo"
"Melaniparus cinerascens","Ashy Tit","Carbonero cinéreo"
"Melaniparus afer","Grey Tit","Carbonero gris"
"Remiz pendulinus","Eurasian Penduline Tit","Pájaro moscón europeo"
"Remiz macronyx","Black-headed Penduline Tit","Pájaro moscón cabecinegro"
"Remiz coronatus","White-crowned Penduline Tit","Pájaro moscón coronado"
"Remiz consobrinus","Chinese Penduline Tit","Pájaro moscón chino"
"Anthoscopus punctifrons","Sennar Penduline Tit","Pájaro moscón sudanés"
"Anthoscopus parvulus","Yellow Penduline Tit","Pájaro moscón amarillo"
"Anthoscopus musculus","Mouse-colored Penduline Tit","Pájaro moscón gris"
"Anthoscopus flavifrons","Forest Penduline Tit","Pájaro moscón frentigualdo"
"Anthoscopus caroli","Grey Penduline Tit","Pájaro moscón africano"
"Anthoscopus minutus","Cape Penduline Tit","Pájaro moscón de El Cabo"
"Auriparus flaviceps","Verdin","Pájaro moscón baloncito"
"Nicator chloris","Western Nicator","Conquistador occidental"
"Nicator gularis","Eastern Nicator","Conquistador oriental"
"Nicator vireo","Yellow-throated Nicator","Conquistador gorjiamarillo"
"Panurus biarmicus","Bearded Reedling","Bigotudo"
"Alaemon alaudipes","Greater Hoopoe-Lark","Alondra ibis"
"Alaemon hamertoni","Lesser Hoopoe-Lark","Alondra de Hamerton"
"Chersomanes beesleyi","Beesley's Lark","Alondra de Beesley"
"Chersomanes albofasciata","Spike-heeled Lark","Alondra espolada"
"Ammomanopsis grayi","Gray's Lark","Alondra de Gray"
"Certhilauda chuana","Short-clawed Lark","Alondra chuana"
"Certhilauda subcoronata","Karoo Long-billed Lark","Alondra piquilarga"
"Certhilauda semitorquata","Eastern Long-billed Lark","Alondra de Transvaal"
"Certhilauda curvirostris","Cape Long-billed Lark","Alondra de El Cabo"
"Pinarocorys nigricans","Dusky Lark","Alondra oscura"
"Pinarocorys erythropygia","Rufous-rumped Lark","Alondra colirrufa"
"Ramphocoris clotbey","Thick-billed Lark","Calandria picogorda"
"Ammomanes deserti","Desert Lark","Terrera sahariana"
"Ammomanes cinctura","Bar-tailed Lark","Terrera colinegra"
"Ammomanes phoenicura","Rufous-tailed Lark","Terrera colirroja"
"Eremopterix australis","Black-eared Sparrow-Lark","Terrera orejinegra"
"Eremopterix hova","Madagascar Lark","Alondra malgache"
"Eremopterix nigriceps","Black-crowned Sparrow-Lark","Terrera negrita"
"Eremopterix leucotis","Chestnut-backed Sparrow-Lark","Terrera orejiblanca"
"Eremopterix griseus","Ashy-crowned Sparrow-Lark","Terrera coronigrís"
"Eremopterix signatus","Chestnut-headed Sparrow-Lark","Terrera señalada"
"Eremopterix verticalis","Grey-backed Sparrow-Lark","Terrera dorsigrís"
"Eremopterix leucopareia","Fischer's Sparrow-Lark","Terrera cariblanca"
"Calendulauda rufa","Rusty Bush Lark","Alondra rufa"
"Calendulauda sabota","Sabota Lark","Alondra sabota"
"Calendulauda poecilosterna","Pink-breasted Lark","Alondra pechirrosa"
"Calendulauda gilletti","Gillett's Lark","Alondra de Gillett"
"Calendulauda africanoides","Fawn-colored Lark","Alondra leonada"
"Calendulauda albescens","Karoo Lark","Alondra del Karoo"
"Calendulauda burra","Red Lark","Alondra roja"
"Calendulauda erythrochlamys","Dune Lark","Alondra de las dunas"
"Heteromirafra archeri","Archer's Lark","Alondra de Archer"
"Heteromirafra ruddi","Rudd's Lark","Alondra de Rudd"
"Mirafra passerina","Monotonous Lark","Alondra monótona"
"Mirafra pulpa","Friedmann's Lark","Alondra de Friedmann"
"Mirafra cordofanica","Kordofan Lark","Alondra del Kordofán"
"Mirafra williamsi","Williams's Lark","Alondra de Williams"
"Mirafra javanica","Singing Bush Lark","Alondra de Java"
"Mirafra cheniana","Melodious Lark","Alondra melodiosa"
"Mirafra albicauda","White-tailed Lark","Alondra coliblanca"
"Plocealauda microptera","Burmese Bush Lark","Alondra birmana"
"Plocealauda erythrocephala","Indochinese Bush Lark","Alondra indochina"
"Plocealauda affinis","Jerdon's Bush Lark","Alondra de Jerdon"
"Plocealauda erythroptera","Indian Bush Lark","Alondra india"
"Plocealauda assamica","Bengal Bush Lark","Alondra de Assam"
"Amirafra collaris","Collared Lark","Alondra acollarada"
"Amirafra angolensis","Angola Lark","Alondra angoleña"
"Amirafra rufocinnamomea","Flappet Lark","Alondra aplaudidora canela"
"Corypha apiata","Cape Clapper Lark","Alondra aplaudidora de El Cabo"
"Corypha fasciolata","Eastern Clapper Lark","Alondra aplaudidora oriental"
"Corypha kidepoensis","Kidepo Lark",NA
"Corypha hypermetra","Red-winged Lark","Alondra alirroja"
"Corypha kurrae","Highland Lark",NA
"Corypha africana","Rufous-naped Lark","Alondra nuquirrufa"
"Corypha athi","Sentinel Lark",NA
"Corypha kabalii","Plains Lark",NA
"Corypha nigrescens","Plateau Lark",NA
"Corypha sharpii","Russet Lark","Alondra de Sharpe"
"Corypha somalica","Somali Lark","Alondra somalí"
"Lullula arborea","Woodlark","Alondra totovía"
"Spizocorys obbiensis","Obbia Lark","Alondra de Obbia"
"Spizocorys sclateri","Sclater's Lark","Alondra de Sclater"
"Spizocorys starki","Stark's Lark","Alondra de Stark"
"Spizocorys fremantlii","Short-tailed Lark","Alondra colicorta"
"Spizocorys personata","Masked Lark","Alondra enmascarada"
"Spizocorys fringillaris","Botha's Lark","Alondra de Botha"
"Spizocorys conirostris","Pink-billed Lark","Alondra piquirrosa"
"Alauda leucoptera","White-winged Lark","Calandria aliblanca"
"Alauda razae","Raso Lark","Alondra de Razo"
"Alauda gulgula","Oriental Skylark","Alondra oriental"
"Alauda arvensis","Eurasian Skylark","Alondra común"
"Galerida deva","Sykes's Lark","Cogujada de Deva"
"Galerida modesta","Sun Lark","Cogujada modesta"
"Galerida magnirostris","Large-billed Lark","Cogujada picogorda"
"Galerida theklae","Thekla's Lark","Cogujada montesina"
"Galerida cristata","Crested Lark","Cogujada común"
"Galerida malabarica","Malabar Lark","Cogujada malabar"
"Eremophila alpestris","Horned Lark","Alondra cornuda"
"Eremophila bilopha","Temminck's Lark","Alondra sahariana"
"Calandrella acutirostris","Hume's Short-toed Lark","Terrera de Hume"
"Calandrella dukhunensis","Mongolian Short-toed Lark","Terrera oriental"
"Calandrella blanfordi","Blanford's Lark","Terrera de Blanford"
"Calandrella eremica","Rufous-capped Lark","Terrera capirrufa"
"Calandrella cinerea","Red-capped Lark","Terrera capirotada"
"Calandrella brachydactyla","Greater Short-toed Lark","Terrera común"
"Melanocorypha bimaculata","Bimaculated Lark","Calandria bimaculada"
"Melanocorypha calandra","Calandra Lark","Calandria común"
"Melanocorypha yeltoniensis","Black Lark","Calandria negra"
"Melanocorypha mongolica","Mongolian Lark","Calandria de Mongolia"
"Melanocorypha maxima","Tibetan Lark","Calandria tibetana"
"Chersophilus duponti","Dupont's Lark","Alondra ricotí"
"Eremalauda dunni","Dunn's Lark","Alondra de Dunn"
"Eremalauda eremodites","Arabian Lark","Alondra árabe"
"Alaudala cheleensis","Asian Short-toed Lark","Terrera de Mongolia"
"Alaudala somalica","Somali Short-toed Lark","Terrera somalí"
"Alaudala rufescens","Mediterranean Short-toed Lark","Terrera marismeña"
"Alaudala heinei","Turkestan Short-toed Lark","Terrera pálida"
"Alaudala raytal","Sand Lark","Terrera raytal"
"Andropadus importunus","Sombre Greenbul","Bulbul de Zanzibar"
"Stelgidillas gracilirostris","Slender-billed Greenbul","Bulbul picofino"
"Calyptocichla serinus","Golden Greenbul","Bulbul dorado"
"Neolestes torquatus","Black-collared Bulbul","Bulbul acollarado"
"Bleda syndactylus","Red-tailed Bristlebill","Bulbul bigotudo"
"Bleda eximius","Green-tailed Bristlebill","Bulbul coliverde"
"Bleda canicapillus","Grey-headed Bristlebill","Bulbul hormiguero"
"Bleda notatus","Yellow-lored Bristlebill","Bulbul manchado"
"Bleda ugandae","Yellow-eyed Bristlebill","Bulbul ojigualdo"
"Atimastillas flavicollis","Yellow-gorgeted Greenbul","Bulbul gorjiamarillo"
"Atimastillas flavigula","Pale-throated Greenbul","Bulbul gorjiclaro"
"Ixonotus guttatus","Spotted Greenbul","Bulbul moteado"
"Thescelocichla leucopleura","Swamp Palm Bulbul","Bulbul de las rafias"
"Chlorocichla laetissima","Joyful Greenbul","Bulbul alegre"
"Chlorocichla prigoginei","Prigogine's Greenbul","Bulbul de Prigogine"
"Chlorocichla falkensteini","Falkenstein's Greenbul","Bulbul de Falkenstein"
"Chlorocichla flaviventris","Yellow-bellied Greenbul","Bulbul pechiamarillo"
"Chlorocichla simplex","Simple Greenbul","Bulbul sencillo"
"Baeopogon indicator","Honeyguide Greenbul","Bulbul indicador"
"Baeopogon clamans","Sjöstedt's Greenbul","Bulbul chillón"
"Arizelocichla montana","Cameroon Mountain Greenbul","Bulbul montano"
"Arizelocichla tephrolaema","Western Mountain Greenbul","Bulbul pechioliva"
"Arizelocichla masukuensis","Shelley's Greenbul","Bulbul de las Misuku"
"Arizelocichla neumanni","Uluguru Mountain Greenbul","Bulbul de las Uulguru"
"Arizelocichla fusciceps","Black-browed Mountain Greenbul","Bulbul cabecioscuro"
"Arizelocichla chlorigula","Yellow-throated Mountain Greenbul","Bulbul gorjiverde"
"Arizelocichla kikuyuensis","Kikuyu Mountain Greenbul",NA
"Arizelocichla nigriceps","Black-headed Mountain Greenbul","Bulbul del Kilimanjaro"
"Arizelocichla striifacies","Olive-headed Greenbul","Bulbul cabecioliva"
"Arizelocichla milanjensis","Stripe-cheeked Greenbul","Bulbul del Mulanje"
"Criniger barbatus","Western Bearded Greenbul","Bulbul barbado"
"Criniger chloronotus","Eastern Bearded Greenbul","Bulbul dorsiverde"
"Criniger calurus","Red-tailed Greenbul","Bulbul colirrojo"
"Criniger ndussumensis","White-bearded Greenbul","Bulbul barbiblanco"
"Criniger olivaceus","Yellow-bearded Greenbul","Bulbul barbigualdo"
"Eurillas virens","Little Greenbul","Bulbul verde"
"Eurillas latirostris","Yellow-whiskered Greenbul","Bulbul sibá"
"Eurillas curvirostris","Plain Greenbul","Bulbul piquicurvo"
"Eurillas gracilis","Little Grey Greenbul","Bulbul grácil"
"Eurillas ansorgei","Ansorge's Greenbul","Bulbul de Ansorge"
"Phyllastrephus debilis","Lowland Tiny Greenbul","Bulbul chico costero"
"Phyllastrephus albigula","Montane Tiny Greenbul","Bulbul chico montano"
"Phyllastrephus albigularis","White-throated Greenbul","Bulbul gorjiblanco"
"Phyllastrephus viridiceps","Angola Greenbul","Bulbul angoleño"
"Phyllastrephus xavieri","Xavier's Greenbul","Bulbul de Xavier"
"Phyllastrephus icterinus","Icterine Greenbul","Bulbul icterino"
"Phyllastrephus terrestris","Terrestrial Brownbul","Bulbul terrestre"
"Phyllastrephus poensis","Cameroon Olive Greenbul","Bulbul de Fernando Póo"
"Phyllastrephus strepitans","Northern Brownbul","Bulbul pardo"
"Phyllastrephus cerviniventris","Grey-olive Greenbul","Bulbul verdioliva"
"Phyllastrephus fischeri","Fischer's Greenbul","Bulbul de Fischer"
"Phyllastrephus cabanisi","Cabanis's Greenbul","Bulbul de Cabanis"
"Phyllastrephus scandens","Leaf-love","Bulbul colirrojizo"
"Phyllastrephus lorenzi","Sassi's Olive Greenbul","Bulbul de Lorenz"
"Phyllastrephus flavostriatus","Yellow-streaked Greenbul","Bulbul listado"
"Phyllastrephus alfredi","Sharpe's Greenbul","Bulbul de Alfred"
"Phyllastrephus poliocephalus","Grey-headed Greenbul","Bulbul ventriamarillo"
"Phyllastrephus hypochloris","Toro Olive Greenbul","Bulbul de Toro"
"Phyllastrephus baumanni","Baumann's Olive Greenbul","Bulbul de Baumann"
"Phyllastrephus fulviventris","Pale-olive Greenbul","Bulbul ventrirrufo"
"Tricholestes criniger","Hairy-backed Bulbul","Bulbul peludo"
"Setornis criniger","Hook-billed Bulbul","Bulbul piquilargo"
"Alophoixus phaeocephalus","Yellow-bellied Bulbul","Bulbul capirotado"
"Alophoixus frater","Palawan Bulbul","Bulbul fraile"
"Alophoixus tephrogenys","Grey-cheeked Bulbul","Bulbul carigrís"
"Alophoixus ruficrissus","Penan Bulbul","Bulbul ventricastaño"
"Alophoixus bres","Brown-cheeked Bulbul","Bulbul bres"
"Alophoixus flaveolus","White-throated Bulbul","Bulbul frentigrís"
"Alophoixus ochraceus","Ochraceous Bulbul","Bulbul ocráceo"
"Alophoixus pallidus","Puff-throated Bulbul","Bulbul pálido"
"Alcurus striatus","Striated Bulbul","Bulbul estriado"
"Iole finschii","Finsch's Bulbul","Bulbul de Finsch"
"Iole palawanensis","Sulphur-bellied Bulbul","Bulbul de Palawan"
"Iole viridescens","Olive Bulbul","Bulbul verdoso"
"Iole crypta","Buff-vented Bulbul",NA
"Iole charlottae","Charlotte's Bulbul","Bulbul oliváceo"
"Iole cacharensis","Cachar Bulbul","Bulbul de Cachar"
"Iole propinqua","Grey-eyed Bulbul","Bulbul ojigrís"
"Hemixos flavala","Ashy Bulbul","Bulbul ceniciento"
"Hemixos cinereus","Cinereous Bulbul","Bulbul cinéreo"
"Hemixos castanonotus","Chestnut Bulbul","Bulbul castaño"
"Acritillas indica","Yellow-browed Bulbul","Bulbul cejiamarillo"
"Ixos leucogrammicus","Cream-striped Bulbul","Bulbul rayado"
"Ixos sumatranus","Sumatran Bulbul","Bulbul de Sumatra"
"Ixos virescens","Javan Bulbul","Bulbul de Java"
"Ixos malaccensis","Streaked Bulbul","Bulbul malayo"
"Ixos mcclellandii","Mountain Bulbul","Bulbul de McClelland"
"Hypsipetes nicobariensis","Nicobar Bulbul","Bulbul de Nicobar"
"Hypsipetes philippinus","Philippine Bulbul","Bulbul filipino"
"Hypsipetes mindorensis","Mindoro Bulbul","Bulbul de Mindoro"
"Hypsipetes siquijorensis","Streak-breasted Bulbul","Bulbul de Siquijor"
"Hypsipetes affinis","Seram Golden Bulbul","Bulbul colidorado"
"Hypsipetes platenae","Sangihe Golden Bulbul","Bulbul de las Sangihe"
"Hypsipetes aureus","Togian Golden Bulbul","Bulbul de las Togian"
"Hypsipetes harterti","Banggai Golden Bulbul","Bulbul de las Banggai"
"Hypsipetes longirostris","Sula Golden Bulbul","Bulbul de las Sula"
"Hypsipetes chloris","Halmahera Golden Bulbul","Bulbul de Halmahera"
"Hypsipetes lucasi","Obi Golden Bulbul","Bulbul de Obi"
"Hypsipetes mysticalis","Buru Golden Bulbul","Bulbul de Buru"
"Hypsipetes guimarasensis","Visayan Bulbul","Bulbul de Samar"
"Hypsipetes everetti","Yellowish Bulbul","Bulbul de Everett"
"Hypsipetes catarmanensis","Camiguin Bulbul","Bulbul de Camiguín"
"Hypsipetes rufigularis","Zamboanga Bulbul","Bulbul gorjirrufo"
"Hypsipetes amaurotis","Brown-eared Bulbul","Bulbul orejipardo"
"Hypsipetes borbonicus","Reunion Bulbul","Bulbul de Reunión"
"Hypsipetes madagascariensis","Malagasy Bulbul","Bulbul malgache"
"Hypsipetes olivaceus","Mauritius Bulbul","Bulbul de Mauricio"
"Hypsipetes thompsoni","White-headed Bulbul","Bulbul cabeciblanco"
"Hypsipetes leucocephalus","Black Bulbul","Bulbul negro"
"Hypsipetes ganeesa","Square-tailed Bulbul","Bulbul de los Ghats"
"Hypsipetes parvirostris","Grande Comore Bulbul","Bulbul de Gran Comora"
"Hypsipetes moheliensis","Moheli Bulbul","Bulbul de la Mohéli"
"Hypsipetes crassirostris","Seychelles Bulbul","Bulbul picogordo"
"Euptilotus eutilotus","Puff-backed Bulbul","Bulbul lanudo"
"Microtarsus melanoleucos","Black-and-white Bulbul","Bulbul blanquinegro"
"Microtarsus urostictus","Yellow-wattled Bulbul","Bulbul ojiamarillo"
"Microtarsus priocephalus","Grey-headed Bulbul","Bulbul cabecigrís"
"Microtarsus melanocephalos","Black-headed Bulbul","Bulbul cabecinegro"
"Microtarsus fuscoflavescens","Andaman Bulbul","Bulbul de Andamán"
"Microtarsus nieuwenhuisii","Blue-wattled Bulbul","Bulbul ojiazul"
"Ixodia erythropthalmos","Spectacled Bulbul","Bulbul de anteojos"
"Ixodia cyaniventris","Grey-bellied Bulbul","Bulbul ventrigrís"
"Ixodia squamata","Scaly-breasted Bulbul","Bulbul escamoso"
"Rubigula flaviventris","Black-crested Bulbul","Bulbul crestinegro"
"Rubigula gularis","Flame-throated Bulbul","Bulbul gorjinaranja"
"Rubigula melanictera","Black-capped Bulbul","Bulbul carinegro"
"Rubigula dispar","Ruby-throated Bulbul","Bulbul gorjirrojo"
"Rubigula montis","Bornean Bulbul","Bulbul de Borneo"
"Nok hualon","Bare-faced Bulbul","Bulbul caripelado"
"Spizixos canifrons","Crested Finchbill","Bulbul picogrueso"
"Spizixos semitorques","Collared Finchbill","Bulbul collarejo"
"Pycnonotus simplex","Cream-vented Bulbul","Bulbul ojiblanco"
"Pycnonotus plumosus","Olive-winged Bulbul","Bulbul aliverde"
"Pycnonotus brunneus","Asian Red-eyed Bulbul","Bulbul ojirrojo"
"Pycnonotus zeylanicus","Straw-headed Bulbul","Bulbul cabeciamarillo"
"Pycnonotus tympanistrigus","Spot-necked Bulbul","Bulbul cuellipinto"
"Pycnonotus pseudosimplex","Cream-eyed Bulbul","Bulbul ojicremoso"
"Pycnonotus cinereifrons","Ashy-fronted Bulbul","Bulbul penitente"
"Pycnonotus luteolus","White-browed Bulbul","Bulbul cejiblanco"
"Pycnonotus blanfordi","Ayeyarwady Bulbul","Bulbul de Blanford occidental"
"Pycnonotus conradi","Streak-eared Bulbul","Bulbul de Blanford oriental"
"Pycnonotus davisoni","Pale-eyed Bulbul","Bulbul de Davison"
"Pycnonotus finlaysoni","Stripe-throated Bulbul","Bulbul de Finlayson"
"Pycnonotus flavescens","Flavescent Bulbul","Bulbul amarillento"
"Pycnonotus snouckaerti","Aceh Bulbul","Bulbul de Snouckaert"
"Pycnonotus bimaculatus","Orange-spotted Bulbul","Bulbul bimaculado"
"Pycnonotus leucops","Pale-faced Bulbul","Bulbul cariclaro"
"Pycnonotus xantholaemus","Yellow-throated Bulbul","Bulbul gorjigualdo"
"Pycnonotus penicillatus","Yellow-eared Bulbul","Bulbul orejudo"
"Pycnonotus xanthorrhous","Brown-breasted Bulbul","Bulbul pechipardo"
"Pycnonotus sinensis","Light-vented Bulbul","Bulbul chino"
"Pycnonotus taivanus","Styan's Bulbul","Bulbul de Taiwan"
"Pycnonotus jocosus","Red-whiskered Bulbul","Bulbul orfeo"
"Pycnonotus goiavier","Yellow-vented Bulbul","Bulbul culiamarillo"
"Pycnonotus cafer","Red-vented Bulbul","Bulbul cafre"
"Pycnonotus aurigaster","Sooty-headed Bulbul","Bulbul ventridorado"
"Pycnonotus leucotis","White-eared Bulbul","Bulbul orejiblanco"
"Pycnonotus leucogenys","Himalayan Bulbul","Bulbul cariblanco"
"Pycnonotus xanthopygos","White-spectacled Bulbul","Bulbul árabe"
"Pycnonotus nigricans","African Red-eyed Bulbul","Bulbul encapuchado"
"Pycnonotus barbatus","Common Bulbul","Bulbul naranjero"
"Pycnonotus capensis","Cape Bulbul","Bulbul de El Cabo"
"Pseudochelidon eurystomina","African River Martin","Avión ribereño africano"
"Pseudochelidon sirintarae","White-eyed River Martin","Avión ribereño asiático"
"Psalidoprocne nitens","Square-tailed Saw-wing","Golondrina colicuadrada"
"Psalidoprocne albiceps","White-headed Saw-wing","Golondrina cabeciblanca"
"Psalidoprocne fuliginosa","Mountain Saw-wing","Golondrina camerunesa"
"Psalidoprocne pristoptera","Black Saw-wing","Golondrina negra"
"Psalidoprocne obscura","Fanti Saw-wing","Golondrina fanti"
"Pseudhirundo griseopyga","Grey-rumped Swallow","Golondrina culigrís"
"Cheramoeca leucosterna","White-backed Swallow","Golondrina dorsiblanca"
"Phedina borbonica","Mascarene Martin","Golondrina de las Mascareñas"
"Neophedina cincta","Banded Martin","Avión cinchado"
"Phedinopsis brazzae","Brazza's Martin","Golondrina del Congo"
"Riparia paludicola","Brown-throated Martin","Avión paludícola africano"
"Riparia cowani","Madagascar Martin","Avión paludícola malgache"
"Riparia chinensis","Grey-throated Martin","Avión paludícola asiático"
"Riparia congica","Congo Martin","Avión del Congo"
"Riparia riparia","Sand Martin","Avión zapador"
"Riparia diluta","Pale Martin","Avión pálido"
"Tachycineta bicolor","Tree Swallow","Golondrina bicolor"
"Tachycineta leucorrhoa","White-rumped Swallow","Golondrina cejiblanca"
"Tachycineta leucopyga","Chilean Swallow","Golondrina chilena"
"Tachycineta stolzmanni","Tumbes Swallow","Golondrina de Tumbes"
"Tachycineta albilinea","Mangrove Swallow","Golondrina de manglar"
"Tachycineta albiventer","White-winged Swallow","Golondrina aliblanca"
"Tachycineta euchrysea","Golden Swallow","Golondrina dorada"
"Tachycineta cyaneoviridis","Bahama Swallow","Golondrina de las Bahamas"
"Tachycineta thalassina","Violet-green Swallow","Golondrina verdemar"
"Progne tapera","Brown-chested Martin","Golondrina parda"
"Progne murphyi","Peruvian Martin","Golondrina peruana"
"Progne modesta","Galapagos Martin","Golondrina de Galápagos"
"Progne subis","Purple Martin","Golondrina purpúrea"
"Progne elegans","Southern Martin","Golondrina sureña"
"Progne chalybea","Grey-breasted Martin","Golondrina pechigrís"
"Progne sinaloae","Sinaloa Martin","Golondrina sinaloense"
"Progne cryptoleuca","Cuban Martin","Golondrina cubana"
"Progne dominicensis","Caribbean Martin","Golondrina caribeña"
"Stelgidopteryx serripennis","Northern Rough-winged Swallow","Golondrina aserrada norteña"
"Stelgidopteryx ruficollis","Southern Rough-winged Swallow","Golondrina gorjirrufa"
"Atticora fasciata","White-banded Swallow","Golondrina fajiblanca"
"Atticora pileata","Black-capped Swallow","Golondrina cabecinegra"
"Atticora tibialis","White-thighed Swallow","Golondrina patiblanca"
"Pygochelidon cyanoleuca","Blue-and-white Swallow","Golondrina barranquera"
"Pygochelidon melanoleuca","Black-collared Swallow","Golondrina acollarada"
"Alopochelidon fucata","Tawny-headed Swallow","Golondrina cabecicastaña"
"Orochelidon flavipes","Pale-footed Swallow","Golondrina paticlara"
"Orochelidon murina","Brown-bellied Swallow","Golondrina ventriparda"
"Orochelidon andecola","Andean Swallow","Golondrina andina"
"Ptyonoprogne rupestris","Eurasian Crag Martin","Avión roquero"
"Ptyonoprogne obsoleta","Pale Crag Martin","Avión isabel norteño"
"Ptyonoprogne rufigula","Red-throated Rock Martin","Avión rojizo"
"Ptyonoprogne fuligula","Large Rock Martin","Avión isabel meridional"
"Ptyonoprogne concolor","Dusky Crag Martin","Avión oscuro"
"Hirundo atrocaerulea","Blue Swallow","Golondrina azul"
"Hirundo nigrorufa","Black-and-rufous Swallow","Golondrina rojinegra"
"Hirundo dimidiata","Pearl-breasted Swallow","Golondrina perlada"
"Hirundo domicola","Hill Swallow","Golondrina de Cabaña"
"Hirundo javanica","Pacific Swallow","Golondrina del Pacífico"
"Hirundo tahitica","Tahiti Swallow","Golondrina de Tahití"
"Hirundo leucosoma","Pied-winged Swallow","Golondrina alipinta"
"Hirundo megaensis","White-tailed Swallow","Golondrina coliblanca"
"Hirundo neoxena","Welcome Swallow","Golondrina australiana"
"Hirundo rustica","Barn Swallow","Golondrina común"
"Hirundo lucida","Red-chested Swallow","Golondrina guineana"
"Hirundo aethiopica","Ethiopian Swallow","Golondrina etiópica"
"Hirundo angolensis","Angola Swallow","Golondrina angoleña"
"Hirundo nigrita","White-bibbed Swallow","Golondrina negrita"
"Hirundo albigularis","White-throated Swallow","Golondrina gorjiblanca"
"Hirundo smithii","Wire-tailed Swallow","Golondrina colilarga"
"Atronanus fuliginosus","Forest Swallow","Golondrina selvática"
"Delichon urbicum","Western House Martin","Avión común occidental"
"Delichon lagopodum","Siberian House Martin","Avión común oriental"
"Delichon dasypus","Asian House Martin","Avión asiático"
"Delichon nipalense","Nepal House Martin","Avión nepalí"
"Cecropis cucullata","Greater Striped Swallow","Golondrina cabecirrufa"
"Cecropis rufula","European Red-rumped Swallow",NA
"Cecropis daurica","Eastern Red-rumped Swallow","Golondrina dáurica"
"Cecropis melanocrissus","African Red-rumped Swallow",NA
"Cecropis hyperythra","Sri Lanka Swallow","Golondrina de Sri Lanka"
"Cecropis badia","Rufous-bellied Swallow","Golondrina Ventrirrufa"
"Cecropis abyssinica","Lesser Striped Swallow","Golondrina abisinia"
"Cecropis semirufa","Red-breasted Swallow","Golondrina pechirrufa"
"Cecropis senegalensis","Mosque Swallow","Golondrina senegalesa"
"Petrochelidon rufigula","Red-throated Cliff Swallow","Golondrina gorjirroja"
"Petrochelidon preussi","Preuss's Cliff Swallow","Golondrina de Preuss"
"Petrochelidon perdita","Red Sea Cliff Swallow","Golondrina del Mar Rojo"
"Petrochelidon spilodera","South African Cliff Swallow","Golondrina sudafricana"
"Petrochelidon fluvicola","Streak-throated Swallow","Golondrina india"
"Petrochelidon ariel","Fairy Martin","Golondrina ariel"
"Petrochelidon nigricans","Tree Martin","Golondrina arborícola"
"Petrochelidon pyrrhonota","American Cliff Swallow","Golondrina risquera"
"Petrochelidon fulva","Cave Swallow","Golondrina pueblera"
"Petrochelidon rufocollaris","Chestnut-collared Swallow","Golondrina cuellirrufa"
"Pnoepyga albiventer","Scaly-breasted Cupwing","Ratina ventriblanca"
"Pnoepyga formosana","Taiwan Cupwing","Ratina de Formosa"
"Pnoepyga immaculata","Nepal Cupwing","Ratina inmaculada"
"Pnoepyga pusilla","Pygmy Cupwing","Ratina pigmea"
"Melocichla mentalis","Moustached Grass Warbler","Yerbera bigotuda"
"Sphenoeacus afer","Cape Grassbird","Yerbera de El Cabo"
"Achaetops pycnopygius","Rockrunner","Saltarrocas de Damara"
"Macrosphenus flavicans","Yellow Longbill","Picolargo amarillo"
"Macrosphenus kempi","Kemp's Longbill","Picolargo de Kemp"
"Macrosphenus concolor","Grey Longbill","Picolargo gris"
"Macrosphenus pulitzeri","Pulitzer's Longbill","Picolargo de Pulitzer"
"Macrosphenus kretschmeri","Kretschmer's Longbill","Picolargo de Kretschmer"
"Sylvietta brachyura","Northern Crombec","Crombec norteño"
"Sylvietta whytii","Red-faced Crombec","Crombec carirrojo"
"Sylvietta philippae","Philippa's Crombec","Crombec piquicorto"
"Sylvietta rufescens","Long-billed Crombec","Crombec piquilargo"
"Sylvietta isabellina","Somali Crombec","Crombec isabelino"
"Sylvietta ruficapilla","Red-capped Crombec","Crombec orejirrufo"
"Sylvietta virens","Green Crombec","Crombec verde"
"Sylvietta denti","Lemon-bellied Crombec","Crombec ventrilimón"
"Sylvietta leucophrys","White-browed Crombec","Crombec cejiblanco"
"Cryptillas victorini","Victorin's Warbler","Zarzalero de Victorin"
"Abroscopus superciliaris","Yellow-bellied Warbler","Mosquitero cejiblanco"
"Abroscopus albogularis","Rufous-faced Warbler","Mosquitero carirrufo"
"Abroscopus schisticeps","Black-faced Warbler","Mosquitero carinegro"
"Phyllergates cucullatus","Mountain Tailorbird","Sastrecillo montano"
"Phyllergates heterolaemus","Rufous-headed Tailorbird","Sastrecillo encapuchado"
"Tickellia hodgsoni","Broad-billed Warbler","Mosquitero picoancho"
"Horornis seebohmi","Philippine Bush Warbler","Cetia filipina"
"Horornis diphone","Japanese Bush Warbler","Cetia japonesa"
"Horornis canturians","Manchurian Bush Warbler","Cetia coreana"
"Horornis annae","Palau Bush Warbler","Cetia de Palaos"
"Horornis carolinae","Tanimbar Bush Warbler","Cetia de las Tanimbar"
"Horornis parens","Shade Bush Warbler","Cetia de San Cristóbal"
"Horornis haddeni","Bougainville Bush Warbler","Cetia odedi"
"Horornis ruficapilla","Fiji Bush Warbler","Cetia de Fiyi"
"Horornis fortipes","Brown-flanked Bush Warbler","Cetia montana"
"Horornis brunnescens","Hume's Bush Warbler","Cetia del Himalaya"
"Horornis acanthizoides","Yellow-bellied Bush Warbler","Cetia ventrigulada"
"Horornis flavolivaceus","Aberrant Bush Warbler","Cetia verdiamarilla"
"Tesia cyaniventer","Grey-bellied Tesia","Tesia cejiamarilla"
"Tesia olivea","Slaty-bellied Tesia","Tesia pizarrosa"
"Tesia everetti","Russet-capped Tesia","Tesia de Everett"
"Tesia superciliaris","Javan Tesia","Tesia de Java"
"Cettia cetti","Cetti's Warbler","Cetia ruiseñor"
"Cettia major","Chestnut-crowned Bush Warbler","Cetia grande"
"Cettia brunnifrons","Grey-sided Bush Warbler","Cetia capirotada"
"Cettia castaneocoronata","Chestnut-headed Tesia","Cetia cabecicastaña"
"Urosphena squameiceps","Asian Stubtail","Buscarla colicorta asiática"
"Urosphena whiteheadi","Bornean Stubtail","Buscarla colicorta de Borneo"
"Urosphena subulata","Timor Stubtail","Buscarla colicorta de Timor"
"Hemitesia pallidipes","Pale-footed Bush Warbler","Tesia paticlara"
"Hemitesia neumanni","Neumann's Warbler","Tesia de Neumann"
"Scotocerca inquieta","Streaked Scrub Warbler","Prinia desértica"
"Erythrocercus holochlorus","Little Yellow Flycatcher","Monarca amarillo"
"Erythrocercus mccallii","Chestnut-capped Flycatcher","Monarca capirrufo"
"Erythrocercus livingstonei","Livingstone's Flycatcher","Monarca de Livingstone"
"Hylia prasina","Green Hylia","Hilia verde"
"Pholidornis rushiae","Tit Hylia","Hilia estriada"
"Leptopoecile sophiae","White-browed Tit-warbler","Carbonerito de Sophie"
"Leptopoecile elegans","Crested Tit-warbler","Carbonerito elegante"
"Psaltriparus minimus","American Bushtit","Mito sastrecillo"
"Aegithalos caudatus","Long-tailed Tit","Mito común"
"Aegithalos glaucogularis","Silver-throated Bushtit","Mito gorjigrís"
"Aegithalos leucogenys","White-cheeked Bushtit","Mito cariblanco"
"Aegithalos exilis","Pygmy Bushtit","Mito pigmeo"
"Aegithalos concinnus","Black-throated Bushtit","Mito gorjinegro común"
"Aegithalos niveogularis","White-throated Bushtit","Mito gorjiblanco"
"Aegithalos iouschistos","Rufous-fronted Bushtit","Mito frentirrufo"
"Aegithalos bonvaloti","Black-browed Bushtit","Mito cejinegro"
"Aegithalos fuliginosus","Sooty Bushtit","Mito cuelliblanco"
"Phylloscopus sibilatrix","Wood Warbler","Mosquitero silbador"
"Phylloscopus bonelli","Western Bonelli's Warbler","Mosquitero papialbo"
"Phylloscopus orientalis","Eastern Bonelli's Warbler","Mosquitero oriental"
"Phylloscopus pulcher","Buff-barred Warbler","Mosquitero elegante"
"Phylloscopus maculipennis","Ashy-throated Warbler","Mosquitero gorjigrís"
"Phylloscopus humei","Hume's Leaf Warbler","Mosquitero de Hume"
"Phylloscopus inornatus","Yellow-browed Warbler","Mosquitero bilistado"
"Phylloscopus subviridis","Brooks's Leaf Warbler","Mosquitero de Brooks"
"Phylloscopus yunnanensis","Chinese Leaf Warbler","Mosquitero de Yunnan"
"Phylloscopus chloronotus","Lemon-rumped Warbler","Mosquitero dorsiclaro"
"Phylloscopus forresti","Sichuan Leaf Warbler","Mosquitero de Sichuan"
"Phylloscopus kansuensis","Gansu Leaf Warbler","Mosquitero de Gansu"
"Phylloscopus proregulus","Pallas's Leaf Warbler","Mosquitero de Pallas"
"Phylloscopus tytleri","Tytler's Leaf Warbler","Mosquitero de Tytler"
"Phylloscopus armandii","Yellow-streaked Warbler","Mosquitero de David"
"Phylloscopus schwarzi","Radde's Warbler","Mosquitero de Schwarz"
"Phylloscopus griseolus","Sulphur-bellied Warbler","Mosquitero del Pamir"
"Phylloscopus affinis","Tickell's Leaf Warbler","Mosquitero de Tickell"
"Phylloscopus fuligiventer","Smoky Warbler","Mosquitero ahumado"
"Phylloscopus fuscatus","Dusky Warbler","Mosquitero sombrío"
"Phylloscopus neglectus","Plain Leaf Warbler","Mosquitero sencillo"
"Phylloscopus subaffinis","Buff-throated Warbler","Mosquitero gorjiclaro"
"Phylloscopus trochilus","Willow Warbler","Mosquitero musical"
"Phylloscopus sindianus","Mountain Chiffchaff","Mosquitero montano"
"Phylloscopus canariensis","Canary Islands Chiffchaff","Mosquitero canario"
"Phylloscopus collybita","Common Chiffchaff","Mosquitero común"
"Phylloscopus ibericus","Iberian Chiffchaff","Mosquitero ibérico"
"Phylloscopus coronatus","Eastern Crowned Warbler","Mosquitero coronado"
"Phylloscopus ijimae","Ijima's Leaf Warbler","Mosquitero de Ijima"
"Phylloscopus olivaceus","Philippine Leaf Warbler","Mosquitero de Mindanao"
"Phylloscopus cebuensis","Lemon-throated Leaf Warbler","Mosquitero de Luzón"
"Phylloscopus ruficapilla","Yellow-throated Woodland Warbler","Mosquitero gorjigualdo"
"Phylloscopus umbrovirens","Brown Woodland Warbler","Mosquitero oscuro"
"Phylloscopus laetus","Red-faced Woodland Warbler","Mosquitero carirrojo"
"Phylloscopus laurae","Laura's Woodland Warbler","Mosquitero de Laura"
"Phylloscopus herberti","Black-capped Woodland Warbler","Mosquitero capirotado"
"Phylloscopus budongoensis","Uganda Woodland Warbler","Mosquitero ugandés"
"Phylloscopus intermedius","White-spectacled Warbler","Mosquitero de anteojos"
"Phylloscopus poliogenys","Grey-cheeked Warbler","Mosquitero carigrís"
"Phylloscopus burkii","Green-crowned Warbler","Mosquitero de Burke"
"Phylloscopus tephrocephalus","Grey-crowned Warbler","Mosquitero coronigrís"
"Phylloscopus whistleri","Whistler's Warbler","Mosquitero de Whistler"
"Phylloscopus valentini","Bianchi's Warbler","Mosquitero de Bianchi"
"Phylloscopus soror","Alström's Warbler","Mosquitero soror"
"Phylloscopus omeiensis","Martens's Warbler","Mosquitero de Martens"
"Phylloscopus nitidus","Green Warbler","Mosquitero del Cáucaso"
"Phylloscopus plumbeitarsus","Two-barred Warbler","Mosquitero patigrís"
"Phylloscopus trochiloides","Greenish Warbler","Mosquitero verdoso"
"Phylloscopus emeiensis","Emei Leaf Warbler","Mosquitero del Emei"
"Phylloscopus magnirostris","Large-billed Leaf Warbler","Mosquitero picudo"
"Phylloscopus borealoides","Sakhalin Leaf Warbler","Mosquitero borealoide"
"Phylloscopus tenellipes","Pale-legged Leaf Warbler","Mosquitero paticlaro"
"Phylloscopus xanthodryas","Japanese Leaf Warbler","Mosquitero japonés"
"Phylloscopus examinandus","Kamchatka Leaf Warbler","Mosquitero de Kamchatka"
"Phylloscopus borealis","Arctic Warbler","Mosquitero boreal"
"Phylloscopus castaniceps","Chestnut-crowned Warbler","Mosquitero coronicastaño"
"Phylloscopus grammiceps","Sunda Warbler","Mosquitero de Java"
"Phylloscopus montis","Yellow-breasted Warbler","Mosquitero pechiamarillo"
"Phylloscopus calciatilis","Limestone Leaf Warbler","Mosquitero roquero"
"Phylloscopus ricketti","Sulphur-breasted Warbler","Mosquitero de Rickett"
"Phylloscopus cantator","Yellow-vented Warbler","Mosquitero cantor"
"Phylloscopus occipitalis","Western Crowned Warbler","Mosquitero occipital"
"Phylloscopus reguloides","Blyth's Leaf Warbler","Mosquitero de Blyth"
"Phylloscopus claudiae","Claudia's Leaf Warbler","Mosquitero de Claudia"
"Phylloscopus goodsoni","Hartert's Leaf Warbler","Mosquitero de Hartert"
"Phylloscopus ogilviegranti","Kloss's Leaf Warbler","Mosquitero de Ogilvie Grant"
"Phylloscopus hainanus","Hainan Leaf Warbler","Mosquitero de Hainan"
"Phylloscopus intensior","Davison's Leaf Warbler","Mosquitero de Davison"
"Phylloscopus xanthoschistos","Grey-hooded Warbler","Mosquitero cabecigrís"
"Phylloscopus trivirgatus","Mountain Leaf Warbler","Mosquitero tribandeado"
"Phylloscopus nigrorum","Negros Leaf Warbler",NA
"Phylloscopus floresianus","Flores Leaf Warbler",NA
"Phylloscopus presbytes","Timor Leaf Warbler","Mosquitero de Timor"
"Phylloscopus rotiensis","Rote Leaf Warbler","Mosquitero de Roti"
"Phylloscopus makirensis","Makira Leaf Warbler","Mosquitero de San Cristóbal"
"Phylloscopus nesophilus","Sulawesi Leaf Warbler",NA
"Phylloscopus sarasinorum","Lompobattang Leaf Warbler","Mosquitero de Célebes"
"Phylloscopus amoenus","Kolombangara Leaf Warbler","Mosquitero de Kulambangra"
"Phylloscopus poliocephalus","Island Leaf Warbler","Mosquitero isleño"
"Phylloscopus maforensis","Numfor Leaf Warbler","Mosquitero de Numfor"
"Phylloscopus misoriensis","Biak Leaf Warbler","Mosquitero de Biak"
"Graueria vittata","Grauer's Warbler","Mosquitero barrado"
"Nesillas typica","Malagasy Brush Warbler","Zarzalero malgache"
"Nesillas lantzii","Subdesert Brush Warbler","Zarzalero de Lantz"
"Nesillas longicaudata","Anjouan Brush Warbler","Zarzalero de Anjou"
"Nesillas brevicaudata","Grande Comore Brush Warbler","Zarzalero de Gran Comora"
"Nesillas mariae","Moheli Brush Warbler","Zarzalero de la Mohéli"
"Nesillas aldabrana","Aldabra Brush Warbler","Zarzalero de Aldabra"
"Acrocephalus griseldis","Basra Reed Warbler","Carricero de Basora"
"Acrocephalus brevipennis","Cape Verde Warbler","Carricero de Cabo Verde"
"Acrocephalus rufescens","Greater Swamp Warbler","Carricero rufo"
"Acrocephalus gracilirostris","Lesser Swamp Warbler","Carricero picofino"
"Acrocephalus newtoni","Madagascar Swamp Warbler","Carricero malgache"
"Acrocephalus sechellensis","Seychelles Warbler","Carricero de Seychelles"
"Acrocephalus rodericanus","Rodrigues Warbler","Carricero de Rodrigues"
"Acrocephalus arundinaceus","Great Reed Warbler","Carricero tordal"
"Acrocephalus orientalis","Oriental Reed Warbler","Carricero oriental"
"Acrocephalus stentoreus","Clamorous Reed Warbler","Carricero estentóreo"
"Acrocephalus australis","Australian Reed Warbler","Carricero australiano"
"Acrocephalus familiaris","Millerbird","Carricero familiar"
"Acrocephalus luscinius","Nightingale Reed Warbler","Carricero de Guam"
"Acrocephalus hiwae","Saipan Reed Warbler","Carricero de Saipán"
"Acrocephalus nijoi","Aguiguan Reed Warbler","Carricero de Aguijan"
"Acrocephalus yamashinae","Pagan Reed Warbler","Carricero de Pagán"
"Acrocephalus astrolabii","Mangareva Reed Warbler","Carricero de Mangareva"
"Acrocephalus rehsei","Nauru Reed Warbler","Carricero de Nauru"
"Acrocephalus syrinx","Caroline Reed Warbler","Carricero de las Carolinas"
"Acrocephalus aequinoctialis","Bokikokiko","Carricero de Kiritimati"
"Acrocephalus percernis","Northern Marquesan Reed Warbler","Carricero de las Marquesas septentrional"
"Acrocephalus caffer","Tahiti Reed Warbler","Carricero de Tahití"
"Acrocephalus longirostris","Moorea Reed Warbler","Carricero de Moorea"
"Acrocephalus musae","Garrett's Reed Warbler","Carricero de Forster"
"Acrocephalus mendanae","Southern Marquesan Reed Warbler","Carricero de las Marquesas meridional"
"Acrocephalus atyphus","Tuamotu Reed Warbler","Carricero de Tuamotú"
"Acrocephalus kerearako","Cook Reed Warbler","Carricero de las Cook"
"Acrocephalus rimitarae","Rimatara Reed Warbler","Carricero de Rimatara"
"Acrocephalus taiti","Henderson Reed Warbler","Carricero de la Henderson"
"Acrocephalus vaughani","Pitcairn Reed Warbler","Carricero de la Pitcairn"
"Acrocephalus bistrigiceps","Black-browed Reed Warbler","Carricerín cejinegro"
"Acrocephalus melanopogon","Moustached Warbler","Carricerín real"
"Acrocephalus paludicola","Aquatic Warbler","Carricerín cejudo"
"Acrocephalus schoenobaenus","Sedge Warbler","Carricerín común"
"Acrocephalus sorghophilus","Speckled Reed Warbler","Carricerín estriado"
"Acrocephalus concinens","Blunt-winged Warbler","Carricero de Swinhoe"
"Acrocephalus tangorum","Manchurian Reed Warbler","Carricerín manchú"
"Acrocephalus orinus","Large-billed Reed Warbler","Carricero picudo"
"Acrocephalus agricola","Paddyfield Warbler","Carricero agrícola"
"Acrocephalus dumetorum","Blyth's Reed Warbler","Carricero de Blyth"
"Acrocephalus scirpaceus","Common Reed Warbler","Carricero común"
"Acrocephalus palustris","Marsh Warbler","Carricero políglota"
"Arundinax aedon","Thick-billed Warbler","Carricero picogordo"
"Iduna natalensis","African Yellow Warbler","Zarcero de Natal"
"Iduna similis","Mountain Yellow Warbler","Zarcero montano"
"Iduna caligata","Booted Warbler","Zarcero escita"
"Iduna rama","Sykes's Warbler","Zarcero de Sykes"
"Iduna pallida","Eastern Olivaceous Warbler","Zarcero pálido"
"Iduna opaca","Western Olivaceous Warbler","Zarcero bereber"
"Calamonastides gracilirostris","Papyrus Yellow Warbler","Zarcero picofino"
"Hippolais languida","Upcher's Warbler","Zarcero lánguido"
"Hippolais olivetorum","Olive-tree Warbler","Zarcero grande"
"Hippolais polyglotta","Melodious Warbler","Zarcero políglota"
"Hippolais icterina","Icterine Warbler","Zarcero icterino"
"Robsonius rabori","Cordillera Ground Warbler","Ratina de Rabor"
"Robsonius thompsoni","Sierra Madre Ground Warbler","Ratina de Sierra Madre"
"Robsonius sorsogonensis","Bicol Ground Warbler","Ratina de Rand"
"Helopsaltes fasciolatus","Gray's Grasshopper Warbler","Buscarla de Gray"
"Helopsaltes amnicola","Sakhalin Grasshopper Warbler","Buscarla de Sajalín"
"Helopsaltes pryeri","Marsh Grassbird","Yerbera japonesa"
"Helopsaltes certhiola","Pallas's Grasshopper Warbler","Buscarla de Pallas"
"Helopsaltes ochotensis","Middendorff's Grasshopper Warbler","Buscarla de Middendorff"
"Helopsaltes pleskei","Styan's Grasshopper Warbler","Buscarla de Pleske"
"Locustella lanceolata","Lanceolated Warbler","Buscarla lanceolada"
"Locustella alfredi","Bamboo Warbler","Zarzalero del bambú"
"Locustella fluviatilis","River Warbler","Buscarla fluvial"
"Locustella luscinioides","Savi's Warbler","Buscarla unicolor"
"Locustella major","Long-billed Bush Warbler","Zarzalero piquilargo"
"Locustella luteoventris","Brown Bush Warbler","Zarzalero pardo"
"Locustella naevia","Common Grasshopper Warbler","Buscarla pintoja"
"Locustella tacsanowskia","Chinese Bush Warbler","Zarzalero de Taczanowski"
"Locustella accentor","Friendly Bush Warbler","Zarzalero del Kinabalu"
"Locustella caudata","Long-tailed Bush Warbler","Zarzalero colilargo"
"Locustella castanea","Sulawesi Bush Warbler","Zarzalero castaño"
"Locustella musculus","Seram Bush Warbler","Zarzalero de Seram"
"Locustella portenta","Taliabu Bush Warbler","Zarzalero de Taliabu"
"Locustella disturbans","Buru Bush Warbler","Zarzalero de Buru"
"Locustella davidi","Baikal Bush Warbler","Zarzalero de David"
"Locustella kashmirensis","West Himalayan Bush Warbler","Zarzalero de Cachemira"
"Locustella thoracica","Spotted Bush Warbler","Zarzalero moteado"
"Locustella alishanensis","Taiwan Bush Warbler","Zarzalero de Formosa"
"Locustella mandelli","Russet Bush Warbler","Zarzalero de Mandelli"
"Locustella idonea","Dalat Bush Warbler","Zarzalero de Dà Lat"
"Locustella montis","Javan Bush Warbler","Zarzalero de Java"
"Locustella chengi","Sichuan Bush Warbler","Zarzalero de Sichuan"
"Locustella seebohmi","Benguet Bush Warbler","Zarzalero de Seebohm"
"Poodytes albolimbatus","Fly River Grassbird","Yerbera del Fly"
"Poodytes carteri","Spinifexbird","Yerbera del spinifex"
"Poodytes rufescens","Chatham Islands Fernbird","Zarzalero de las Chatham"
"Poodytes punctatus","New Zealand Fernbird","Yerbera maorí"
"Poodytes gramineus","Little Grassbird","Yerbera chica"
"Malia grata","Malia","Timalí malia"
"Cincloramphus cruralis","Brown Songlark","Yerbera parda"
"Cincloramphus rubiginosus","Rusty Thicketbird","Yerbera herrumbrosa"
"Cincloramphus grosvenori","New Britain Thicketbird","Yerbera de Nueva Bretaña"
"Cincloramphus bivittatus","Buff-banded Thicketbird","Yerbera de Timor"
"Cincloramphus mathewsi","Rufous Songlark","Yerbera de Mathews"
"Cincloramphus macrurus","Papuan Grassbird","Yerbera papú"
"Cincloramphus timoriensis","Tawny Grassbird","Yerbera leonada"
"Cincloramphus turipavae","Guadalcanal Thicketbird","Yerbera de Guadalcanal"
"Cincloramphus whitneyi","Santo Thicketbird","Yerbera de Espíritu Santo"
"Cincloramphus mariae","New Caledonian Thicketbird","Yerbera de Nueva Caledonia"
"Cincloramphus rufus","Long-legged Thicketbird","Yerbera de Fiyi"
"Cincloramphus llaneae","Bougainville Thicketbird","Yerbera de Bougainville"
"Elaphrornis palliseri","Sri Lanka Bush Warbler","Zarzalero de Ceilán"
"Schoenicola platyurus","Broad-tailed Grassbird","Yerbera coliancha"
"Schoenicola striatus","Bristled Grassbird","Yerbera estriada"
"Catriscus brevirostris","Fan-tailed Grassbird","Yerbera de abanico"
"Megalurus palustris","Striated Grassbird","Yerbera palustre"
"Bradypterus sylvaticus","Knysna Warbler","Zarzalero del Knysna"
"Bradypterus bangwaensis","Bangwa Forest Warbler","Zarzalero del Bangwa"
"Bradypterus barratti","Barratt's Warbler","Zarzalero de Barratt"
"Bradypterus lopezi","Evergreen Forest Warbler","Zarzalero de Lopes"
"Bradypterus cinnamomeus","Cinnamon Bracken Warbler","Zarzalero canela"
"Bradypterus seebohmi","Grey Emutail","Yerbera malgache"
"Bradypterus brunneus","Brown Emutail","Yerbera colilarga"
"Bradypterus grandis","Dja River Scrub Warbler","Zarzalero grande"
"Bradypterus baboecala","Little Rush Warbler","Zarzalero charlatán"
"Bradypterus carpalis","White-winged Swamp Warbler","Zarzalero aliblanco"
"Bradypterus graueri","Grauer's Swamp Warbler","Zarzalero de Grauer"
"Bradypterus centralis","Highland Rush Warbler","Zarzalero montano"
"Donacobius atricapilla","Black-capped Donacobius","Angú"
"Oxylabes madagascariensis","White-throated Oxylabes","Silvícola sirontsirona"
"Bernieria madagascariensis","Long-billed Bernieria","Tetraka piquilargo"
"Cryptosylvicola randrianasoloi","Cryptic Warbler","Silvícola críptico"
"Hartertula flavoviridis","Wedge-tailed Jery","Jiji colicuña"
"Thamnornis chloropetoides","Thamnornis","Zarzalero kiritika"
"Xanthomixis zosterops","Spectacled Tetraka","Tetraka piquicorto"
"Xanthomixis apperti","Appert's Tetraka","Tetraka de Appert"
"Xanthomixis cinereiceps","Grey-crowned Tetraka","Tetraka coronigrís"
"Crossleyia xanthophrys","Madagascar Yellowbrow","Silvícola foditany"
"Crossleyia tenebrosa","Dusky Tetraka","Tetraka oscuro"
"Randia pseudozosterops","Rand's Warbler","Randia malgache"
"Neomixis tenella","Common Jery","Jiji común"
"Neomixis viridis","Green Jery","Jiji verde"
"Neomixis striatigula","Stripe-throated Jery","Jiji goliestriado"
"Cisticola erythrops","Red-faced Cisticola","Cistícola carirrojo"
"Cisticola cantans","Singing Cisticola","Cistícola cantor"
"Cisticola lateralis","Whistling Cisticola","Cistícola silbador"
"Cisticola woosnami","Trilling Cisticola","Cistícola de Woosnam"
"Cisticola anonymus","Chattering Cisticola","Cistícola charlatán"
"Cisticola bulliens","Bubbling Cisticola","Cistícola murmurador"
"Cisticola hunteri","Hunter's Cisticola","Cistícola de Hunter"
"Cisticola chubbi","Chubb's Cisticola","Cistícola de Chubb"
"Cisticola bakerorum","Kilombero Cisticola","Cisticola Kilombero"
"Cisticola nigriloris","Black-lored Cisticola","Cistícola enmascarado"
"Cisticola aberrans","Rock-loving Cisticola","Cistícola perezoso"
"Cisticola bailunduensis","Huambo Cisticola","Cistícola de Huambo"
"Cisticola chiniana","Rattling Cisticola","Cistícola cascabel"
"Cisticola bodessa","Boran Cisticola","Cistícola borana"
"Cisticola njombe","Churring Cisticola","Cistícola de Njombé"
"Cisticola cinereolus","Ashy Cisticola","Cistícola ceniciento"
"Cisticola restrictus","Tana River Cisticola","Cistícola del Tana"
"Cisticola rufilatus","Tinkling Cisticola","Cistícola gris"
"Cisticola subruficapilla","Grey-backed Cisticola","Cistícola dorsigrís"
"Cisticola lais","Wailing Cisticola","Cistícola plañidero"
"Cisticola distinctus","Lynes's Cisticola","Cistícola de Lynes"
"Cisticola galactotes","Rufous-winged Cisticola","Cistícola alirrojo"
"Cisticola marginatus","Winding Cisticola","Cistícola del Nilo"
"Cisticola haematocephalus","Coastal Cisticola","Cistícola costero"
"Cisticola anderseni","White-tailed Cisticola","Cisticola coliblanco"
"Cisticola lugubris","Ethiopian Cisticola","Cistícola lúgubre"
"Cisticola luapula","Luapula Cisticola","Cistícola del Luapula"
"Cisticola pipiens","Chirping Cisticola","Cistícola gorjeador"
"Cisticola carruthersi","Carruthers's Cisticola","Cistícola de Carruthers"
"Cisticola tinniens","Levaillant's Cisticola","Cistícola de Levaillant"
"Cisticola robustus","Stout Cisticola","Cistícola robusto"
"Cisticola aberdare","Aberdare Cisticola","Cistícola de los Aberdare"
"Cisticola natalensis","Croaking Cisticola","Cistícola de Natal"
"Cisticola ruficeps","Red-pate Cisticola","Cistícola cabecirrojo"
"Cisticola guinea","Dorst's Cisticola","Cistícola de Dorst"
"Cisticola nana","Tiny Cisticola","Cistícola enano"
"Cisticola brachypterus","Short-winged Cisticola","Cistícola alicorto"
"Cisticola rufus","Rufous Cisticola","Cistícola rojizo"
"Cisticola troglodytes","Foxy Cisticola","Cistícola zorruno"
"Cisticola fulvicapilla","Neddicky","Cistícola coronirrufo"
"Cisticola angusticauda","Long-tailed Cisticola","Cistícola colifino"
"Cisticola melanurus","Black-tailed Cisticola","Cistícola colinegro"
"Cisticola juncidis","Zitting Cisticola","Cistícola buitrón"
"Cisticola haesitatus","Socotra Cisticola","Cistícola de Socotora"
"Cisticola cherina","Madagascar Cisticola","Cistícola malgache"
"Cisticola aridulus","Desert Cisticola","Cistícola del Kalahari"
"Cisticola textrix","Cloud Cisticola","Cistícola pinc-pinc"
"Cisticola eximius","Black-backed Cisticola","Cistícola dorsinegro"
"Cisticola dambo","Dambo Cisticola","Cistícola dambo"
"Cisticola brunnescens","Pectoral-patch Cisticola","Cistícola pectoral"
"Cisticola cinnamomeus","Pale-crowned Cisticola","Cistícola castaño"
"Cisticola ayresii","Wing-snapping Cisticola","Cistícola de Ayres"
"Cisticola exilis","Golden-headed Cisticola","Cistícola cabecidorado"
"Incana incana","Socotra Warbler","Prinia de Socotora"
"Prinia crinigera","Himalayan Prinia","Prinia del Himalaya"
"Prinia striata","Striped Prinia","Prinia estriada"
"Prinia polychroa","Brown Prinia","Prinia parda"
"Prinia cooki","Burmese Prinia","Prinia de Birmania"
"Prinia rocki","Annam Prinia","Prinia de Langbian"
"Prinia atrogularis","Black-throated Prinia","Prinia gorjinegra"
"Prinia khasiana","Rufous-crowned Prinia","Prinia coronirrufa"
"Prinia superciliaris","Hill Prinia","Prinia montana"
"Prinia cinereocapilla","Grey-crowned Prinia","Prinia coronigrís"
"Prinia buchanani","Rufous-fronted Prinia","Prinia frentirrufa"
"Prinia rufescens","Rufescent Prinia","Prinia rojiza"
"Prinia hodgsonii","Grey-breasted Prinia","Prinia de Hodgson"
"Prinia gracilis","Graceful Prinia","Prinia grácil"
"Prinia lepida","Delicate Prinia","Prinia delicada"
"Prinia sylvatica","Jungle Prinia","Prinia selvática"
"Prinia familiaris","Bar-winged Prinia","Prinia alibarrada"
"Prinia flaviventris","Yellow-bellied Prinia","Prinia ventriamarilla"
"Prinia socialis","Ashy Prinia","Prinia cenicienta"
"Prinia subflava","Tawny-flanked Prinia","Prinia modesta"
"Prinia inornata","Plain Prinia","Prinia sencilla"
"Prinia somalica","Pale Prinia","Prinia somalí"
"Prinia fluviatilis","River Prinia","Prinia fluvial"
"Prinia flavicans","Black-chested Prinia","Prinia pechinegra"
"Prinia maculosa","Karoo Prinia","Prinia del Karoo"
"Prinia hypoxantha","Drakensberg Prinia","Prinia del Drakensberg"
"Prinia molleri","Sao Tome Prinia","Prinia de Santo Tomé"
"Prinia bairdii","Banded Prinia","Prinia barrada"
"Prinia erythroptera","Red-winged Prinia","Prinia alirroja"
"Prinia rufifrons","Red-fronted Prinia","Prinia frentirroja"
"Schistolais leucopogon","White-chinned Prinia","Prinia gorjiblanca"
"Schistolais leontica","Sierra Leone Prinia","Prinia de Sierra Leona"
"Phragmacia substriata","Namaqua Warbler","Prinia namaqua"
"Oreophilais robertsi","Roberts's Warbler","Prinia de Roberts"
"Micromacronus leytensis","Visayan Miniature Babbler","Timalí enano de Visayán"
"Micromacronus sordidus","Mindanao Miniature Babbler","Timalí enano de Mindanao"
"Urolais epichlorus","Green Longtail","Prinia rabilarga"
"Oreolais pulcher","Black-collared Apalis","Apalis cuellinegro"
"Oreolais ruwenzorii","Rwenzori Apalis","Apalis del Ruwenzori"
"Drymocichla incana","Red-winged Grey Warbler","Prinia alicastaña"
"Spiloptila clamans","Cricket Warbler","Prinia charlatana"
"Phyllolais pulchella","Buff-bellied Warbler","Prinia ventripálida"
"Apalis thoracica","Bar-throated Apalis","Apalis acollarado"
"Apalis flavigularis","Yellow-throated Apalis","Apalis gorjigualdo"
"Apalis fuscigularis","Taita Apalis","Apalis de los Taita"
"Apalis lynesi","Namuli Apalis","Apalis de Lynes"
"Apalis ruddi","Rudd's Apalis","Apalis de Rudd"
"Apalis flavocincta","Brown-tailed Apalis","Apalis colipardo"
"Apalis flavida","Yellow-breasted Apalis","Apalis pechigualdo"
"Apalis binotata","Lowland Masked Apalis","Apalis enmascarado"
"Apalis personata","Mountain Masked Apalis","Apalis carinegro"
"Apalis jacksoni","Black-throated Apalis","Apalis gorjinegro"
"Apalis chariessa","White-winged Apalis","Apalis aliblanco"
"Apalis nigriceps","Black-capped Apalis","Apalis capirotado"
"Apalis melanocephala","Black-headed Apalis","Apalis cabecinegro"
"Apalis chirindensis","Chirinda Apalis","Apalis del Chirinda"
"Apalis porphyrolaema","Chestnut-throated Apalis","Apalis gorjicastaño"
"Apalis kaboboensis","Kabobo Apalis","Apalis del Kabobo"
"Apalis chapini","Chapin's Apalis","Apalis de Chapin"
"Apalis sharpii","Sharpe's Apalis","Apalis de Sharpe"
"Apalis rufogularis","Buff-throated Apalis","Apalis gorjirrufo"
"Apalis argentea","Kungwe Apalis","Apalis de Moreau"
"Apalis karamojae","Karamoja Apalis","Apalis de Karamoja"
"Apalis stronachi","Maasai Apalis",NA
"Apalis bamendae","Bamenda Apalis","Apalis de Bamenda"
"Apalis goslingi","Gosling's Apalis","Apalis de Gosling"
"Apalis cinerea","Grey Apalis","Apalis gris"
"Apalis alticola","Brown-headed Apalis","Apalis cabecipardo"
"Malcorus pectoralis","Rufous-eared Warbler","Prinia carirrufa"
"Hypergerus atriceps","Oriole Warbler","Prinia oropéndola"
"Eminia lepida","Grey-capped Warbler","Eminia"
"Camaroptera brevicaudata","Grey-backed Camaroptera",NA
"Camaroptera brachyura","Green-backed Camaroptera","Camaróptera baladora"
"Camaroptera harterti","Hartert's Camaroptera","Camaróptera de Hartert"
"Camaroptera superciliaris","Yellow-browed Camaroptera","Camaróptera cejigualda"
"Camaroptera chloronota","Olive-green Camaroptera","Camaróptera dorsiverde"
"Calamonastes simplex","Grey Wren-Warbler","Camaróptera sencilla"
"Calamonastes undosus","Miombo Wren-Warbler","Camaróptera del miombo"
"Calamonastes stierlingi","Stierling's Wren-Warbler","Camaróptera de Stierling"
"Calamonastes fasciolatus","Barred Wren-Warbler","Camaróptera barrada"
"Euryptila subcinnamomea","Cinnamon-breasted Warbler","Camaróptera canela"
"Bathmocercus cerviniventris","Black-headed Rufous Warbler","Prinia cabecinegra"
"Bathmocercus rufus","Black-faced Rufous Warbler","Prinia carinegra"
"Scepomycter winifredae","Winifred's Warbler","Prinia de Winifred"
"Orthotomus sutorius","Common Tailorbird","Sastrecillo común"
"Orthotomus atrogularis","Dark-necked Tailorbird","Sastrecillo cuellinegro"
"Orthotomus chaktomuk","Cambodian Tailorbird","Sastrecillo de Camboya"
"Orthotomus castaneiceps","Visayan Tailorbird","Sastrecillo cabecicastaño"
"Orthotomus chloronotus","Green-backed Tailorbird","Sastrecillo dorsiverde"
"Orthotomus frontalis","Rufous-fronted Tailorbird","Sastrecillo frentirrufo"
"Orthotomus derbianus","Grey-backed Tailorbird","Sastrecillo de Luzón"
"Orthotomus sericeus","Rufous-tailed Tailorbird","Sastrecillo colirrufo"
"Orthotomus ruficeps","Ashy Tailorbird","Sastrecillo ceniciento"
"Orthotomus sepium","Olive-backed Tailorbird","Sastrecillo de Java"
"Orthotomus cinereiceps","White-eared Tailorbird","Sastrecillo orejiblanco"
"Orthotomus nigriceps","Black-headed Tailorbird","Sastrecillo cabecinegro"
"Orthotomus samarensis","Yellow-breasted Tailorbird","Sastrecillo de Samar"
"Artisornis moreaui","Long-billed Forest Warbler","Sastrecillo de Moreau"
"Artisornis metopias","Red-capped Forest Warbler","Sastrecillo africano"
"Poliolais lopezi","White-tailed Warbler","Camaróptera coliblanca"
"Eremomela icteropygialis","Yellow-bellied Eremomela","Eremomela ventrigualda"
"Eremomela flavicrissalis","Yellow-vented Eremomela","Eremomela culigualda"
"Eremomela pusilla","Senegal Eremomela","Eremomela senegalesa"
"Eremomela canescens","Green-backed Eremomela","Eremomela dorsiverde"
"Eremomela scotops","Green-capped Eremomela","Eremomela coroniverde"
"Eremomela gregalis","Karoo Eremomela","Eremomela del Karoo"
"Eremomela usticollis","Burnt-necked Eremomela","Eremomela cuellirrufa"
"Eremomela badiceps","Rufous-crowned Eremomela","Eremomela capirotada"
"Eremomela turneri","Turner's Eremomela","Eremomela de Turner"
"Eremomela atricollis","Black-necked Eremomela","Eremomela cuellinegra"
"Sylvia atricapilla","Eurasian Blackcap","Curruca capirotada"
"Sylvia borin","Garden Warbler","Curruca mosquitera"
"Sylvia dohrni","Dohrn's Warbler","Curruca de Príncipe"
"Sylvia galinieri","Abyssinian Catbird","Charlatán abisinio"
"Sylvia nigricapillus","Bush Blackcap","Curruca sudafricana"
"Sylvia abyssinica","African Hill Babbler","Curruca abisinia"
"Sylvia atriceps","Rwenzori Hill Babbler","Curruca del Ruwenzori"
"Curruca nisoria","Barred Warbler","Curruca gavilana"
"Curruca layardi","Layard's Warbler","Curruca de Layard"
"Curruca boehmi","Banded Parisoma","Curruca de Böhm"
"Curruca subcoerulea","Chestnut-vented Warbler","Curruca azulada"
"Curruca curruca","Lesser Whitethroat","Curruca zarcerilla"
"Curruca lugens","Brown Parisoma","Curruca parda"
"Curruca buryi","Yemen Warbler","Curruca yemení"
"Curruca leucomelaena","Arabian Warbler","Curruca árabe"
"Curruca hortensis","Western Orphean Warbler","Curruca mirlona occidental"
"Curruca crassirostris","Eastern Orphean Warbler","Curruca mirlona oriental"
"Curruca deserti","African Desert Warbler","Curruca sahariana"
"Curruca nana","Asian Desert Warbler","Curruca enana"
"Curruca deserticola","Tristram's Warbler","Curruca del Atlas"
"Curruca mystacea","Menetries's Warbler","Curruca de Ménétries"
"Curruca ruppeli","Rüppell's Warbler","Curruca de Rüppell"
"Curruca melanothorax","Cyprus Warbler","Curruca chipriota"
"Curruca melanocephala","Sardinian Warbler","Curruca cabecinegra"
"Curruca iberiae","Western Subalpine Warbler","Curruca carrasqueña occidental"
"Curruca subalpina","Moltoni's Warbler","Curruca subalpina"
"Curruca cantillans","Eastern Subalpine Warbler","Curruca carrasqueña oriental"
"Curruca communis","Common Whitethroat","Curruca zarcera"
"Curruca conspicillata","Spectacled Warbler","Curruca tomillera"
"Curruca sarda","Marmora's Warbler","Curruca sarda"
"Curruca undata","Dartford Warbler","Curruca rabilarga"
"Curruca balearica","Balearic Warbler","Curruca balear"
"Myzornis pyrrhoura","Fire-tailed Myzornis","Timalí melero"
"Moupinia poecilotis","Rufous-tailed Babbler","Timalí colirrufo"
"Lioparus chrysotis","Golden-breasted Fulvetta","Fulveta dorada"
"Chrysomma sinense","Yellow-eyed Babbler","Timalí ojigualdo"
"Chrysomma altirostre","Jerdon's Babbler","Timalí de Jerdon"
"Rhopophilus albosuperciliaris","Tarim Babbler","Timalí del Tarim"
"Rhopophilus pekinensis","Beijing Babbler","Timalí pekinés"
"Fulvetta ruficapilla","Spectacled Fulvetta","Fulveta de Verreaux"
"Fulvetta danisi","Indochinese Fulvetta","Fulveta indochina"
"Fulvetta striaticollis","Chinese Fulvetta","Fulveta china"
"Fulvetta vinipectus","White-browed Fulvetta","Fulveta cejiblanca"
"Fulvetta ludlowi","Brown-throated Fulvetta","Fulveta de Ludlow"
"Fulvetta manipurensis","Manipur Fulvetta","Fulveta de Manipur"
"Fulvetta cinereiceps","Grey-hooded Fulvetta","Fulveta encapuchada"
"Fulvetta formosana","Taiwan Fulvetta","Fulveta de Formosa"
"Chamaea fasciata","Wrentit","Camea"
"Paradoxornis heudei","Reed Parrotbill","Picoloro del Yangtsé"
"Paradoxornis flavirostris","Black-breasted Parrotbill","Picoloro pechinegro"
"Paradoxornis guttaticollis","Spot-breasted Parrotbill","Picoloro pechipinto"
"Paradoxornis aemodius","Great Parrotbill","Picoloro grande"
"Paradoxornis unicolor","Brown Parrotbill","Picoloro unicolor"
"Paradoxornis paradoxus","Three-toed Parrotbill","Picoloro tridáctilo"
"Paradoxornis gularis","Grey-headed Parrotbill","Picoloro cabecigrís"
"Paradoxornis margaritae","Black-headed Parrotbill","Picoloro cabecinegro"
"Paradoxornis ruficeps","White-breasted Parrotbill","Picoloro cabecirrufo occidental"
"Paradoxornis bakeri","Rufous-headed Parrotbill","Picoloro cabecirrufo oriental"
"Suthora davidiana","Short-tailed Parrotbill","Picoloro de David"
"Suthora fulvifrons","Fulvous Parrotbill","Picoloro leonado"
"Suthora nipalensis","Black-throated Parrotbill","Picoloro gorjinegro"
"Suthora verreauxi","Golden Parrotbill","Picoloro dorado"
"Suthora atrosuperciliaris","Pale-billed Parrotbill","Picoloro cejinegro"
"Suthora conspicillata","Spectacled Parrotbill","Picoloro de anteojos"
"Suthora zappeyi","Grey-hooded Parrotbill","Picoloro encapuchado"
"Suthora brunnea","Brown-winged Parrotbill","Picoloro alipardo"
"Suthora ricketti","Eye-ringed Parrotbill","Picoloro de Yunnan"
"Suthora webbiana","Vinous-throated Parrotbill","Picoloro de Webb"
"Suthora alphonsiana","Ashy-throated Parrotbill","Picoloro gorjigrís"
"Suthora przewalskii","Przevalski's Parrotbill","Picoloro de Przewalski"
"Parayuhina diademata","White-collared Yuhina","Yuhina diademada"
"Staphida everetti","Chestnut-crested Yuhina","Yuhina de Borneo"
"Staphida castaniceps","Striated Yuhina","Yuhina estriada"
"Staphida torqueola","Indochinese Yuhina","Yuhina indochina"
"Yuhina nigrimenta","Black-chinned Yuhina","Yuhina barbinegra"
"Yuhina brunneiceps","Taiwan Yuhina","Yuhina de Formosa"
"Yuhina flavicollis","Whiskered Yuhina","Yuhina bigotuda"
"Yuhina humilis","Burmese Yuhina","Yuhina birmana"
"Yuhina bakeri","White-naped Yuhina","Yuhina nuquiblanca"
"Yuhina gularis","Stripe-throated Yuhina","Yuhina goliestriada"
"Yuhina occipitalis","Rufous-vented Yuhina","Yuhina ventrirrufa"
"Dasycrotapha speciosa","Flame-templed Babbler","Timalí frentigualdo"
"Dasycrotapha pygmaea","Visayan Pygmy Babbler","Timalí pigmeo"
"Dasycrotapha plateni","Mindanao Pygmy Babbler","Timalí de Mindanao"
"Sterrhoptilus capitalis","Rusty-crowned Babbler","Timalí mitrado"
"Sterrhoptilus dennistouni","Golden-crowned Babbler","Timalí coronidorado"
"Sterrhoptilus affinis","Calabarzon Babbler",NA
"Sterrhoptilus nigrocapitatus","Visayan Babbler","Timalí coroninegro"
"Zosterornis hypogrammicus","Palawan Striped Babbler","Timalí de Palawan"
"Zosterornis striatus","Luzon Striped Babbler","Timalí estriado"
"Zosterornis whiteheadi","Chestnut-faced Babbler","Timalí de Whitehead"
"Zosterornis latistriatus","Panay Striped Babbler","Timalí rayado"
"Zosterornis nigrorum","Negros Striped Babbler","Timalí de Negros"
"Cleptornis marchei","Golden White-eye","Anteojitos dorado"
"Rukia ruki","Teardrop White-eye","Anteojitos de la Truk"
"Rukia longirostra","Long-billed White-eye","Anteojitos piquilargo"
"Megazosterops palauensis","Giant White-eye","Anteojitos de Palaos"
"Heleia javanica","Javan Heleia","Anteojitos de Java"
"Heleia pinaiae","Grey-hooded Heleia","Anteojitos cabecigrís"
"Heleia squamifrons","Pygmy Heleia","Anteojitos pigmeo"
"Heleia goodfellowi","Mindanao Heleia","Anteojitos enmascarado"
"Heleia squamiceps","Sulawesi Heleia","Anteojitos cabecirrayado"
"Heleia superciliaris","Eyebrowed Heleia","Anteojitos cejiamarillo"
"Heleia dohertyi","Crested Heleia","Anteojitos crestado"
"Heleia muelleri","Timor Heleia","Anteojitos de Timor"
"Heleia crassirostris","Thick-billed Heleia","Anteojitos picogordo"
"Heleia wallacei","Yellow-spectacled Heleia","Anteojitos ojigualdo"
"Apalopteron familiare","Bonin White-eye","Anteojitos de las Bonin"
"Tephrozosterops stalkeri","Rufescent Darkeye","Anteojitos bicolor"
"Zosterops ceylonensis","Sri Lanka White-eye","Anteojitos cingalés"
"Zosterops nigrorum","Yellowish White-eye","Anteojitos amarillento"
"Zosterops atricapilla","Black-capped White-eye","Anteojitos capirotado"
"Zosterops abyssinicus","Abyssinian White-eye","Anteojitos abisinio"
"Zosterops flavilateralis","Pale White-eye","Anteojitos keniano"
"Zosterops mbuluensis","Mbulu White-eye","Anteojitos serrano de Mbulu"
"Zosterops erythropleurus","Chestnut-flanked White-eye","Anteojitos flanquirrufo"
"Zosterops simplex","Swinhoe's White-eye",NA
"Zosterops emiliae","Mountain Blackeye","Anteojitos ojinegro"
"Zosterops japonicus","Warbling White-eye","Anteojitos japonés"
"Zosterops palpebrosus","Indian White-eye","Anteojitos oriental"
"Zosterops meyeni","Lowland White-eye","Anteojitos filipino"
"Zosterops semiflavus","Marianne White-eye","Zarzalero de Marianne"
"Zosterops mouroniensis","Karthala White-eye","Anteojitos de Gran Comora"
"Zosterops olivaceus","Reunion Olive White-eye","Anteojitos oliváceo de Reunión"
"Zosterops chloronothos","Mauritius Olive White-eye","Anteojitos oliváceo de Mauricio"
"Zosterops borbonicus","Reunion Grey White-eye","Anteojitos gris de Reunión"
"Zosterops mauritianus","Mauritius Grey White-eye","Anteojitos gris de Mauricio"
"Zosterops melanocephalus","Mount Cameroon Speirops","Anteojitos del Camerún"
"Zosterops stenocricotus","Forest White-eye","Anteojitos forestal"
"Zosterops stuhlmanni","Green White-eye","Anteojitos verde"
"Zosterops eurycricotus","Broad-ringed White-eye","Anteojitos serrano del Kilimanjaro"
"Zosterops brunneus","Fernando Po Speirops","Anteojitos de Fernando Póo"
"Zosterops poliogastrus","Ethiopian White-eye","Anteojitos serrano etíope"
"Zosterops kaffensis","Kafa White-eye","Anteojitos serrano de Kaffa"
"Zosterops kikuyuensis","Kikuyu White-eye","Anteojitos serrano kikuyu"
"Zosterops socotranus","Socotra White-eye","Anteojitos de Socotra"
"Zosterops ficedulinus","Principe White-eye","Anteojitos de Príncipe"
"Zosterops griseovirescens","Annobon White-eye","Anteojitos de Annobón"
"Zosterops feae","Sao Tome White-eye","Anteojitos de Santo Tomé"
"Zosterops lugubris","Black-capped Speirops","Anteojitos lúgubre"
"Zosterops leucophaeus","Principe Speirops","Anteojitos plateado"
"Zosterops silvanus","Taita White-eye","Anteojitos serrano de los Taita"
"Zosterops senegalensis","Northern Yellow White-eye","Anteojitos senegalés"
"Zosterops kasaicus","Angola White-eye",NA
"Zosterops pallidus","Orange River White-eye","Anteojitos del Orange"
"Zosterops winifredae","South Pare White-eye","Anteojitos serrano de las Pare"
"Zosterops virens","Cape White-eye","Anteojitos de El Cabo"
"Zosterops anderssoni","Southern Yellow White-eye","Anteojitos del Zambeze"
"Zosterops vaughani","Pemba White-eye","Anteojitos de Pemba"
"Zosterops modestus","Seychelles White-eye","Anteojitos de Seychelles"
"Zosterops anjuanensis","Anjouan White-eye","Anteojitos de Anjouan"
"Zosterops aldabrensis","Aldabra White-eye","Anteojitos de Aldabra"
"Zosterops kirki","Kirk's White-eye","Anteojitos de Kirk"
"Zosterops comorensis","Moheli White-eye","Anteojitos de Moheli"
"Zosterops mayottensis","Mayotte White-eye","Anteojitos de la Mayotte"
"Zosterops maderaspatanus","Malagasy White-eye","Anteojitos malgache"
"Zosterops meratusensis","Meratus White-eye",NA
"Zosterops chloris","Lemon-bellied White-eye","Anteojitos ventrilimón"
"Zosterops flavissimus","Wakatobi White-eye","Anteojitos de Wakatobi"
"Zosterops atrifrons","Black-crowned White-eye","Anteojitos frentinegro"
"Zosterops nehrkorni","Sangihe White-eye","Anteojitos de la Sangihe"
"Zosterops consobrinorum","Pale-bellied White-eye","Anteojitos ventripálido"
"Zosterops somadikartai","Togian White-eye","Anteojitos de las Togian"
"Zosterops anomalus","Black-ringed White-eye","Anteojitos anómalo"
"Zosterops minor","Green-fronted White-eye","Anteojitos cariverde"
"Zosterops chrysolaemus","Black-fronted White-eye","Anteojitos carinegro"
"Zosterops meeki","Tagula White-eye","Anteojitos goliblanco"
"Zosterops dehaani","Morotai White-eye",NA
"Zosterops atriceps","Cream-throated White-eye","Anteojitos moluqueño"
"Zosterops buruensis","Buru White-eye","Anteojitos de Buru"
"Zosterops stalkeri","Seram White-eye","Anteojitos de Seram"
"Zosterops flavus","Javan White-eye","Anteojitos amarillo"
"Zosterops citrinella","Ashy-bellied White-eye","Anteojitos pálido"
"Zosterops luteus","Canary White-eye","Anteojitos australiano"
"Zosterops lateralis","Silvereye","Anteojitos dorsigrís"
"Zosterops auriventer","Hume's White-eye","Anteojitos de Hume"
"Zosterops melanurus","Sangkar White-eye","Anteojitos Sangkar"
"Zosterops everetti","Everett's White-eye","Anteojitos de Everett"
"Zosterops vellalavella","Vella Lavella White-eye","Anteojitos de Vella Lavella"
"Zosterops sanctaecrucis","Santa Cruz White-eye","Anteojitos de Santa Cruz"
"Zosterops fuscicapilla","Capped White-eye","Anteojitos de las Arfak"
"Zosterops flavifrons","Vanuatu White-eye","Anteojitos frentigualdo"
"Zosterops superciliosus","Bare-eyed White-eye","Anteojitos de Woodford"
"Zosterops lacertosus","Sanford's White-eye","Anteojitos de Sanford"
"Zosterops gibbsi","Vanikoro White-eye","Anteojitos de Vanikoro"
"Zosterops explorator","Fiji White-eye","Anteojitos de Fiyi"
"Zosterops hypoxanthus","Bismarck White-eye","Anteojitos de las Bismarck"
"Zosterops mysorensis","Biak White-eye","Anteojitos de Biak"
"Zosterops hamlini","Bougainville White-eye","Anteojitos de Bougainville"
"Zosterops oblitus","Guadalcanal White-eye",NA
"Zosterops rendovae","Makira White-eye","Anteojitos de San Cristóbal"
"Zosterops oleagineus","Olive-colored White-eye","Anteojitos de Yap"
"Zosterops finschii","Dusky White-eye","Anteojitos de Finsch"
"Zosterops ponapensis","Grey-brown White-eye","Anteojitos de Ponapé"
"Zosterops cinereus","Kosrae White-eye","Anteojitos de Kosrae"
"Zosterops rotensis","Rota White-eye","Anteojitos de Rota"
"Zosterops metcalfii","Yellow-throated White-eye","Anteojitos goliamarillo"
"Zosterops stresemanni","Malaita White-eye","Anteojitos de Malaita"
"Zosterops novaeguineae","Papuan White-eye","Anteojitos papú"
"Zosterops kuehni","Ambon White-eye","Anteojitos de Ambon"
"Zosterops grayi","Kai Besar White-eye","Anteojitos de la Gran Kai"
"Zosterops luteirostris","Gizo White-eye","Anteojitos de Gizo"
"Zosterops uropygialis","Kai Kecil White-eye","Anteojitos de la Pequeña Kai"
"Zosterops splendidus","Ranongga White-eye","Anteojitos espléndido"
"Zosterops kulambangrae","Solomons White-eye","Anteojitos de las Salomón"
"Zosterops tetiparius","Dark-eyed White-eye","Anteojitos de Tetepare"
"Zosterops natalis","Christmas White-eye","Anteojitos de Christmas"
"Zosterops conspicillatus","Bridled White-eye","Anteojitos embridado"
"Zosterops semperi","Citrine White-eye","Anteojitos de las Carolinas"
"Zosterops hypolais","Plain White-eye","Anteojitos liso"
"Zosterops paruhbesar","Wangi-wangi White-eye",NA
"Zosterops griseotinctus","Louisiade White-eye","Anteojitos de las Luisiadas"
"Zosterops murphyi","Kolombangara White-eye","Anteojitos de Murphy"
"Zosterops inornatus","Large Lifou White-eye","Anteojitos sencillo"
"Zosterops albogularis","White-chested White-eye","Anteojitos pechiblanco"
"Zosterops samoensis","Samoan White-eye","Anteojitos de Samoa"
"Zosterops strenuus","Robust White-eye","Anteojitos robusto"
"Zosterops tenuirostris","Slender-billed White-eye","Anteojitos picofino"
"Zosterops minutus","Small Lifou White-eye","Anteojitos menudo"
"Zosterops xanthochroa","Green-backed White-eye","Anteojitos dorsiverde"
"Zosterops rennellianus","Rennell White-eye","Anteojitos de la Rennell"
"Timalia pileata","Chestnut-capped Babbler","Timalí capirotado"
"Dumetia hyperythra","Tawny-bellied Babbler","Timalí ventrirrufo"
"Dumetia atriceps","Dark-fronted Babbler","Timalí frentinegro"
"Mixornis kelleyi","Grey-faced Tit-Babbler","Timalí de Kelley"
"Mixornis flavicollis","Grey-cheeked Tit-Babbler","Timalí carigrís"
"Mixornis prillwitzi","Kangean Tit-Babbler","Timalí de las Kangean"
"Mixornis gularis","Pin-striped Tit-Babbler","Timalí goliestriado"
"Mixornis bornensis","Bold-striped Tit-Babbler","Timalí de Borneo"
"Macronus ptilosus","Fluffy-backed Tit-Babbler","Timalí piloso"
"Macronus striaticeps","Brown Tit-Babbler","Timalí pardo"
"Cyanoderma chrysaeum","Golden Babbler","Timalí dorado"
"Cyanoderma erythropterum","Chestnut-winged Babbler","Timalí alirrojo"
"Cyanoderma bicolor","Bicolored Babbler","Timalí bicolor"
"Cyanoderma melanothorax","Crescent-chested Babbler","Timalí perlado"
"Cyanoderma pyrrhops","Black-chinned Babbler","Timalí barbinegro"
"Cyanoderma ruficeps","Rufous-capped Babbler","Timalí coronirrojo"
"Cyanoderma rufifrons","Rufous-fronted Babbler","Timalí frentirrufo"
"Spelaeornis caudatus","Rufous-throated Wren-Babbler","Ratina golirrufa"
"Spelaeornis badeigularis","Mishmi Wren-Babbler","Ratina mishmi"
"Spelaeornis troglodytoides","Bar-winged Wren-Babbler","Ratina alibarrada"
"Spelaeornis kinneari","Pale-throated Wren-Babbler","Ratina gorjipálida"
"Spelaeornis chocolatinus","Naga Wren-Babbler","Ratina chocolate"
"Spelaeornis oatesi","Chin Hills Wren-Babbler","Ratina de los Chin"
"Spelaeornis longicaudatus","Tawny-breasted Wren-Babbler","Ratina colilarga"
"Spelaeornis reptatus","Grey-bellied Wren-Babbler","Ratina ventrigrís"
"Melanocichla lugubris","Black Laughingthrush","Charlatán negro"
"Melanocichla calva","Bare-headed Laughingthrush","Charlatán calvo"
"Pomatorhinus ferruginosus","Black-crowned Scimitar Babbler","Cimitarra coralina"
"Pomatorhinus phayrei","Brown-crowned Scimitar Babbler","Cimitarra coroniparda"
"Pomatorhinus ochraceiceps","Red-billed Scimitar Babbler","Cimitarra piquirroja"
"Pomatorhinus superciliaris","Slender-billed Scimitar Babbler","Cimitarra picofina"
"Pomatorhinus ruficollis","Streak-breasted Scimitar Babbler","Cimitarra cuellirrufa"
"Pomatorhinus musicus","Taiwan Scimitar Babbler","Cimitarra de Formosa"
"Pomatorhinus schisticeps","White-browed Scimitar Babbler","Cimitarra cejiblanca"
"Pomatorhinus horsfieldii","Indian Scimitar Babbler","Cimitarra india"
"Pomatorhinus melanurus","Sri Lanka Scimitar Babbler","Cimitarra cingalesa"
"Pomatorhinus bornensis","Sunda Scimitar Babbler",NA
"Pomatorhinus montanus","Javan Scimitar Babbler","Cimitarra dorsicastaña"
"Erythrogenys hypoleucos","Large Scimitar Babbler","Cimitarra grande"
"Erythrogenys erythrogenys","Rusty-cheeked Scimitar Babbler","Cimitarra carirrufa"
"Erythrogenys imberbis","Red-eyed Scimitar Babbler",NA
"Erythrogenys mcclellandi","Spot-breasted Scimitar Babbler","Cimitarra moteada"
"Erythrogenys gravivox","Black-streaked Scimitar Babbler","Cimitarra rayada"
"Erythrogenys swinhoei","Grey-sided Scimitar Babbler","Cimitarra flanquigrís"
"Erythrogenys erythrocnemis","Black-necklaced Scimitar Babbler","Cimitarra estriada"
"Stachyris nigricollis","Black-throated Babbler","Timalí gorjinegro"
"Stachyris grammiceps","White-breasted Babbler","Timalí pechiblanco"
"Stachyris maculata","Chestnut-rumped Babbler","Timalí maculado"
"Stachyris nigriceps","Grey-throated Babbler","Timalí gorjigrís"
"Stachyris poliocephala","Grey-headed Babbler","Timalí cabecigrís"
"Stachyris nonggangensis","Nonggang Babbler","Timalí de Nonggang"
"Stachyris herberti","Sooty Babbler","Timalí de Herbert"
"Stachyris humei","Sikkim Wedge-billed Babbler","Ratina picocuña occidental"
"Stachyris roberti","Cachar Wedge-billed Babbler","Ratina picocuña oriental"
"Stachyris leucotis","White-necked Babbler","Timalí orejudo"
"Stachyris thoracica","White-bibbed Babbler","Timalí cuelliblanco"
"Stachyris oglei","Snowy-throated Babbler","Timalí gorjiblanco"
"Stachyris strialata","Spot-necked Babbler","Timalí gorjipinto"
"Graminicola bengalensis","Indian Grassbird","Yerbera bengalí"
"Graminicola striatus","Chinese Grassbird","Yerbera china"
"Turdinus macrodactylus","Large Wren-Babbler","Ratina grande"
"Turdinus marmoratus","Marbled Wren-Babbler","Ratina jaspeada"
"Turdinus atrigularis","Black-throated Wren-Babbler","Ratina golinegra"
"Malacopteron affine","Sooty-capped Babbler","Tordina coronioscura"
"Malacopteron albogulare","Grey-breasted Babbler","Tordina pechigrís"
"Malacopteron cinereum","Scaly-crowned Babbler","Tordina coroniescamada"
"Malacopteron magnum","Rufous-crowned Babbler","Tordina magna"
"Malacopteron magnirostre","Moustached Babbler","Tordina bigotuda"
"Malacopteron palawanense","Melodious Babbler","Tordina de Palawan"
"Gampsorhynchus rufulus","White-hooded Babbler","Timalí cabeciblanco"
"Gampsorhynchus torquatus","Collared Babbler","Timalí acollarado"
"Schoeniparus cinereus","Yellow-throated Fulvetta","Fulveta goligualda"
"Schoeniparus castaneceps","Rufous-winged Fulvetta","Fulveta alirrufa"
"Schoeniparus klossi","Black-crowned Fulvetta","Fulveta coroninegra"
"Schoeniparus variegaticeps","Golden-fronted Fulvetta","Fulveta frentigualda"
"Schoeniparus rufogularis","Rufous-throated Fulvetta","Fulveta gorjirrufa"
"Schoeniparus dubius","Rusty-capped Fulvetta","Fulveta coronirrufa"
"Schoeniparus brunneus","Dusky Fulvetta","Fulveta de Gould"
"Pellorneum ruficeps","Puff-throated Babbler","Tordina pechiestriada"
"Pellorneum fuscocapillus","Brown-capped Babbler","Tordina coroniparda"
"Pellorneum palustre","Marsh Babbler","Tordina palustre"
"Pellorneum nigrocapitatum","Malayan Black-capped Babbler","Tordina coroninegra"
"Pellorneum capistratum","Javan Black-capped Babbler","Tordina coronirufa"
"Pellorneum capistratoides","Bornean Black-capped Babbler",NA
"Pellorneum malaccense","Mourning Babbler","Tordina colicorta"
"Pellorneum saturatum","Glissando Babbler",NA
"Pellorneum poliogene","Leaflitter Babbler",NA
"Pellorneum cinereiceps","Ashy-headed Babbler","Tordina coronigrís"
"Pellorneum albiventre","Spot-throated Babbler","Tordina golipinta"
"Pellorneum tickelli","Buff-breasted Babbler","Tordina de Tickell"
"Pellorneum buettikoferi","Sumatran Babbler","Tordina de Sumatra"
"Pellorneum pyrrogenys","Temminck's Babbler","Tordina de Temminck"
"Pellorneum rostratum","White-chested Babbler","Tordina pechiblanca"
"Pellorneum bicolor","Ferruginous Babbler","Tordina bicolor"
"Pellorneum celebense","Sulawesi Babbler","Tordina de Célebes"
"Laticilla burnesii","Rufous-vented Grass Babbler","Prinia de Burnes"
"Laticilla cinerascens","Swamp Grass Babbler","Prinia palustre"
"Illadopsis fulvescens","Brown Illadopsis","Tordina parda"
"Illadopsis rufipennis","Pale-breasted Illadopsis","Tordina pechipálida"
"Illadopsis distans","Tanzanian Illadopsis","Tordina distante"
"Illadopsis pyrrhoptera","Mountain Illadopsis","Tordina montañesa"
"Illadopsis cleaveri","Blackcap Illadopsis","Tordina capirotada"
"Illadopsis albipectus","Scaly-breasted Illadopsis","Tordina pechiescamada"
"Illadopsis turdina","Spotted Thrush-Babbler","Tordina moteada"
"Illadopsis puveli","Puvel's Illadopsis","Tordina de Puvel"
"Illadopsis rufescens","Rufous-winged Illadopsis","Tordina alirrufa"
"Kenopia striata","Striped Wren-Babbler","Ratina estriada"
"Malacocincla abbotti","Abbott's Babbler","Tordina de Abbott"
"Malacocincla sepiaria","Horsfield's Babbler","Tordina de Horsfield"
"Malacocincla perspicillata","Black-browed Babbler","Tordina cejinegra"
"Gypsophila crassa","Mountain Wren-Babbler","Ratina montana"
"Gypsophila brevicaudata","Streaked Wren-Babbler","Ratina colicorta"
"Gypsophila annamensis","Annam Limestone Babbler","Ratina de Annam"
"Gypsophila calcicola","Rufous Limestone Babbler","Ratina calcícola"
"Gypsophila crispifrons","Variable Limestone Babbler","Ratina roquera"
"Gypsophila rufipectus","Rusty-breasted Wren-Babbler","Ratina pechirrufa"
"Ptilocichla mindanensis","Striated Wren-Babbler","Ratina de Mindanao"
"Ptilocichla leucogrammica","Bornean Wren-Babbler","Ratina de Borneo"
"Ptilocichla falcata","Falcated Wren-Babbler","Ratina de Palawan"
"Napothera epilepidota","Eyebrowed Wren-Babbler","Ratina cejuda"
"Napothera malacoptila","Long-billed Wren-Babbler","Ratina picuda"
"Napothera albostriata","Sumatran Wren-Babbler","Ratina de Sumatra"
"Napothera pasquieri","White-throated Wren-Babbler","Ratina goliblanca"
"Napothera naungmungensis","Naung Mung Scimitar Babbler","Ratina de Naung Mung"
"Napothera danjoui","Short-tailed Scimitar Babbler","Ratina indochina"
"Alcippe poioicephala","Brown-cheeked Fulvetta","Fulveta cariparda"
"Alcippe grotei","Black-browed Fulvetta","Fulveta cejinegra"
"Alcippe brunneicauda","Brown Fulvetta","Fulveta parda"
"Alcippe pyrrhoptera","Javan Fulvetta","Fulveta de Java"
"Alcippe nipalensis","Nepal Fulvetta","Fulveta nepalesa"
"Alcippe davidi","David's Fulvetta","Fulveta de David"
"Alcippe hueti","Huet's Fulvetta","Fulveta de Huet"
"Alcippe morrisonia","Grey-cheeked Fulvetta","Fulveta carigrís"
"Alcippe fratercula","Yunnan Fulvetta","Fulveta de Yunnan"
"Alcippe peracensis","Mountain Fulvetta","Fulveta montana"
"Grammatoptila striata","Striated Laughingthrush","Charlatán estriado"
"Cutia nipalensis","Himalayan Cutia","Cutia nepalesa"
"Cutia legalleni","Vietnamese Cutia","Cutia vietnamita"
"Laniellus langbianis","Grey-crowned Crocias","Sibia de Langbian"
"Laniellus albonotatus","Spotted Crocias","Sibia moteada"
"Trochalopteron subunicolor","Scaly Laughingthrush","Charlatán modesto"
"Trochalopteron austeni","Brown-capped Laughingthrush","Charlatán de Austen"
"Trochalopteron squamatum","Blue-winged Laughingthrush","Charlatán aliazul"
"Trochalopteron lineatum","Streaked Laughingthrush","Charlatán barrado"
"Trochalopteron imbricatum","Bhutan Laughingthrush","Charlatán de Bután"
"Trochalopteron virgatum","Striped Laughingthrush","Charlatán rayado"
"Trochalopteron variegatum","Variegated Laughingthrush","Charlatán variegado"
"Trochalopteron affine","Black-faced Laughingthrush","Charlatán carinegro"
"Trochalopteron morrisonianum","White-whiskered Laughingthrush","Charlatán de Morrison"
"Trochalopteron henrici","Brown-cheeked Laughingthrush","Charlatán de Henri"
"Trochalopteron elliotii","Elliot's Laughingthrush","Charlatán de Elliot"
"Trochalopteron milnei","Red-tailed Laughingthrush","Charlatán colirrojo"
"Trochalopteron yersini","Collared Laughingthrush","Charlatán de Yersin"
"Trochalopteron erythrocephalum","Chestnut-crowned Laughingthrush","Charlatán coronicastaño"
"Trochalopteron chrysopterum","Assam Laughingthrush","Charlatán de Assam"
"Trochalopteron formosum","Red-winged Laughingthrush","Charlatán alirrojo"
"Trochalopteron melanostigma","Silver-eared Laughingthrush","Charlatán orejiplateado"
"Trochalopteron ngoclinhense","Golden-winged Laughingthrush","Charlatán alidorado"
"Trochalopteron peninsulae","Malayan Laughingthrush","Charlatán malayo"
"Montecincla jerdoni","Banasura Laughingthrush","Charlatán del Banasura"
"Montecincla cachinnans","Nilgiri Laughingthrush","Charlatán de los Nilgiri"
"Montecincla fairbanki","Palani Laughingthrush","Charlatán de Palani"
"Montecincla meridionalis","Ashambu Laughingthrush","Charlatán de Travancore"
"Heterophasia picaoides","Long-tailed Sibia","Sibia colilarga"
"Heterophasia auricularis","White-eared Sibia","Sibia orejiblanca"
"Heterophasia capistrata","Rufous Sibia","Sibia rufa"
"Heterophasia pulchella","Beautiful Sibia","Sibia bonita"
"Heterophasia gracilis","Grey Sibia","Sibia gris"
"Heterophasia melanoleuca","Dark-backed Sibia","Sibia dorsinegra"
"Heterophasia desgodinsi","Black-headed Sibia","Sibia cabecinegra"
"Actinodura nipalensis","Hoary-throated Barwing","Sibia nepalesa"
"Actinodura morrisoniana","Taiwan Barwing","Sibia de Formosa"
"Actinodura waldeni","Streak-throated Barwing","Sibia de Yunnan"
"Actinodura souliei","Streaked Barwing","Sibia de Tonkín"
"Actinodura cyanouroptera","Blue-winged Minla","Siva aliazul"
"Actinodura strigula","Bar-throated Minla","Minla colicastaña"
"Actinodura egertoni","Rusty-fronted Barwing","Sibia de Egerton"
"Actinodura ramsayi","Spectacled Barwing","Sibia de anteojos occidental"
"Actinodura sodangorum","Black-crowned Barwing","Sibia coroninegra"
"Leiothrix lutea","Red-billed Leiothrix","Leiótrix piquirrojo"
"Leiothrix argentauris","Silver-eared Mesia","Leiótrix cariblanco"
"Minla ignotincta","Red-tailed Minla","Minla colirroja"
"Leioptila annectens","Rufous-backed Sibia","Sibia dorsirrufa"
"Liocichla bugunorum","Bugun Liocichla","Charlatán Bugun"
"Liocichla omeiensis","Emei Shan Liocichla","Charlatán del Omei"
"Liocichla steerii","Taiwan Liocichla","Charlatán de Steere"
"Liocichla phoenicea","Red-faced Liocichla","Charlatán carirrojo"
"Liocichla ripponi","Scarlet-faced Liocichla","Charlatán de Rippon"
"Argya malcolmi","Large Grey Babbler","Turdoide gris"
"Argya cinereifrons","Ashy-headed Laughingthrush","Charlatán cabecigrís"
"Argya longirostris","Slender-billed Babbler","Turdoide picofino"
"Argya subrufa","Rufous Babbler","Turdoide rufo"
"Argya rufescens","Orange-billed Babbler","Turdoide cingalés"
"Argya striata","Jungle Babbler","Turdoide matorralero"
"Argya affinis","Yellow-billed Babbler","Turdoide piquigualdo"
"Argya rubiginosa","Rufous Chatterer","Turdoide herrumbroso"
"Argya aylmeri","Scaly Chatterer","Turdoide de Aylmer"
"Argya altirostris","Iraq Babbler","Turdoide iraquí"
"Argya huttoni","Afghan Babbler","Turdoide indio"
"Argya caudata","Common Babbler","Turdoide indio"
"Argya fulva","Fulvous Babbler","Turdoide rojizo"
"Argya squamiceps","Arabian Babbler","Turdoide árabe"
"Argya earlei","Striated Babbler","Turdoide de Earle"
"Argya gularis","White-throated Babbler","Turdoide gorjiblanco"
"Turdoides nipalensis","Spiny Babbler","Turdoide nepalés"
"Turdoides atripennis","Capuchin Babbler","Charlatán capuchino"
"Turdoides gilberti","White-throated Mountain Babbler","Charlatán goliblanco"
"Turdoides chapini","Chapin's Babbler","Charlatán de Chapin"
"Turdoides rufocinctus","Red-collared Babbler","Charlatán cuellirrojo"
"Turdoides plebejus","Brown Babbler","Turdoide pardo"
"Turdoides leucopygia","White-rumped Babbler","Turdoide culiblanco"
"Turdoides hindei","Hinde's Babbler","Turdoide de Hinde"
"Turdoides squamulata","Scaly Babbler","Turdoide escamado"
"Turdoides jardineii","Arrow-marked Babbler","Turdoide de Jardine"
"Turdoides gymnogenys","Bare-cheeked Babbler","Turdoide caricalvo"
"Turdoides leucocephala","White-headed Babbler","Turdoide cabeciblanco"
"Turdoides reinwardtii","Blackcap Babbler","Turdoide cabecinegro"
"Turdoides tenebrosa","Dusky Babbler","Turdoide sombrío"
"Turdoides bicolor","Southern Pied Babbler","Turdoide bicolor"
"Turdoides hartlaubii","Hartlaub's Babbler","Turdoide de Hartlaub"
"Turdoides sharpei","Black-lored Babbler","Turdoide de Sharpe"
"Turdoides melanops","Black-faced Babbler","Turdoide enmascarado"
"Turdoides hypoleuca","Northern Pied Babbler","Turdoide pío"
"Garrulax merulinus","Spot-breasted Laughingthrush","Charlatán pechipinto"
"Garrulax annamensis","Orange-breasted Laughingthrush","Charlatán pechinaranja"
"Garrulax canorus","Chinese Hwamei","Charlatán canoro"
"Garrulax taewanus","Taiwan Hwamei","Charlatán de Formosa"
"Garrulax monileger","Lesser Necklaced Laughingthrush","Charlatán acollarado chico"
"Garrulax rufifrons","Rufous-fronted Laughingthrush","Charlatán frentirrufo"
"Garrulax palliatus","Sunda Laughingthrush","Charlatán de la Sonda"
"Garrulax leucolophus","White-crested Laughingthrush","Charlatán crestiblanco"
"Garrulax bicolor","Sumatran Laughingthrush","Charlatán de Sumatra"
"Garrulax milleti","Black-hooded Laughingthrush","Charlatán de Millet"
"Garrulax strepitans","White-necked Laughingthrush","Charlatán cuelliblanco"
"Garrulax ferrarius","Cambodian Laughingthrush","Charlatán de Camboya"
"Garrulax maesi","Grey Laughingthrush","Charlatán de Maës"
"Garrulax castanotis","Rufous-cheeked Laughingthrush","Charlatán carirrufo"
"Ianthocincla sukatschewi","Snowy-cheeked Laughingthrush","Charlatán de Sukatschev"
"Ianthocincla rufogularis","Rufous-chinned Laughingthrush","Charlatán golirrufo"
"Ianthocincla konkakinhensis","Chestnut-eared Laughingthrush","Charlatán orejicastaño"
"Ianthocincla cineracea","Moustached Laughingthrush","Charlatán ceniciento occidental"
"Ianthocincla ocellata","Spotted Laughingthrush","Charlatán ocelado"
"Ianthocincla maxima","Giant Laughingthrush","Charlatán gigante"
"Ianthocincla bieti","White-speckled Laughingthrush","Charlatán de Biet"
"Ianthocincla lunulata","Barred Laughingthrush","Charlatán lunado"
"Pterorhinus delesserti","Wayanad Laughingthrush","Charlatán de Delessert"
"Pterorhinus gularis","Rufous-vented Laughingthrush","Charlatán culirrufo"
"Pterorhinus vassali","White-cheeked Laughingthrush","Charlatán cariblanco"
"Pterorhinus galbanus","Yellow-throated Laughingthrush","Charlatán goligualdo"
"Pterorhinus courtoisi","Blue-crowned Laughingthrush","Charlatán coroniazul"
"Pterorhinus mitratus","Chestnut-capped Laughingthrush","Charlatán mitrado"
"Pterorhinus treacheri","Chestnut-hooded Laughingthrush","Charlatán de Treacher"
"Pterorhinus ruficollis","Rufous-necked Laughingthrush","Charlatán cuellirrufo"
"Pterorhinus nuchalis","Chestnut-backed Laughingthrush","Charlatán nuquipardo"
"Pterorhinus chinensis","Black-throated Laughingthrush","Charlatán golinegro"
"Pterorhinus sannio","White-browed Laughingthrush","Charlatán payaso"
"Pterorhinus perspicillatus","Masked Laughingthrush","Charlatán enmascarado"
"Pterorhinus pectoralis","Greater Necklaced Laughingthrush","Charlatán acollarado grande"
"Pterorhinus davidi","Plain Laughingthrush","Charlatán de David"
"Pterorhinus woodi","Mount Victoria Babax","Babax indio"
"Pterorhinus lanceolatus","Chinese Babax","Babax chino"
"Pterorhinus waddelli","Giant Babax","Babax gigante"
"Pterorhinus koslowi","Tibetan Babax","Babax de Koslov"
"Pterorhinus albogularis","White-throated Laughingthrush","Charlatán gorjiblanco"
"Pterorhinus ruficeps","Rufous-crowned Laughingthrush","Charlatán coronirrufo"
"Pterorhinus caerulatus","Grey-sided Laughingthrush","Charlatán flanquigrís"
"Pterorhinus berthemyi","Buffy Laughingthrush","Charlatán rojizo chino"
"Pterorhinus poecilorhynchus","Rusty Laughingthrush","Charlatán rojizo de Formosa"
"Modulatrix stictigula","Spot-throat","Tordina de anteojos"
"Arcanator orostruthus","Dapple-throat","Tordina manchada"
"Kakamega poliothorax","Grey-chested Babbler","Tordina de Kakamega"
"Promerops cafer","Cape Sugarbird","Mielero abejaruco de El Cabo"
"Promerops gurneyi","Gurney's Sugarbird","Mielero abejaruco de Gurney"
"Irena puella","Asian Fairy-bluebird","Irena común"
"Irena tweeddalii","Palawan Fairy-bluebird","Irena de Palawan"
"Irena cyanogastra","Philippine Fairy-bluebird","Irena dorsinegra"
"Corthylio calendula","Ruby-crowned Kinglet","Reyezuelo rubí"
"Regulus ignicapilla","Common Firecrest","Reyezuelo listado"
"Regulus madeirensis","Madeira Firecrest","Reyezuelo de Madeira"
"Regulus satrapa","Golden-crowned Kinglet","Reyezuelo sátrapa"
"Regulus goodfellowi","Flamecrest","Reyezuelo de Formosa"
"Regulus regulus","Goldcrest","Reyezuelo sencillo"
"Elachura formosa","Spotted Elachura","Ratina moteada"
"Hyliota flavigaster","Yellow-bellied Hyliota","Hiliota ventrigualda"
"Hyliota australis","Southern Hyliota","Hiliota austral"
"Hyliota usambara","Usambara Hyliota","Hiliota de los Usambara"
"Hyliota violacea","Violet-backed Hyliota","Hiliota violácea"
"Campylorhynchus albobrunneus","White-headed Wren","Cucarachero cabeciblanco"
"Campylorhynchus zonatus","Band-backed Wren","Cucarachero barrado"
"Campylorhynchus megalopterus","Grey-barred Wren","Cucarachero serrano"
"Campylorhynchus nuchalis","Stripe-backed Wren","Cucarachero chocorocoy"
"Campylorhynchus fasciatus","Fasciated Wren","Cucarachero ondeado"
"Campylorhynchus chiapensis","Giant Wren","Cucarachero de Chiapas"
"Campylorhynchus griseus","Bicolored Wren","Cucarachero currucuchú"
"Campylorhynchus rufinucha","Veracruz Wren","Cucarachero nuquirrufo"
"Campylorhynchus humilis","Russet-naped Wren","Cucarachero de Sclater"
"Campylorhynchus capistratus","Rufous-backed Wren","Cucarachero dorsicastaño"
"Campylorhynchus gularis","Spotted Wren","Cucarachero manchado"
"Campylorhynchus jocosus","Boucard's Wren","Cucarachero del Balsas"
"Campylorhynchus yucatanicus","Yucatan Wren","Cucarachero yucateco"
"Campylorhynchus brunneicapillus","Cactus Wren","Cucarachero desértico"
"Campylorhynchus turdinus","Thrush-like Wren","Cucarachero turdino"
"Odontorchilus branickii","Grey-mantled Wren","Cucarachero dorsigrís"
"Odontorchilus cinereus","Tooth-billed Wren","Cucarachero dentado"
"Salpinctes obsoletus","Rock Wren","Cucarachero roquero"
"Catherpes mexicanus","Canyon Wren","Cucarachero barranquero"
"Hylorchilus sumichrasti","Sumichrast's Wren","Cucarachero picofino"
"Hylorchilus navai","Nava's Wren","Cucarachero de Nava"
"Cinnycerthia unirufa","Rufous Wren","Cucarachero rufo"
"Cinnycerthia olivascens","Sepia-brown Wren","Cucarachero sepia"
"Cinnycerthia peruana","Peruvian Wren","Cucarachero peruano"
"Cinnycerthia fulva","Fulvous Wren","Cucarachero fulvo"
"Cistothorus stellaris","Sedge Wren","Cucarachero culibarrado"
"Cistothorus meridae","Merida Wren","Cucarachero de Mérida"
"Cistothorus apolinari","Apolinar's Wren","Cucarachero de Apolinar"
"Cistothorus platensis","Grass Wren","Cucarachero sabanero"
"Cistothorus palustris","Marsh Wren","Cucarachero pantanero"
"Thryomanes bewickii","Bewick's Wren","Cucarachero colinegro"
"Ferminia cerverai","Zapata Wren","Cucarachero de Zapata"
"Pheugopedius atrogularis","Black-throated Wren","Cucarachero gorjinegro"
"Pheugopedius spadix","Sooty-headed Wren","Cucarachero cabecigrís"
"Pheugopedius fasciatoventris","Black-bellied Wren","Cucarachero ventrinegro"
"Pheugopedius euophrys","Plain-tailed Wren","Cucarachero coliliso"
"Pheugopedius schulenbergi","Grey-browed Wren","Cucarachero cejigrís"
"Pheugopedius eisenmanni","Inca Wren","Cucarachero inca"
"Pheugopedius genibarbis","Moustached Wren","Cucarachero bigotudo brasileño"
"Pheugopedius mystacalis","Whiskered Wren","Cucarachero bigotudo montano"
"Pheugopedius coraya","Coraya Wren","Cucarachero coraya"
"Pheugopedius felix","Happy Wren","Cucarachero feliz"
"Pheugopedius maculipectus","Spot-breasted Wren","Cucarachero pinto"
"Pheugopedius rutilus","Rufous-breasted Wren","Cucarachero pechirrufo"
"Pheugopedius sclateri","Speckle-breasted Wren","Cucarachero jaspeado"
"Thryophilus pleurostictus","Banded Wren","Cucarachero ventribarrado"
"Thryophilus rufalbus","Rufous-and-white Wren","Cucarachero rufiblanco"
"Thryophilus sernai","Antioquia Wren","Cucarachero antioqueño"
"Thryophilus nicefori","Niceforo's Wren","Cucarachero de Nicéforo"
"Thryophilus sinaloa","Sinaloa Wren","Cucarachero sinaloense"
"Cantorchilus modestus","Cabanis's Wren","Cucarachero modesto"
"Cantorchilus zeledoni","Canebrake Wren","Cucarachero de Zeledón"
"Cantorchilus elutus","Isthmian Wren","Cucarachero del istmo"
"Cantorchilus leucotis","Buff-breasted Wren","Cucarachero pechihabano"
"Cantorchilus superciliaris","Superciliated Wren","Cucarachero cejón"
"Cantorchilus guarayanus","Fawn-breasted Wren","Cucarachero de Guarayos"
"Cantorchilus longirostris","Long-billed Wren","Cucarachero piquilargo"
"Cantorchilus griseus","Grey Wren","Cucarachero gris"
"Cantorchilus semibadius","Riverside Wren","Cucarachero ribereño"
"Cantorchilus nigricapillus","Bay Wren","Cucarachero cabecinegro"
"Cantorchilus thoracicus","Stripe-breasted Wren","Cucarachero pechirrayado"
"Cantorchilus leucopogon","Stripe-throated Wren","Cucarachero gorjirrayado"
"Thryothorus ludovicianus","Carolina Wren","Cucarachero de Carolina"
"Troglodytes troglodytes","Eurasian Wren","Chochín paleártico"
"Troglodytes hiemalis","Winter Wren","Chochín hiemal"
"Troglodytes pacificus","Pacific Wren","Chochín del Pacífico"
"Troglodytes tanneri","Clarion Wren","Chochín de la Clarión"
"Troglodytes aedon","Northern House Wren","Chochín criollo"
"Troglodytes musculus","Southern House Wren","Chochín Ratón"
"Troglodytes beani","Cozumel Wren","Chochín de Cozumel"
"Troglodytes martinicensis","Kalinago Wren",NA
"Troglodytes mesoleucus","St. Lucia Wren",NA
"Troglodytes musicus","St. Vincent Wren",NA
"Troglodytes grenadensis","Grenada Wren",NA
"Troglodytes cobbi","Cobb's Wren","Chochín malvinero"
"Troglodytes sissonii","Socorro Wren","Chochín de Socorro"
"Troglodytes rufociliatus","Rufous-browed Wren","Chochín cejirrufo"
"Troglodytes ochraceus","Ochraceous Wren","Chochín ocráceo"
"Troglodytes solstitialis","Mountain Wren","Chochín montañés"
"Troglodytes monticola","Santa Marta Wren","Chochín de Santa Marta"
"Troglodytes rufulus","Tepui Wren","Chochín de tepuí"
"Thryorchilus browni","Timberline Wren","Cucarachero del bambú"
"Uropsila leucogastra","White-bellied Wren","Cucarachero ventriblanco"
"Henicorhina leucosticta","White-breasted Wood Wren","Cucarachero pechiblanco"
"Henicorhina leucophrys","Grey-breasted Wood Wren","Cucarachero pechigrís"
"Henicorhina anachoreta","Hermit Wood Wren","Cucarachero anacoreta"
"Henicorhina leucoptera","Bar-winged Wood Wren","Cucarachero aliblanco"
"Henicorhina negreti","Munchique Wood Wren","Cucarachero del Munchique"
"Microcerculus philomela","Northern Nightingale-Wren","Cucarachero ruiseñor norteño"
"Microcerculus marginatus","Southern Nightingale-Wren","Cucarachero ruiseñor sureño"
"Microcerculus ustulatus","Flutist Wren","Cucarachero flautista"
"Microcerculus bambla","Wing-banded Wren","Cucarachero alifranjeado"
"Cyphorhinus dichrous","Northern Chestnut-breasted Wren","Cucarachero dorsicastaño del norte"
"Cyphorhinus thoracicus","Southern Chestnut-breasted Wren","Cucarachero dorsicastaño del sur"
"Cyphorhinus arada","Musician Wren","Cucarachero musical"
"Cyphorhinus phaeocephalus","Song Wren","Cucarachero canoro"
"Ramphocaenus sticturus","Chattering Gnatwren","Soterillo parloteador"
"Ramphocaenus melanurus","Trilling Gnatwren","Soterillo picudo"
"Microbates cinereiventris","Tawny-faced Gnatwren","Soterillo caricastaño"
"Microbates collaris","Collared Gnatwren","Soterillo acollarado"
"Polioptila facilis","Rio Negro Gnatcatcher","Perlita del Río Negro"
"Polioptila guianensis","Guianan Gnatcatcher","Perlita guayanesa"
"Polioptila schistaceigula","Slate-throated Gnatcatcher","Perlita pizarrosa"
"Polioptila paraensis","Para Gnatcatcher","Perlita de Pará"
"Polioptila clementsi","Iquitos Gnatcatcher","Perlita de Iquitos"
"Polioptila attenboroughi","Inambari Gnatcatcher","Perlita de Inambari"
"Polioptila plumbea","Tropical Gnatcatcher","Perlita tropical"
"Polioptila maior","Maranon Gnatcatcher","Perlita del Marañón"
"Polioptila lactea","Creamy-bellied Gnatcatcher","Perlita blanca"
"Polioptila dumicola","Masked Gnatcatcher","Perlita azul"
"Polioptila lembeyei","Cuban Gnatcatcher","Perlita cubana"
"Polioptila albiventris","Yucatan Gnatcatcher","Perlita del Yucatán"
"Polioptila bilineata","White-browed Gnatcatcher",NA
"Polioptila caerulea","Blue-grey Gnatcatcher","Perlita grisilla"
"Polioptila melanura","Black-tailed Gnatcatcher","Perlita colinegra"
"Polioptila californica","California Gnatcatcher","Perlita californiana"
"Polioptila nigriceps","Black-capped Gnatcatcher","Perlita capirotada"
"Polioptila albiloris","White-lored Gnatcatcher","Perlita cejiblanca"
"Sitta leucopsis","White-cheeked Nuthatch","Trepador cariblanco"
"Sitta przewalskii","Przevalski's Nuthatch","Trepador de Przewalski"
"Sitta magna","Giant Nuthatch","Trepador gigante"
"Sitta carolinensis","White-breasted Nuthatch","Trepador pechiblanco"
"Sitta formosa","Beautiful Nuthatch","Trepador hermoso"
"Sitta azurea","Blue Nuthatch","Trepador azur"
"Sitta frontalis","Velvet-fronted Nuthatch","Trepador piquirrojo"
"Sitta solangiae","Yellow-billed Nuthatch","Trepador piquigualdo"
"Sitta oenochlamys","Sulphur-billed Nuthatch","Trepador filipino"
"Sitta pygmaea","Pygmy Nuthatch","Trepador enano"
"Sitta pusilla","Brown-headed Nuthatch","Trepador cabecipardo"
"Sitta insularis","Bahama Nuthatch","Trepador de las Bahamas"
"Sitta yunnanensis","Yunnan Nuthatch","Trepador de Yunnan"
"Sitta ledanti","Algerian Nuthatch","Trepador de Kabilia"
"Sitta krueperi","Krüper's Nuthatch","Trepador de Krüper"
"Sitta canadensis","Red-breasted Nuthatch","Trepador canadiense"
"Sitta whiteheadi","Corsican Nuthatch","Trepador corso"
"Sitta villosa","Chinese Nuthatch","Trepador chino"
"Sitta neumayer","Western Rock Nuthatch","Trepador rupestre occidental"
"Sitta tephronota","Eastern Rock Nuthatch","Trepador rupestre oriental"
"Sitta arctica","Siberian Nuthatch","Trepador siberiano"
"Sitta victoriae","White-browed Nuthatch","Trepador birmano"
"Sitta himalayensis","White-tailed Nuthatch","Trepador del Himalaya"
"Sitta europaea","Eurasian Nuthatch","Trepador azul"
"Sitta nagaensis","Chestnut-vented Nuthatch","Trepador de las Naga"
"Sitta cashmirensis","Kashmir Nuthatch","Trepador de Cachemira"
"Sitta castanea","Indian Nuthatch","Trepador indio"
"Sitta cinnamoventris","Chestnut-bellied Nuthatch","Trepador ventricastaño"
"Sitta neglecta","Burmese Nuthatch","Trepador indochino"
"Tichodroma muraria","Wallcreeper","Treparriscos"
"Certhia familiaris","Eurasian Treecreeper","Agateador euroasiático"
"Certhia hodgsoni","Hodgson's Treecreeper","Agateador de Hodgson"
"Certhia americana","Brown Creeper","Agateador americano"
"Certhia brachydactyla","Short-toed Treecreeper","Agateador europeo"
"Certhia himalayana","Bar-tailed Treecreeper","Agateador del Himalaya"
"Certhia nipalensis","Rusty-flanked Treecreeper","Agateador nepalés"
"Certhia discolor","Sikkim Treecreeper","Agateador gorjipardo"
"Certhia manipurensis","Hume's Treecreeper","Agateador de Manipur"
"Certhia tianquanensis","Sichuan Treecreeper","Agateador de Sichuan"
"Salpornis spilonota","Indian Spotted Creeper","Agateador moteado indio"
"Salpornis salvadori","African Spotted Creeper","Agateador moteado africano"
"Dumetella carolinensis","Grey Catbird","Pájaro gato gris"
"Melanoptila glabrirostris","Black Catbird","Pájaro gato negro"
"Mimus polyglottos","Northern Mockingbird","Sinsonte norteño"
"Mimus gilvus","Tropical Mockingbird","Sinsonte tropical"
"Mimus gundlachii","Bahama Mockingbird","Sinsonte de las Bahamas"
"Mimus thenca","Chilean Mockingbird","Sinsonte tenca"
"Mimus longicaudatus","Long-tailed Mockingbird","Sinsonte colilargo"
"Mimus saturninus","Chalk-browed Mockingbird","Sinsonte calandria"
"Mimus patagonicus","Patagonian Mockingbird","Sinsonte patagón"
"Mimus triurus","White-banded Mockingbird","Sinsonte trescolas"
"Mimus dorsalis","Brown-backed Mockingbird","Sinsonte castaño"
"Mimus parvulus","Galapagos Mockingbird","Sinsonte de Galápagos"
"Mimus trifasciatus","Floreana Mockingbird","Sinsonte de Floreana"
"Mimus macdonaldi","Espanola Mockingbird","Sinsonte de Española"
"Mimus melanotis","San Cristobal Mockingbird","Sinsonte de San Cristóbal"
"Mimus graysoni","Socorro Mockingbird","Sinsonte de Socorro"
"Oreoscoptes montanus","Sage Thrasher","Cuitlacoche de las artemisas"
"Toxostoma rufum","Brown Thrasher","Cuitlacoche rojizo"
"Toxostoma longirostre","Long-billed Thrasher","Cuitlacoche piquilargo"
"Toxostoma guttatum","Cozumel Thrasher","Cuitlacoche de Cozumel"
"Toxostoma cinereum","Grey Thrasher","Cuitlacoche ceniciento"
"Toxostoma bendirei","Bendire's Thrasher","Cuitlacoche piquicorto"
"Toxostoma ocellatum","Ocellated Thrasher","Cuitlacoche ocelado"
"Toxostoma curvirostre","Curve-billed Thrasher","Cuitlacoche piquicurvo"
"Toxostoma redivivum","California Thrasher","Cuitlacoche californiano"
"Toxostoma crissale","Crissal Thrasher","Cuitlacoche culirrojo"
"Toxostoma lecontei","LeConte's Thrasher","Cuitlacoche pálido"
"Ramphocinclus brachyurus","Martinique Thrasher","Cuitlacoche pechiblanco"
"Ramphocinclus sanctaeluciae","St. Lucia Thrasher",NA
"Melanotis caerulescens","Blue Mockingbird","Mulato azul"
"Melanotis hypoleucus","Blue-and-white Mockingbird","Mulato pechiblanco"
"Allenia fusca","Scaly-breasted Thrasher","Cuitlacoche oscuro"
"Margarops fuscatus","Pearly-eyed Thrasher","Cuitlacoche chucho"
"Cinclocerthia ruficauda","Brown Trembler","Cocobino pardo"
"Cinclocerthia gutturalis","Grey Trembler","Cocobino gris"
"Aplonis metallica","Metallic Starling","Estornino lustroso"
"Aplonis mystacea","Yellow-eyed Starling","Estornino ojigualdo"
"Aplonis cantoroides","Singing Starling","Estornino cantor"
"Aplonis crassa","Tanimbar Starling","Estornino de las Tanimbar"
"Aplonis feadensis","Atoll Starling","Estornino de los atolones"
"Aplonis insularis","Rennell Starling","Estornino de la Rennell"
"Aplonis magna","Long-tailed Starling","Estornino de Biak"
"Aplonis brunneicapillus","White-eyed Starling","Estornino ojiblanco"
"Aplonis grandis","Brown-winged Starling","Estornino de las Salomón"
"Aplonis dichroa","Makira Starling","Estornino de San Cristóbal"
"Aplonis zelandica","Rusty-winged Starling","Estornino de Melanesia"
"Aplonis striata","Striated Starling","Estornino de Nueva Caledonia"
"Aplonis fusca","Tasman Starling","Estornino de la Norfolk"
"Aplonis santovestris","Mountain Starling","Estornino de Espíritu Santo"
"Aplonis panayensis","Asian Glossy Starling","Estornino bronceado"
"Aplonis mysolensis","Moluccan Starling","Estornino moluqueño"
"Aplonis minor","Short-tailed Starling","Estornino colicorto"
"Aplonis opaca","Micronesian Starling","Estornino de Micronesia"
"Aplonis pelzelni","Pohnpei Starling","Estornino de Ponapé"
"Aplonis tabuensis","Polynesian Starling","Estornino de Polinesia"
"Aplonis atrifusca","Samoan Starling","Estornino de Samoa"
"Aplonis corvina","Kosrae Starling","Estornino de Kosrae"
"Aplonis mavornata","Mauke Starling","Estrornino misterioso"
"Aplonis cinerascens","Rarotonga Starling","Estornino de Rarotonga"
"Mino dumontii","Yellow-faced Myna","Miná carigualdo"
"Mino kreffti","Long-tailed Myna","Miná de las Bismarck"
"Mino anais","Golden Myna","Miná dorado"
"Basilornis celebensis","Sulawesi Myna","Miná de Célebes"
"Basilornis galeatus","Helmeted Myna","Miná de yelmo"
"Basilornis corythaix","Long-crested Myna","Miná moluqueño"
"Goodfellowia miranda","Apo Myna","Miná de Mindanao"
"Sarcops calvus","Coleto","Miná coleto"
"Streptocitta albicollis","White-necked Myna","Miná cuelliblanco sureño"
"Streptocitta albertinae","Bare-eyed Myna","Miná caricalvo"
"Enodes erythrophris","Fiery-browed Starling","Estornino cejirrojo"
"Scissirostrum dubium","Grosbeak Starling","Estornino culipinto"
"Saroglossa spilopterus","Spot-winged Starling","Estornino alipinto"
"Ampeliceps coronatus","Golden-crested Myna","Miná coronado"
"Gracula ptilogenys","Sri Lanka Hill Myna","Miná cingalés"
"Gracula religiosa","Common Hill Myna","Miná religioso"
"Gracula robusta","Nias Hill Myna","Miná de Nias"
"Gracula venerata","Tenggara Hill Myna","Miná venerado"
"Gracula indica","Southern Hill Myna","Miná indio"
"Acridotheres grandis","Great Myna","Miná grande"
"Acridotheres cristatellus","Crested Myna","Miná crestado"
"Acridotheres javanicus","Javan Myna","Miná de Java"
"Acridotheres cinereus","Pale-bellied Myna","Miná cenizo"
"Acridotheres fuscus","Jungle Myna","Miná de la jungla"
"Acridotheres albocinctus","Collared Myna","Miná acollarado"
"Acridotheres ginginianus","Bank Myna","Miná ribereño"
"Acridotheres tristis","Common Myna","Miná común"
"Acridotheres burmannicus","Burmese Myna","Miná birmano"
"Acridotheres leucocephalus","Vinous-breasted Myna","Miná vinoso"
"Acridotheres melanopterus","Black-winged Myna","Miná alinegro"
"Spodiopsar sericeus","Red-billed Starling","Estornino piquirrojo"
"Spodiopsar cineraceus","White-cheeked Starling","Estornino gris"
"Gracupica nigricollis","Black-collared Starling","Estornino cuellinegro"
"Gracupica contra","Indian Pied Myna","Estornino pío común"
"Gracupica floweri","Siamese Pied Myna",NA
"Gracupica jalla","Javan Pied Myna","Estornino pío de Java"
"Agropsar sturninus","Daurian Starling","Estornino dáurico"
"Agropsar philippensis","Chestnut-cheeked Starling","Estornino carirrojo"
"Sturnia sinensis","White-shouldered Starling","Estornino chino"
"Sturnia malabarica","Chestnut-tailed Starling","Estornino malabar"
"Sturnia erythropygia","White-headed Starling","Estornino cabeciblanco"
"Sturnia blythii","Malabar Starling",NA
"Sturnia pagodarum","Brahminy Starling","Estornino de las pagodas"
"Sturnornis albofrontatus","White-faced Starling","Estornino cingalés"
"Leucopsar rothschildi","Bali Starling","Estornino de Bali"
"Fregilupus varius","Hoopoe Starling","Estornino de Reunión"
"Necropsar rodericanus","Rodrigues Starling","Estornino de Rodrigues"
"Pastor roseus","Rosy Starling","Estornino rosado"
"Sturnus vulgaris","Common Starling","Estornino pinto"
"Sturnus unicolor","Spotless Starling","Estornino negro"
"Creatophora cinerea","Wattled Starling","Estornino carunculado"
"Notopholia corusca","Black-bellied Starling","Estornino ventrinegro"
"Hylopsar purpureiceps","Purple-headed Starling","Estornino cabecipúrpura"
"Hylopsar cupreocauda","Copper-tailed Starling","Estornino colicobrizo"
"Lamprotornis nitens","Cape Starling","Estornino de El Cabo"
"Lamprotornis chalybaeus","Greater Blue-eared Starling","Estornino orejiazul"
"Lamprotornis chloropterus","Lesser Blue-eared Starling","Estornino de Swainson"
"Lamprotornis chalcurus","Bronze-tailed Starling","Estornino colibronceado"
"Lamprotornis splendidus","Splendid Starling","Estornino espléndido"
"Lamprotornis ornatus","Principe Starling","Estornino de Príncipe"
"Lamprotornis iris","Emerald Starling","Estornino esmeralda"
"Lamprotornis purpureus","Purple Starling","Estornino purpúreo"
"Lamprotornis purpuroptera","Rüppell's Starling","Estornino de Rüppell"
"Lamprotornis caudatus","Long-tailed Glossy Starling","Estornino colilargo"
"Lamprotornis regius","Golden-breasted Starling","Estornino pechidorado"
"Lamprotornis mevesii","Meves's Starling","Estornino de Meves"
"Lamprotornis australis","Burchell's Starling","Estornino de Burchell"
"Lamprotornis acuticaudus","Sharp-tailed Starling","Estornino colifino"
"Lamprotornis superbus","Superb Starling","Estornino soberbio"
"Lamprotornis hildebrandti","Hildebrandt's Starling","Estornino de Hildebrant"
"Lamprotornis shelleyi","Shelley's Starling","Estornino de Shelley"
"Lamprotornis pulcher","Chestnut-bellied Starling","Estornino ventrirrufo"
"Lamprotornis unicolor","Ashy Starling","Estornino cenizo"
"Lamprotornis fischeri","Fischer's Starling","Estornino de Fischer"
"Lamprotornis bicolor","Pied Starling","Estornino bicolor"
"Lamprotornis albicapillus","White-crowned Starling","Estornino coroniblanco"
"Hartlaubius auratus","Madagascar Starling","Estornino malgache"
"Cinnyricinclus leucogaster","Violet-backed Starling","Estornino amatista"
"Onychognathus morio","Red-winged Starling","Estornino alirrojo"
"Onychognathus tenuirostris","Slender-billed Starling","Estornino picofino"
"Onychognathus fulgidus","Chestnut-winged Starling","Estornino alirrufo"
"Onychognathus walleri","Waller's Starling","Estornino de Waller"
"Onychognathus blythii","Somali Starling","Estornino somalí"
"Onychognathus frater","Socotra Starling","Estornino de Socotora"
"Onychognathus tristramii","Tristram's Starling","Estornino de Tristram"
"Onychognathus nabouroup","Pale-winged Starling","Estornino naburup"
"Onychognathus salvadorii","Bristle-crowned Starling","Estornino de Salvadori"
"Onychognathus albirostris","White-billed Starling","Estornino piquiblanco"
"Onychognathus neumanni","Neumann's Starling","Estornino de Neumann"
"Poeoptera stuhlmanni","Stuhlmann's Starling","Estornino de Stuhlmann"
"Poeoptera kenricki","Kenrick's Starling","Estornino de Kenrick"
"Poeoptera lugubris","Narrow-tailed Starling","Estornino rabilargo"
"Pholia sharpii","Sharpe's Starling","Estornino de Sharpe"
"Arizelopsar femoralis","Abbott's Starling","Estornino de Abbott"
"Grafisia torquata","White-collared Starling","Estornino acollarado"
"Speculipastor bicolor","Magpie Starling","Estornino urraca"
"Neocichla gutturalis","Babbling Starling","Estornino gorjinegro"
"Rhabdornis mystacalis","Stripe-headed Rhabdornis","Rabdornis común"
"Rhabdornis inornatus","Stripe-breasted Rhabdornis","Rabdornis cabecipardo"
"Rhabdornis rabori","Visayan Rhabdornis","Rabdornis de Rabor"
"Rhabdornis grandis","Grand Rhabdornis","Rabdornis grande"
"Buphagus africanus","Yellow-billed Oxpecker","Picabueyes piquigualdo"
"Buphagus erythroryncha","Red-billed Oxpecker","Picabueyes piquirrojo"
"Grandala coelicolor","Grandala","Zorzal grandala"
"Sialia currucoides","Mountain Bluebird","Azulejo claro"
"Sialia mexicana","Western Bluebird","Azulejo occidental"
"Sialia sialis","Eastern Bluebird","Azulejo oriental"
"Stizorhina finschi","Finsch's Rufous Thrush","Zorzal de Finsch"
"Stizorhina fraseri","Fraser's Rufous Thrush","Zorzal de Fraser"
"Neocossyphus poensis","White-tailed Ant Thrush","Zorzal de Fernando Póo"
"Neocossyphus rufus","Red-tailed Ant Thrush","Zorzal colirrufo"
"Pinarornis plumosus","Boulder Chat","Zorzal roquero"
"Myadestes occidentalis","Brown-backed Solitaire","Solitario dorsipardo"
"Myadestes unicolor","Slate-colored Solitaire","Solitario unicolor"
"Myadestes townsendi","Townsend's Solitaire","Solitario norteño"
"Myadestes myadestinus","Kamao","Solitario kamao"
"Myadestes woahensis","Amaui","Solitario amaui"
"Myadestes lanaiensis","Olomao","Solitario olomao"
"Myadestes obscurus","Omao","Solitario omao"
"Myadestes palmeri","Puaiohi","Solitario puaiohi"
"Myadestes elisabeth","Cuban Solitaire","Solitario cubano"
"Myadestes genibarbis","Rufous-throated Solitaire","Solitario gorjirrufo"
"Myadestes melanops","Black-faced Solitaire","Solitario carinegro"
"Myadestes coloratus","Varied Solitaire","Solitario variado"
"Myadestes ralloides","Andean Solitaire","Solitario andino"
"Chlamydochaera jefferyi","Fruithunter","Zorzal de Borneo"
"Cochoa purpurea","Purple Cochoa","Cochoa púrpura"
"Cochoa viridis","Green Cochoa","Cochoa verde"
"Cochoa beccarii","Sumatran Cochoa","Cochoa de Sumatra"
"Cochoa azurea","Javan Cochoa","Cochoa de Java"
"Ixoreus naevius","Varied Thrush","Zorzal pinto"
"Ridgwayia pinicola","Aztec Thrush","Zorzal azteca"
"Cichlopsis leucogenys","Rufous-brown Solitaire","Solitario ocre brasileño"
"Entomodestes coracinus","Black Solitaire","Solitario negro"
"Entomodestes leucotis","White-eared Solitaire","Solitario orejiblanco"
"Hylocichla mustelina","Wood Thrush","Zorzalito maculado"
"Catharus dryas","Yellow-throated Nightingale-Thrush","Zorzalito overo"
"Catharus maculatus","Speckled Nightingale-Thrush","Zorzalito pinto"
"Catharus aurantiirostris","Orange-billed Nightingale-Thrush","Zorzalito piquigualdo"
"Catharus mexicanus","Black-headed Nightingale-Thrush","Zorzalito cabecinegro"
"Catharus fuscater","Slaty-backed Nightingale-Thrush","Zorzalito sombrío"
"Catharus ustulatus","Swainson's Thrush","Zorzalito quemado"
"Catharus gracilirostris","Black-billed Nightingale-Thrush","Zorzalito piquinegro"
"Catharus guttatus","Hermit Thrush","Zorzalito colirrufo"
"Catharus occidentalis","Russet Nightingale-Thrush","Zorzalito piquipardo"
"Catharus frantzii","Ruddy-capped Nightingale-Thrush","Zorzalito de Frantzius"
"Catharus minimus","Grey-cheeked Thrush","Zorzalito carigrís"
"Catharus bicknelli","Bicknell's Thrush","Zorzalito de Bicknell"
"Catharus fuscescens","Veery","Zorzalito rojizo"
"Zoothera dixoni","Long-tailed Thrush","Zorzal de Dixon"
"Zoothera mollissima","Alpine Thrush","Zorzal dorsiliso del Himalaya"
"Zoothera salimalii","Himalayan Thrush","Zorzal de Salim Ali"
"Zoothera griseiceps","Sichuan Thrush","Zorzal dorsiliso de Sichuan"
"Zoothera monticola","Long-billed Thrush","Zorzal piquilargo"
"Zoothera heinrichi","Geomalia","Zorzal terrestre de Célebes"
"Zoothera marginata","Dark-sided Thrush","Zorzal flanquioscuro"
"Zoothera everetti","Everett's Thrush","Zorzal de Everett"
"Zoothera andromedae","Sunda Thrush","Zorzal de Andrómeda"
"Zoothera aurea","White's Thrush","Zorzal dorado de Siberia"
"Zoothera dauma","Scaly Thrush","Zorzal dorado del Himalaya"
"Zoothera neilgherriensis","Nilgiri Thrush","Zorzal de Nilgiri"
"Zoothera imbricata","Sri Lanka Thrush","Zorzal Dorado de Ceilán"
"Zoothera major","Amami Thrush","Zorzal dorado de las Amami"
"Zoothera terrestris","Bonin Thrush","Zorzal de las Bonin"
"Zoothera turipavae","Guadalcanal Thrush","Zorzal de Guadalcanal"
"Zoothera margaretae","Makira Thrush","Zorzal de San Cristóbal"
"Zoothera heinei","Russet-tailed Thrush","Zorzal de Heine"
"Zoothera machiki","Fawn-breasted Thrush","Zorzal de las Tanimbar"
"Zoothera lunulata","Bassian Thrush","Zorzal lunado"
"Zoothera talaseae","New Britain Thrush","Zorzal de Nueva Bretaña"
"Zoothera atrigena","Bougainville Thrush","Zorzal de Bougainville"
"Geokichla sibirica","Siberian Thrush","Zorzal siberiano"
"Geokichla wardii","Pied Thrush","Zorzal de Ward"
"Geokichla princei","Grey Ground Thrush","Zorzal de Ghana"
"Geokichla camaronensis","Black-eared Ground Thrush","Zorzal camerunés"
"Geokichla guttata","Spotted Ground Thrush","Zorzal moteado"
"Geokichla spiloptera","Spot-winged Thrush","Zorzal alimoteado"
"Geokichla crossleyi","Crossley's Ground Thrush","Zorzal de Crossley"
"Geokichla piaggiae","Abyssinian Ground Thrush","Zorzal de Piaggia"
"Geokichla oberlaenderi","Oberländer's Ground Thrush","Zorzal de Oberlaender"
"Geokichla gurneyi","Orange Ground Thrush","Zorzal de Gurney"
"Geokichla citrina","Orange-headed Thrush","Zorzal citrino"
"Geokichla dumasi","Buru Thrush","Zorzal de Buru"
"Geokichla joiceyi","Seram Thrush","Zorzal de Seram"
"Geokichla peronii","Orange-sided Thrush","Zorzal de Timor"
"Geokichla schistacea","Slaty-backed Thrush","Zorzal pizarroso"
"Geokichla interpres","Chestnut-capped Thrush","Zorzal coronicastaño"
"Geokichla leucolaema","Enggano Thrush","Zorzal de Enggano"
"Geokichla dohertyi","Chestnut-backed Thrush","Zorzal de Doherty"
"Geokichla cinerea","Ashy Thrush","Zorzal cenizo"
"Geokichla erythronota","Red-backed Thrush","Zorzal dorsirrojo"
"Geokichla mendeni","Red-and-black Thrush","Zorzal de Peleng"
"Turdus simensis","Ethiopian Thrush","Zorzal del Simen"
"Turdus litsitsirupa","Groundscraper Thrush","Zorzal litsitsirupa"
"Turdus mupinensis","Chinese Thrush","Zorzal chino"
"Turdus philomelos","Song Thrush","Zorzal común"
"Turdus viscivorus","Mistle Thrush","Zorzal charlo"
"Turdus pelios","African Thrush","Zorzal africano"
"Turdus xanthorhynchus","Principe Thrush","Zorzal de Príncipe"
"Turdus olivaceofuscus","Sao Tome Thrush","Zorzal de Santo Tomé"
"Turdus abyssinicus","Abyssinian Thrush","Zorzal abisinio"
"Turdus helleri","Taita Thrush","Zorzal de los Taita"
"Turdus roehli","Usambara Thrush","Zorzal de los Usambara"
"Turdus olivaceus","Olive Thrush","Zorzal oliváceo"
"Turdus libonyana","Kurrichane Thrush","Zorzal de Kurrichane"
"Turdus bewsheri","Comoro Thrush","Zorzal de las Comoras"
"Turdus tephronotus","Bare-eyed Thrush","Zorzal ceniciento"
"Turdus smithi","Karoo Thrush","Zorzal del Karoo"
"Turdus ludoviciae","Somali Thrush","Zorzal somalí"
"Turdus mandarinus","Chinese Blackbird","Mirlo mandarín"
"Turdus iliacus","Redwing","Zorzal alirrojo"
"Turdus merula","Common Blackbird","Mirlo común"
"Turdus menachensis","Yemen Thrush","Zorzal yemení"
"Turdus niveiceps","Taiwan Thrush","Zorzal de Formosa"
"Turdus boulboul","Grey-winged Blackbird","Mirlo aligrís"
"Turdus simillimus","Indian Blackbird","Mirlo indio"
"Turdus unicolor","Tickell's Thrush","Zorzal unicolor"
"Turdus dissimilis","Black-breasted Thrush","Zorzal pechinegro"
"Turdus cardis","Japanese Thrush","Zorzal japonés"
"Turdus hortulorum","Grey-backed Thrush","Zorzal dorsigrís"
"Turdus obscurus","Eyebrowed Thrush","Zorzal rojigrís"
"Turdus pallidus","Pale Thrush","Zorzal pálido"
"Turdus feae","Grey-sided Thrush","Zorzal de Fea"
"Turdus chrysolaus","Brown-headed Thrush","Zorzal cabecipardo"
"Turdus celaenops","Izu Thrush","Zorzal de las Izu"
"Turdus mindorensis","Mindoro Island Thrush",NA
"Turdus thomassoni","Luzon Island Thrush",NA
"Turdus nigrorum","Mindanao Island Thrush",NA
"Turdus schlegelii","Wallacean Island Thrush",NA
"Turdus erythropleurus","Christmas Island Thrush",NA
"Turdus javanicus","Sundaic Island Thrush",NA
"Turdus deningeri","Moluccan Island Thrush",NA
"Turdus papuensis","Papuan Island Thrush",NA
"Turdus heinrothi","Bismarck Island Thrush",NA
"Turdus bougainvillei","Bougainville Island Thrush",NA
"Turdus kulambangrae","Solomons Island Thrush",NA
"Turdus vanikorensis","Vanikoro Island Thrush",NA
"Turdus pritzbueri","White-headed Island Thrush",NA
"Turdus xanthopus","New Caledonian Island Thrush",NA
"Turdus poliocephalus","Tasman Sea Island Thrush","Zorzal insular"
"Turdus samoensis","Samoan Island Thrush",NA
"Turdus ruficeps","Fiji Island Thrush",NA
"Turdus maximus","Tibetan Blackbird","Mirlo del Himalaya"
"Turdus kessleri","White-backed Thrush","Zorzal de Kessler"
"Turdus pilaris","Fieldfare","Zorzal real"
"Turdus torquatus","Ring Ouzel","Mirlo capiblanco"
"Turdus atrogularis","Black-throated Thrush","Zorzal papinegro"
"Turdus ruficollis","Red-throated Thrush","Zorzal papirrojo"
"Turdus eunomus","Dusky Thrush","Zorzal eunomo"
"Turdus naumanni","Naumann's Thrush","Zorzal de Naumann"
"Turdus rubrocanus","Chestnut Thrush","Zorzal castaño"
"Turdus albocinctus","White-collared Blackbird","Mirlo acollarado"
"Turdus turdoides","Sulawesi Thrush","Zorzal montano de Célebes"
"Turdus migratorius","American Robin","Zorzal robín"
"Turdus infuscatus","Black Thrush","Mirlo guatemalteco"
"Turdus rufitorques","Rufous-collared Thrush","Zorzal cuellirrufo"
"Turdus nigrescens","Sooty Thrush","Mirlo negruzco"
"Turdus plumbeus","Western Red-legged Thrush","Zorzal patirrojo norteño"
"Turdus ardosiaceus","Eastern Red-legged Thrush","Zorzal patirrojo oriental"
"Turdus ravidus","Grand Cayman Thrush","Zorzal de Gran Caimán"
"Turdus aurantius","White-chinned Thrush","Zorzal gorjiblanco"
"Turdus lherminieri","Forest Thrush","Zorzal antillano"
"Turdus plebejus","Mountain Thrush","Zorzal plebeyo"
"Turdus leucops","Pale-eyed Thrush","Mirlo ojiblanco"
"Turdus jamaicensis","White-eyed Thrush","Zorzal jamaicano"
"Turdus swalesi","La Selle Thrush","Zorzal de La Española"
"Turdus fulviventris","Chestnut-bellied Thrush","Zorzal ventricastaño"
"Turdus reevei","Plumbeous-backed Thrush","Zorzal dorsiplomizo"
"Turdus chiguanco","Chiguanco Thrush","Mirlo chiguanco"
"Turdus nigriceps","Andean Slaty Thrush","Zorzal plomizo andino"
"Turdus serranus","Glossy-black Thrush","Mirlo serrano"
"Turdus olivater","Black-hooded Thrush","Zorzal cabecinegro"
"Turdus fuscater","Great Thrush","Mirlo grande"
"Turdus falcklandii","Austral Thrush","Zorzal patagón"
"Turdus lawrencii","Lawrence's Thrush","Zorzal imitador"
"Turdus murinus","Pantepui Thrush","Zorzal de Pantepui"
"Turdus subalaris","Blacksmith Thrush","Zorzal plomizo oriental"
"Turdus amaurochalinus","Creamy-bellied Thrush","Zorzal chalchalero"
"Turdus eremita","Tristan Thrush","Zorzal de Tristán de Acuña"
"Turdus maranonicus","Maranon Thrush","Zorzal del Marañón"
"Turdus ignobilis","Black-billed Thrush","Zorzal piquinegro andino"
"Turdus arthuri","Campina Thrush","Zorzal piquinegro guayanés"
"Turdus flavipes","Yellow-legged Thrush","Mirlo azulado"
"Turdus assimilis","White-throated Thrush","Zorzal cuelliblanco norteño"
"Turdus daguae","Dagua Thrush",NA
"Turdus phaeopygus","Grey-flanked Thrush",NA
"Turdus albicollis","Rusty-flanked Thrush","Zorzal cuelliblanco sureño"
"Turdus rufopalliatus","Rufous-backed Thrush","Zorzal dorsirrufo"
"Turdus obsoletus","Pale-vented Thrush","Zorzal ventripálido"
"Turdus leucomelas","Pale-breasted Thrush","Zorzal sabiá"
"Turdus fumigatus","Cocoa Thrush","Zorzal cacao"
"Turdus hauxwelli","Hauxwell's Thrush","Zorzal de Hauxwell"
"Turdus rufiventris","Rufous-bellied Thrush","Zorzal colorado"
"Turdus grayi","Clay-colored Thrush","Zorzal pardo"
"Turdus nudigenis","Spectacled Thrush","Zorzal caripelado"
"Turdus maculirostris","Ecuadorian Thrush","Zorzal ecuatoriano"
"Turdus sanchezorum","Varzea Thrush","Zorzal de varzea"
"Turdus haplochrous","Unicolored Thrush","Zorzal boliviano"
"Alethe diademata","White-tailed Alethe","Alete diademado"
"Alethe castanea","Fire-crested Alethe","Alete castaño"
"Tychaedon coryphoeus","Karoo Scrub Robin","Alzacola del Karoo"
"Tychaedon signata","Brown Scrub Robin","Alzacola pardo"
"Tychaedon leucosticta","Forest Scrub Robin","Alzacola selvático"
"Tychaedon quadrivirgata","Bearded Scrub Robin","Alzacola bigotudo"
"Tychaedon barbata","Miombo Scrub Robin","Alzacola barbudo"
"Cercotrichas paena","Kalahari Scrub Robin","Alzacola del Kalahari"
"Cercotrichas podobe","Black Scrub Robin","Alzacola negro"
"Cercotrichas galactotes","Rufous-tailed Scrub Robin","Alzacola rojizo"
"Cercotrichas hartlaubi","Brown-backed Scrub Robin","Alzacola de Hartlaub"
"Cercotrichas leucophrys","White-browed Scrub Robin","Alzacola dorsirrojo"
"Copsychus saularis","Oriental Magpie-Robin","Shama oriental"
"Copsychus sechellarum","Seychelles Magpie-Robin","Shama de Seychelles"
"Copsychus mindanensis","Philippine Magpie-Robin","Shama filipino"
"Copsychus albospecularis","Madagascar Magpie-Robin","Shama malgache común"
"Copsychus pyrropygus","Rufous-tailed Shama","Shama colirrufo"
"Copsychus fulicatus","Indian Robin","Tarabilla terrestre"
"Copsychus luzoniensis","White-browed Shama","Shama de Luzón"
"Copsychus superciliaris","Visayan Shama","Shama de las Bisayas"
"Copsychus niger","White-vented Shama","Shama de Palawan"
"Copsychus cebuensis","Black Shama","Shama de Cebú"
"Copsychus albiventris","Andaman Shama","Shama culiblanco"
"Copsychus omissus","Larwo Shama",NA
"Copsychus stricklandii","White-crowned Shama","Shama de Corona Blanca"
"Copsychus barbouri","Maratua Shama",NA
"Copsychus nigricauda","Kangean Shama",NA
"Copsychus leggei","Sri Lanka Shama",NA
"Copsychus malabaricus","White-rumped Shama","Shama malabar"
"Agricola pallidus","Pale Flycatcher","Papamoscas pálido"
"Agricola infuscatus","Chat Flycatcher","Papamoscas tarabilla"
"Fraseria cinerascens","White-browed Forest Flycatcher","Papamoscas cejiblanco"
"Fraseria ocreata","Fraser's Forest Flycatcher","Papamoscas forestal"
"Fraseria griseigularis","Grey-throated Tit-Flycatcher","Papamoscas gorjigrís"
"Fraseria plumbea","Grey Tit-Flycatcher","Papamoscas carbonero"
"Fraseria olivascens","Olivaceous Flycatcher","Papamoscas oliváceo"
"Fraseria lendu","Chapin's Flycatcher","Papamoscas de Chapin"
"Fraseria caerulescens","Ashy Flycatcher","Papamoscas cenizo"
"Fraseria tessmanni","Tessmann's Flycatcher","Papamoscas de Tessmann"
"Melaenornis brunneus","Angola Slaty Flycatcher","Papamoscas angoleño"
"Melaenornis fischeri","White-eyed Slaty Flycatcher","Papamoscas de Fischer"
"Melaenornis chocolatinus","Abyssinian Slaty Flycatcher","Papamoscas chocolate"
"Melaenornis annamarulae","Nimba Flycatcher","Papamoscas liberiano"
"Melaenornis ardesiacus","Yellow-eyed Black Flycatcher","Papamoscas de Berlioz"
"Melaenornis edolioides","Northern Black Flycatcher","Papamoscas drongo"
"Melaenornis pammelaina","Southern Black Flycatcher","Papamoscas sudafricano"
"Namibornis herero","Herero Chat","Papamoscas herero"
"Empidornis semipartitus","Silverbird","Papamoscas plateado"
"Sigelus silens","Fiscal Flycatcher","Papamoscas fiscal"
"Bradornis comitatus","Dusky-blue Flycatcher","Papamoscas pizarroso"
"Bradornis microrhynchus","African Grey Flycatcher","Papamoscas piquicorto"
"Bradornis mariquensis","Marico Flycatcher","Papamoscas del Marico"
"Myopornis boehmi","Böhm's Flycatcher","Papamoscas de Böhm"
"Artomyias ussheri","Ussher's Flycatcher","Papamoscas de Ussher"
"Artomyias fuliginosa","Sooty Flycatcher","Papamoscas ahumado"
"Humblotia flavirostris","Humblot's Flycatcher","Papamoscas de las Comoras"
"Muscicapa griseisticta","Grey-streaked Flycatcher","Papamoscas estriado"
"Muscicapa sibirica","Dark-sided Flycatcher","Papamoscas siberiano"
"Muscicapa ferruginea","Ferruginous Flycatcher","Papamoscas herrumbroso"
"Muscicapa muttui","Brown-breasted Flycatcher","Papamoscas muttui"
"Muscicapa randi","Ashy-breasted Flycatcher","Papamoscas de Rand"
"Muscicapa segregata","Sumba Brown Flycatcher","Papamoscas de Sumba claro"
"Muscicapa dauurica","Asian Brown Flycatcher","Papamoscas asiático"
"Muscicapa williamsoni","Brown-streaked Flycatcher","Papamoscas de Williamson"
"Muscicapa sodhii","Sulawesi Streaked Flycatcher","Papamoscas pardo de Célebes"
"Muscicapa sethsmithi","Yellow-footed Flycatcher","Papamoscas patigualdo"
"Muscicapa epulata","Little Grey Flycatcher","Papamoscas saciado"
"Muscicapa adusta","African Dusky Flycatcher","Papamoscas sombrío"
"Muscicapa striata","Spotted Flycatcher","Papamoscas gris"
"Muscicapa tyrrhenica","Mediterranean Flycatcher",NA
"Muscicapa gambagae","Gambaga Flycatcher","Papamoscas gambaga"
"Muscicapa cassini","Cassin's Flycatcher","Papamoscas de Cassin"
"Muscicapa aquatica","Swamp Flycatcher","Papamoscas palustre"
"Leucoptilon concretum","White-tailed Flycatcher","Papamoscas coliblanco"
"Sholicola major","Nilgiri Blue Robin","Alicorto flanquirrufo"
"Sholicola albiventris","White-bellied Blue Robin","Alicorto ventriblanco"
"Niltava davidi","Fujian Niltava","Papamoscas de David"
"Niltava sundara","Rufous-bellied Niltava","Papamoscas sundara"
"Niltava sumatrana","Rufous-vented Niltava","Papamoscas de Sumatra"
"Niltava oatesi","Chinese Vivid Niltava","Papamoscas vívido grande"
"Niltava vivida","Taiwan Vivid Niltava","Papamoscas vívido chico"
"Niltava macgrigoriae","Small Niltava","Papamoscas de McGrigor"
"Niltava grandis","Large Niltava","Papamoscas grande"
"Cyanoptila cyanomelana","Blue-and-white Flycatcher","Papamoscas azul"
"Cyanoptila cumatilis","Zappey's Flycatcher","Papamoscas de Zappey"
"Eumyias albicaudatus","Nilgiri Flycatcher","Papamoscas de los Nilgiri"
"Eumyias indigo","Indigo Flycatcher","Papamoscas índigo"
"Eumyias thalassinus","Verditer Flycatcher","Papamoscas verdín"
"Eumyias additus","Buru Jungle Flycatcher","Papamoscas gorjiestriado"
"Eumyias panayensis","Turquoise Flycatcher","Papamoscas isleño"
"Eumyias sanfordi","Matinan Blue Flycatcher","Papamoscas de Sanford"
"Eumyias hoevelli","Blue-fronted Blue Flycatcher","Papamoscas frentiazul"
"Eumyias hyacinthinus","Timor Blue Flycatcher","Papamoscas jacintino"
"Eumyias oscillans","Flores Jungle Flycatcher","Papamoscas de Flores"
"Eumyias stresemanni","Sumba Jungle Flycatcher","Papamoscas de Sumba oscuro"
"Eumyias sordidus","Dull-blue Flycatcher","Papamoscas de Ceilán"
"Anthipes monileger","White-gorgeted Flycatcher","Papamoscas gargantilla"
"Anthipes solitaris","Rufous-browed Flycatcher","Papamoscas cejirrufo"
"Cyornis unicolor","Pale Blue Flycatcher","Papamoscas azulado"
"Cyornis glaucicomans","Chinese Blue Flycatcher","Papamoscas chino"
"Cyornis rubeculoides","Blue-throated Blue Flycatcher","Papamoscas gorjiazul"
"Cyornis hainanus","Hainan Blue Flycatcher","Papamoscas de Hainan"
"Cyornis superbus","Bornean Blue Flycatcher","Papamoscas de Borneo"
"Cyornis turcosus","Malaysian Blue Flycatcher","Papamoscas malayo"
"Cyornis lemprieri","Palawan Blue Flycatcher","Papamoscas de Balabac"
"Cyornis caerulatus","Sunda Blue Flycatcher","Papamoscas picoancho"
"Cyornis herioti","Blue-breasted Blue Flycatcher","Papamoscas pechiazul"
"Cyornis camarinensis","Rufous-breasted Blue Flycatcher","Papamoscas pechicanela"
"Cyornis ruficauda","Philippine Jungle Flycatcher","Papamoscas colirrufo"
"Cyornis ocularis","Sulu Jungle Flycatcher",NA
"Cyornis ruficrissa","Crocker Jungle Flycatcher",NA
"Cyornis pallidipes","White-bellied Blue Flycatcher","Papamoscas ventriblanco"
"Cyornis brunneatus","Brown-chested Jungle Flycatcher","Papamoscas pechipardo"
"Cyornis nicobaricus","Nicobar Jungle Flycatcher","Papamoscas de Nicobar"
"Cyornis umbratilis","Grey-chested Jungle Flycatcher","Papamoscas pechigrís"
"Cyornis magnirostris","Large Blue Flycatcher","Papamoscas de Arunachal Pradesh"
"Cyornis tickelliae","Tickell's Blue Flycatcher","Papamoscas de Tickell"
"Cyornis sumatrensis","Indochinese Blue Flycatcher","Papamoscas indochino"
"Cyornis whitei","Hill Blue Flycatcher","Papamoscas pechiclaro"
"Cyornis rufigastra","Mangrove Blue Flycatcher","Papamoscas de manglar"
"Cyornis omissus","Sulawesi Blue Flycatcher","Papamoscas de Célebes"
"Cyornis kalaoensis","Kalao Blue Flycatcher",NA
"Cyornis banyumas","Javan Blue Flycatcher","Papamoscas de Banyumas"
"Cyornis montanus","Dayak Blue Flycatcher","Papamoscas dayaco"
"Cyornis kadayangensis","Meratus Blue Flycatcher",NA
"Cyornis poliogenys","Pale-chinned Flycatcher","Papamoscas de Brooks"
"Cyornis olivaceus","Fulvous-chested Jungle Flycatcher","Papamoscas dorsioliva"
"Cyornis pelingensis","Banggai Jungle Flycatcher","Papamoscas de Banggai"
"Cyornis colonus","Sula Jungle Flycatcher","Papamoscas de las Sula"
"Cyornis ruckii","Rück's Blue Flycatcher","Papamoscas de Rück"
"Erithacus rubecula","European Robin","Petirrojo europeo"
"Swynnertonia swynnertoni","Swynnerton's Robin","Ruiseñor de Swynnerton"
"Pogonocichla stellata","White-starred Robin","Ruiseñor estrellado"
"Stiphrornis erythrothorax","Orange-breasted Forest Robin","Petirrojo selvático dorsipardo"
"Stiphrornis xanthogaster","Yellow-breasted Forest Robin","Petirrojo selvático dorsigrís"
"Stiphrornis pyrrholaemus","Olive-backed Forest Robin","Petirrojo selvático dorsioliva"
"Cossyphicula roberti","White-bellied Robin-Chat","Cosifa ventriblanco"
"Cossyphicula isabellae","Mountain Robin-Chat","Cosifa de Isabel"
"Chamaetylas poliophrys","Red-throated Alethe","Alete gorjirrojo"
"Chamaetylas poliocephala","Brown-chested Alethe","Alete pechipardo"
"Chamaetylas fuelleborni","White-chested Alethe","Alete pechiblanco"
"Chamaetylas choloensis","Thyolo Alethe","Alete de Cholo"
"Cossypha albicapillus","White-crowned Robin-Chat","Cosifa coroniblanca"
"Cossypha heuglini","White-browed Robin-Chat","Cosifa de Heuglin"
"Cossypha dichroa","Chorister Robin-Chat","Cosifa bicolor"
"Cossypha semirufa","Rüppell's Robin-Chat","Cosifa de Rüppell"
"Cossypha niveicapilla","Snowy-crowned Robin-Chat","Cosifa coroninívea"
"Cossypha natalensis","Red-capped Robin-Chat","Cosifa de Natal"
"Cossypha heinrichi","White-headed Robin-Chat","Cosifa cabeciblanca"
"Cossypha cyanocampter","Blue-shouldered Robin-Chat","Cosifa aliazul"
"Cichladusa arquata","Collared Palm Thrush","Zorzal palmero acollarado"
"Cichladusa ruficauda","Rufous-tailed Palm Thrush","Zorzal palmero colirrufo"
"Cichladusa guttata","Spotted Palm Thrush","Zorzal palmero moteado"
"Xenocopsychus ansorgei","Angola Cave Chat","Cosifa angoleña"
"Dessonornis humeralis","White-throated Robin-Chat","Cosifa gorjiblanca"
"Dessonornis caffer","Cape Robin-Chat","Cosifa cafre"
"Dessonornis archeri","Archer's Ground Robin","Cosifa de Archer"
"Dessonornis anomalus","Olive-flanked Ground Robin","Cosifa anómala"
"Sheppardia montana","Usambara Akalat","Akelat de los Usambara"
"Sheppardia lowei","Iringa Akalat","Akelat del Iringa"
"Sheppardia aurantiithorax","Rubeho Akalat","Akelat de Rubeho"
"Sheppardia gunningi","East Coast Akalat","Akelat de Gunning"
"Sheppardia sharpei","Sharpe's Akalat","Akelat de Sharpe"
"Sheppardia bocagei","Bocage's Akalat","Akelat de Bocage"
"Sheppardia poensis","Short-tailed Akalat","Akelat colicorto"
"Sheppardia cyornithopsis","Lowland Akalat","Akelat occidental"
"Sheppardia aequatorialis","Equatorial Akalat","Akelat ecuatorial"
"Sheppardia gabela","Gabela Akalat","Akelat de Gabela"
"Sheppardia polioptera","Grey-winged Robin-Chat","Akelat aligrís"
"Irania gutturalis","White-throated Robin","Petirrojo de Irán"
"Luscinia luscinia","Thrush Nightingale","Ruiseñor ruso"
"Luscinia megarhynchos","Common Nightingale","Ruiseñor común"
"Luscinia svecica","Bluethroat","Ruiseñor pechiazul"
"Luscinia phaenicuroides","White-bellied Redstart","Colirrojo ventriblanco"
"Myiomela leucura","White-tailed Robin","Ruiseñor coliblanco"
"Myiomela sumatrana","Sumatran Blue Robin",NA
"Myiomela diana","Javan Blue Robin","Ruiseñor de la Sonda"
"Calliope obscura","Blackthroat","Ruiseñor gorjinegro"
"Calliope pectardens","Firethroat","Ruiseñor de David"
"Calliope calliope","Siberian Rubythroat","Ruiseñor calíope"
"Calliope pectoralis","Himalayan Rubythroat","Ruiseñor pechinegro del Himalaya"
"Calliope tschebaiewi","Chinese Rubythroat","Ruiseñor pechinegro chino"
"Enicurus scouleri","Little Forktail","Torrentero chico"
"Enicurus immaculatus","Black-backed Forktail","Torrentero dorsinegro"
"Enicurus schistaceus","Slaty-backed Forktail","Torrentero dorsigrís"
"Enicurus maculatus","Spotted Forktail","Torrentero moteado"
"Enicurus leschenaulti","White-crowned Forktail","Torrentero coroniblanco"
"Enicurus borneensis","Bornean Forktail",NA
"Enicurus ruficapillus","Chestnut-naped Forktail","Torrentero capirrufo"
"Enicurus velatus","Sunda Forktail","Torrentero de la Sonda"
"Cinclidium frontale","Blue-fronted Robin","Ruiseñor frentiazul"
"Myophonus insularis","Taiwan Whistling Thrush","Arrenga de Formosa"
"Myophonus melanurus","Shiny Whistling Thrush","Arrenga brillante"
"Myophonus castaneus","Brown-winged Whistling Thrush","Arrenga castaño"
"Myophonus caeruleus","Blue Whistling Thrush","Arrenga común"
"Myophonus glaucinus","Javan Whistling Thrush","Arrenga de Java"
"Myophonus borneensis","Bornean Whistling Thrush","Arrenga de Borneo"
"Myophonus robinsoni","Malayan Whistling Thrush","Arrenga malayo"
"Myophonus horsfieldii","Malabar Whistling Thrush","Arrenga indio"
"Myophonus blighi","Sri Lanka Whistling Thrush","Arrenga de Ceilán"
"Heinrichia calligyna","Great Shortwing","Alicorto grande"
"Vauriella gularis","Eyebrowed Jungle Flycatcher","Papamoscas embridado"
"Vauriella albigularis","White-throated Jungle Flycatcher","Papamoscas de Negros"
"Vauriella insignis","White-browed Jungle Flycatcher","Papamoscas insigne"
"Vauriella goodfellowi","Slaty-backed Jungle Flycatcher","Papamoscas de Mindanao"
"Leonardina woodi","Bagobo Babbler","Tordina de Mindanao"
"Brachypteryx cruralis","Himalayan Shortwing","Alicorto del Himalaya"
"Brachypteryx sinensis","Chinese Shortwing","Alicorto chino"
"Brachypteryx goodfellowi","Taiwan Shortwing","Alicorto de Formosa"
"Brachypteryx hyperythra","Rusty-bellied Shortwing","Alicorto ventrirrufo"
"Brachypteryx leucophris","Lesser Shortwing","Alicorto chico"
"Brachypteryx poliogyna","Philippine Shortwing","Alicorto filipino"
"Brachypteryx erythrogyna","Bornean Shortwing","Alicorto de Borneo"
"Brachypteryx saturata","Sumatran Shortwing","Alicorto de Sumatra"
"Brachypteryx montana","Javan Shortwing","Alicorto de Java"
"Brachypteryx floris","Flores Shortwing","Alicorto de Flores"
"Larvivora cyane","Siberian Blue Robin","Ruiseñor azul"
"Larvivora brunnea","Indian Blue Robin","Ruiseñor indio"
"Larvivora akahige","Japanese Robin","Ruiseñor japonés"
"Larvivora tanensis","Izu Robin","Ruiseñor de las Izu"
"Larvivora komadori","Ryukyu Robin","Ruiseñor de las Ryukyu"
"Larvivora namiyei","Okinawa Robin","Ruiseñor de Okinawa"
"Larvivora sibilans","Rufous-tailed Robin","Ruiseñor silbador"
"Larvivora ruficeps","Rufous-headed Robin","Ruiseñor cabecirrojo"
"Ficedula zanthopygia","Yellow-rumped Flycatcher","Papamoscas culiamarillo"
"Ficedula elisae","Green-backed Flycatcher","Papamoscas de Elise"
"Ficedula narcissina","Narcissus Flycatcher","Papamoscas narciso"
"Ficedula owstoni","Ryukyu Flycatcher","Papamoscas de las Ryukyu"
"Ficedula tricolor","Slaty-blue Flycatcher","Papamoscas tricolor"
"Ficedula hyperythra","Snowy-browed Flycatcher","Papamoscas cejiníveo"
"Ficedula mugimaki","Mugimaki Flycatcher","Papamoscas mugimaki"
"Ficedula erithacus","Slaty-backed Flycatcher","Papamoscas pechirrojo"
"Ficedula hodgsoni","Pygmy Flycatcher","Papamoscas pigmeo"
"Ficedula strophiata","Rufous-gorgeted Flycatcher","Papamoscas gorjirrojo"
"Ficedula sapphira","Sapphire Flycatcher","Papamoscas zafiro"
"Ficedula superciliaris","Ultramarine Flycatcher","Papamoscas ultramarino"
"Ficedula westermanni","Little Pied Flycatcher","Papamoscas pío"
"Ficedula ruficauda","Rusty-tailed Flycatcher","Papamoscas colirrojo"
"Ficedula subrubra","Kashmir Flycatcher","Papamoscas de Cachemira"
"Ficedula parva","Red-breasted Flycatcher","Papamoscas papirrojo"
"Ficedula albicilla","Taiga Flycatcher","Papamoscas de la taiga"
"Ficedula semitorquata","Semicollared Flycatcher","Papamoscas semiacollarado"
"Ficedula speculigera","Atlas Pied Flycatcher","Papamoscas del Atlas"
"Ficedula hypoleuca","European Pied Flycatcher","Papamoscas cerrojillo"
"Ficedula albicollis","Collared Flycatcher","Papamoscas acollarado"
"Ficedula nigrorufa","Black-and-orange Flycatcher","Papamoscas rufinegro"
"Ficedula riedeli","Tanimbar Flycatcher","Papamoscas de las Tanimbar"
"Ficedula dumetoria","Rufous-chested Flycatcher","Papamoscas pechirrufo"
"Ficedula disposita","Furtive Flycatcher","Papamoscas furtivo"
"Ficedula platenae","Palawan Flycatcher","Papamoscas de Palawan"
"Ficedula rufigula","Rufous-throated Flycatcher","Papamoscas gorjirrufo"
"Ficedula buruensis","Cinnamon-chested Flycatcher","Papamoscas de Buru"
"Ficedula harterti","Sumba Flycatcher","Papamoscas de Hartert"
"Ficedula timorensis","Black-banded Flycatcher","Papamoscas de Timor"
"Ficedula basilanica","Little Slaty Flycatcher","Papamoscas de Basilán"
"Ficedula luzoniensis","Bundok Flycatcher","Papamoscas de Luzón"
"Ficedula crypta","Cryptic Flycatcher","Papamoscas críptico"
"Ficedula bonthaina","Lompobattang Flycatcher","Papamoscas del Lompobattang"
"Ficedula henrici","Damar Flycatcher","Papamoscas de la Damar"
"Tarsiger indicus","White-browed Bush Robin","Ruiseñor cejudo"
"Tarsiger formosanus","Taiwan Bush Robin",NA
"Tarsiger chrysaeus","Golden Bush Robin","Ruiseñor dorado"
"Tarsiger johnstoniae","Collared Bush Robin","Ruiseñor de Formosa"
"Tarsiger hyperythrus","Rufous-breasted Bush Robin","Ruiseñor pechirrufo"
"Tarsiger cyanurus","Red-flanked Bluetail","Ruiseñor coliazul"
"Tarsiger albocoeruleus","Qilian Bluetail",NA
"Tarsiger rufilatus","Himalayan Bluetail","Ruiseñor del Himalaya"
"Heteroxenicus stellatus","Gould's Shortwing","Alicorto estrellado"
"Phoenicurus erythronotus","Eversmann's Redstart","Colirrojo de Eversmann"
"Phoenicurus frontalis","Blue-fronted Redstart","Colirrojo frentiazul"
"Phoenicurus coeruleocephala","Blue-capped Redstart","Colirrojo capiazul"
"Phoenicurus schisticeps","White-throated Redstart","Colirrojo gorjiblanco"
"Phoenicurus fuliginosus","Plumbeous Water Redstart","Colirrojo fuliginoso"
"Phoenicurus bicolor","Luzon Water Redstart","Colirrojo bicolor"
"Phoenicurus leucocephalus","White-capped Redstart","Colirrojo acuático"
"Phoenicurus alaschanicus","Przevalski's Redstart","Colirrojo de Przewalski"
"Phoenicurus ochruros","Black Redstart","Colirrojo tizón"
"Phoenicurus phoenicurus","Common Redstart","Colirrojo real"
"Phoenicurus moussieri","Moussier's Redstart","Colirrojo diademado"
"Phoenicurus auroreus","Daurian Redstart","Colirrojo dáurico"
"Phoenicurus hodgsoni","Hodgson's Redstart","Colirrojo de Hodgson"
"Phoenicurus erythrogastrus","Güldenstädt's Redstart","Colirrojo de Güldenstädt"
"Monticola cinclorhyncha","Blue-capped Rock Thrush","Roquero capiazul"
"Monticola gularis","White-throated Rock Thrush","Roquero gorjiblanco"
"Monticola rufiventris","Chestnut-bellied Rock Thrush","Roquero ventrirrufo"
"Monticola brevipes","Short-toed Rock Thrush","Roquero de Namibia"
"Monticola explorator","Sentinel Rock Thrush","Roquero centinela"
"Monticola erythronotus","Amber Mountain Rock Thrush","Roquero de Lavauden"
"Monticola sharpei","Forest Rock Thrush","Roquero de Sharpe"
"Monticola imerina","Littoral Rock Thrush","Roquero litoral"
"Monticola rufocinereus","Little Rock Thrush","Roquero chico"
"Monticola saxatilis","Common Rock Thrush","Roquero rojo"
"Monticola solitarius","Blue Rock Thrush","Roquero solitario"
"Monticola rupestris","Cape Rock Thrush","Roquero de El Cabo"
"Monticola angolensis","Miombo Rock Thrush","Roquero angoleño"
"Monticola semirufus","White-winged Cliff Chat","Roquero abisinio"
"Saxicola jerdoni","Jerdon's Bush Chat","Tarabilla de Jerdon"
"Saxicola ferreus","Grey Bush Chat","Tarabilla gris"
"Saxicola rubetra","Whinchat","Tarabilla norteña"
"Saxicola macrorhynchus","White-browed Bush Chat","Tarabilla de Stoliczka"
"Saxicola gutturalis","White-bellied Bush Chat","Tarabilla de Timor"
"Saxicola caprata","Pied Bush Chat","Tarabilla pía"
"Saxicola insignis","White-throated Bush Chat","Tarabilla de Hodgson"
"Saxicola leucurus","White-tailed Stonechat","Tarabilla coliblanca"
"Saxicola stejnegeri","Amur Stonechat","Tarabilla del Amur"
"Saxicola torquatus","African Stonechat","Tarabilla común"
"Saxicola tectes","Reunion Stonechat","Tarabilla de Reunión"
"Saxicola maurus","Siberian Stonechat","Tarabilla Siberiana"
"Saxicola rubicola","European Stonechat","Tarabilla europea"
"Saxicola dacotiae","Canary Islands Stonechat","Tarabilla canaria"
"Campicoloides bifasciatus","Buff-streaked Chat","Tarabilla sudafricana"
"Emarginata schlegelii","Karoo Chat","Colinegro del Karoo"
"Emarginata tractrac","Tractrac Chat","Colinegro tractrac"
"Emarginata sinuata","Sickle-winged Chat","Colinegro sudafricano"
"Pinarochroa sordida","Moorland Chat","Colinegro abisinio"
"Thamnolaea cinnamomeiventris","Mocking Cliff Chat","Roquero imitador"
"Myrmecocichla aethiops","Anteater Chat","Zorzal hormiguero septentrional"
"Myrmecocichla tholloni","Congo Moor Chat","Zorzal hormiguero del Congo"
"Myrmecocichla formicivora","Ant-eating Chat","Zorzal hormiguero meridional"
"Myrmecocichla monticola","Mountain Chat","Zorzal hormiguero montano"
"Myrmecocichla nigra","Sooty Chat","Zorzal hormiguero negro"
"Myrmecocichla melaena","Rüppell's Black Chat","Zorzal hormiguero de Rüppell"
"Myrmecocichla collaris","Ruaha Chat",NA
"Myrmecocichla arnotti","Arnot's Chat","Zorzal hormiguero de Arnot"
"Oenanthe oenanthe","Northern Wheatear","Collalba gris"
"Oenanthe seebohmi","Atlas Wheatear","Collalba del Atlas"
"Oenanthe pileata","Capped Wheatear","Collalba capirotada"
"Oenanthe bottae","Buff-breasted Wheatear","Collalba de Botta"
"Oenanthe frenata","Rusty-breasted Wheatear","Collalba pechirroja"
"Oenanthe isabellina","Isabelline Wheatear","Collalba isabel"
"Oenanthe heuglinii","Heuglin's Wheatear","Collalba de Heuglin"
"Oenanthe monacha","Hooded Wheatear","Collalba monje"
"Oenanthe deserti","Desert Wheatear","Collalba desértica"
"Oenanthe hispanica","Western Black-eared Wheatear","Collalba rubia occidental"
"Oenanthe pleschanka","Pied Wheatear","Collalba pía"
"Oenanthe melanoleuca","Eastern Black-eared Wheatear","Collalba rubia oriental"
"Oenanthe cypriaca","Cyprus Wheatear","Collalba chipriota"
"Oenanthe albifrons","White-fronted Black Chat","Collalba frentiblanca"
"Oenanthe phillipsi","Somali Wheatear","Collalba somalí"
"Oenanthe moesta","Red-rumped Wheatear","Collalba culirroja"
"Oenanthe melanura","Blackstart","Colinegro común"
"Oenanthe familiaris","Familiar Chat","Colinegro familiar"
"Oenanthe scotocerca","Brown-tailed Rock Chat","Colinegro pardo"
"Oenanthe dubia","Sombre Rock Chat","Colinegro sombrío"
"Oenanthe fusca","Brown Rock Chat","Colinegro indio"
"Oenanthe picata","Variable Wheatear","Collalba variable"
"Oenanthe finschii","Finsch's Wheatear","Collalba de Finsch"
"Oenanthe lugens","Mourning Wheatear","Collalba núbica"
"Oenanthe xanthoprymna","Kurdish Wheatear","Collalba persa"
"Oenanthe chrysopygia","Red-tailed Wheatear","Collalba afgana"
"Oenanthe leucopyga","White-crowned Wheatear","Collalba yebélica"
"Oenanthe albonigra","Hume's Wheatear","Collalba de Hume"
"Oenanthe leucura","Black Wheatear","Collalba negra"
"Oenanthe lugentoides","Arabian Wheatear","Collalba Arábica"
"Oenanthe lugubris","Abyssinian Wheatear","Collalba de Shalow"
"Cinclus cinclus","White-throated Dipper","Mirlo acuático europeo"
"Cinclus pallasii","Brown Dipper","Mirlo acuático pardo"
"Cinclus mexicanus","American Dipper","Mirlo acuático norteamericano"
"Cinclus leucocephalus","White-capped Dipper","Mirlo acuático coroniblanco"
"Cinclus schulzii","Rufous-throated Dipper","Mirlo acuático gorjirrufo"
"Chloropsis flavipennis","Philippine Leafbird","Verdín filipino"
"Chloropsis palawanensis","Yellow-throated Leafbird","Verdín de Palawan"
"Chloropsis sonnerati","Greater Green Leafbird","Verdín de Sonnerat"
"Chloropsis cyanopogon","Lesser Green Leafbird","Verdín gorjiazul"
"Chloropsis moluccensis","Blue-winged Leafbird","Verdín aliazul"
"Chloropsis cochinchinensis","Javan Leafbird","Verdín de Java"
"Chloropsis kinabaluensis","Bornean Leafbird","Verdín de Borneo"
"Chloropsis jerdoni","Jerdon's Leafbird","Verdín de Jerdon"
"Chloropsis aurifrons","Golden-fronted Leafbird","Verdín frentidorado"
"Chloropsis media","Sumatran Leafbird","Verdín de Sumatra"
"Chloropsis hardwickii","Orange-bellied Leafbird","Verdín ventrinaranja occidental"
"Chloropsis venusta","Blue-masked Leafbird","Verdín frentiazul"
"Prionochilus maculatus","Yellow-breasted Flowerpecker","Picaflores moteado"
"Prionochilus percussus","Crimson-breasted Flowerpecker","Picaflores carminoso"
"Prionochilus plateni","Palawan Flowerpecker","Picaflores de Palawan"
"Prionochilus xanthopygius","Yellow-rumped Flowerpecker","Picaflores culigualdo"
"Prionochilus thoracicus","Scarlet-breasted Flowerpecker","Picaflores pechiescarlata"
"Pachyglossa olivacea","Olive-backed Flowerpecker","Picaflores oliváceo"
"Pachyglossa propria","Whiskered Flowerpecker","Picaflores bigotudo"
"Pachyglossa chrysorrhea","Yellow-vented Flowerpecker","Picaflores pechiestriado"
"Pachyglossa melanozantha","Yellow-bellied Flowerpecker","Picaflores ventrigualdo"
"Pachyglossa vincens","Legge's Flowerpecker","Picaflores cingalés"
"Pachyglossa everetti","Brown-backed Flowerpecker","Picaflores dorsipardo"
"Pachyglossa agilis","Thick-billed Flowerpecker","Picaflores picogrueso"
"Dicaeum dayakorum","Spectacled Flowerpecker","Picaflores especulado"
"Dicaeum annae","Golden-rumped Flowerpecker","Picaflores culidorado"
"Dicaeum aureolimbatum","Yellow-sided Flowerpecker","Picaflores flanquigualdo"
"Dicaeum nigrilore","Olive-capped Flowerpecker","Picaflores de Mindanao"
"Dicaeum anthonyi","Yellow-crowned Flowerpecker","Picaflores coronigualdo"
"Dicaeum kampalili","Flame-crowned Flowerpecker","Picaflores coronirrufo"
"Dicaeum bicolor","Bicolored Flowerpecker","Picaflores bicolor"
"Dicaeum australe","Red-keeled Flowerpecker","Picaflores filipino"
"Dicaeum haematostictum","Black-belted Flowerpecker","Picaflores pechinegro"
"Dicaeum retrocinctum","Scarlet-collared Flowerpecker","Picaflores de Mindoro"
"Dicaeum quadricolor","Cebu Flowerpecker","Picaflores de Cebú"
"Dicaeum trigonostigma","Orange-bellied Flowerpecker","Picaflores ventrinaranja"
"Dicaeum hypoleucum","Buzzing Flowerpecker","Picaflores zumbador"
"Dicaeum erythrorhynchos","Pale-billed Flowerpecker","Picaflores piquirrojo"
"Dicaeum concolor","Nilgiri Flowerpecker","Picaflores liso"
"Dicaeum minullum","Plain Flowerpecker","Picaflores sencillo"
"Dicaeum virescens","Andaman Flowerpecker","Picaflores de Andaman"
"Dicaeum pygmaeum","Pygmy Flowerpecker","Picaflores pigmeo"
"Dicaeum nehrkorni","Crimson-crowned Flowerpecker","Picaflores de Nehrkorn"
"Dicaeum erythrothorax","Buru Flowerpecker","Picaflores de Buru"
"Dicaeum schistaceiceps","Halmahera Flowerpecker","Picaflores de Halmahera"
"Dicaeum vulneratum","Ashy Flowerpecker","Picaflores cenizo"
"Dicaeum pectorale","Olive-crowned Flowerpecker","Picaflores pectoral"
"Dicaeum geelvinkianum","Red-capped Flowerpecker","Picaflores capirrojo"
"Dicaeum nitidum","Louisiade Flowerpecker","Picaflores de las Luisiadas"
"Dicaeum eximium","Red-banded Flowerpecker","Picaflores de las Bismarck"
"Dicaeum aeneum","Midget Flowerpecker","Picaflores de las Salomón"
"Dicaeum tristrami","Mottled Flowerpecker","Picaflores de San Cristóbal"
"Dicaeum igniferum","Black-fronted Flowerpecker","Picaflores encendido"
"Dicaeum maugei","Red-chested Flowerpecker","Picaflores de Maugé"
"Dicaeum keiense","Pink-breasted Flowerpecker","Picaflores de las Kai"
"Dicaeum hirundinaceum","Mistletoebird","Picaflores golondrina"
"Dicaeum celebicum","Grey-sided Flowerpecker","Picaflores de Célebes"
"Dicaeum monticolum","Black-sided Flowerpecker","Picaflores de Borneo"
"Dicaeum ignipectus","Fire-breasted Flowerpecker","Picaflores pechofuego"
"Dicaeum cambodianum","Cambodian Flowerpecker","Picaflores de Camboya"
"Dicaeum beccarii","Sumatran Flowerpecker","Picaflores de Sumatra"
"Dicaeum luzoniense","Fire-throated Flowerpecker","Picaflores de Luzón"
"Dicaeum sanguinolentum","Javan Flowerpecker","Picaflores sangrante"
"Dicaeum rhodopygiale","Flores Flowerpecker",NA
"Dicaeum wilhelminae","Sumba Flowerpecker","Picaflores de Sumba"
"Dicaeum hanieli","Timor Flowerpecker","Picaflores de Timor"
"Dicaeum cruentatum","Scarlet-backed Flowerpecker","Picaflores dorsirrojo"
"Dicaeum trochileum","Scarlet-headed Flowerpecker","Picaflores cabecirrojo"
"Chalcoparia singalensis","Ruby-cheeked Sunbird","Suimanga carirrubí"
"Deleornis fraseri","Fraser's Sunbird","Suimanga de Fraser"
"Deleornis axillaris","Grey-headed Sunbird","Suimanga cabecigrís"
"Anthreptes reichenowi","Plain-backed Sunbird","Suimanga de Reichenow"
"Anthreptes anchietae","Anchieta's Sunbird","Suimanga de Anchieta"
"Anthreptes simplex","Plain Sunbird","Suimanga sencillo"
"Anthreptes malacensis","Brown-throated Sunbird","Suimanga gorjipardo"
"Anthreptes griseigularis","Grey-throated Sunbird","Suimanga gorjigrís"
"Anthreptes rhodolaemus","Red-throated Sunbird","Suimanga gorjirrojo"
"Anthreptes gabonicus","Mangrove Sunbird","Suimanga pardo"
"Anthreptes longuemarei","Western Violet-backed Sunbird","Suimanga violeta"
"Anthreptes orientalis","Eastern Violet-backed Sunbird","Suimanga keniata"
"Anthreptes neglectus","Uluguru Violet-backed Sunbird","Suimanga de las Uluguru"
"Anthreptes aurantius","Violet-tailed Sunbird","Suimanga colivioleta"
"Anthreptes seimundi","Little Green Sunbird","Suimanga de Seimund"
"Anthreptes rectirostris","Yellow-chinned Sunbird","Suimanga piquirrecto"
"Anthreptes tephrolaemus","Grey-chinned Sunbird","Suimanga barbigrís"
"Anthreptes rubritorques","Banded Green Sunbird","Suimanga cuellirrojo"
"Hedydipna collaris","Collared Sunbird","Suimanga acollarado"
"Hedydipna platura","Pygmy Sunbird","Suimanga pigmeo"
"Hedydipna metallica","Nile Valley Sunbird","Suimanga del Nilo"
"Hedydipna pallidigaster","Amani Sunbird","Suimanga de Amani"
"Anabathmis reichenbachii","Reichenbach's Sunbird","Suimanga de Reichenbach"
"Anabathmis hartlaubii","Principe Sunbird","Suimanga de Príncipe"
"Anabathmis newtonii","Newton's Sunbird","Suimanga de Newton"
"Dreptes thomensis","Giant Sunbird","Suimanga gigante"
"Anthobaphes violacea","Orange-breasted Sunbird","Suimanga pechinaranja"
"Cyanomitra verticalis","Green-headed Sunbird","Suimanga cabeciverde"
"Cyanomitra bannermani","Bannerman's Sunbird","Suimanga de Bannerman"
"Cyanomitra cyanolaema","Blue-throated Brown Sunbird","Suimanga gorjiazul"
"Cyanomitra oritis","Cameroon Sunbird","Suimanga camerunés"
"Cyanomitra alinae","Blue-headed Sunbird","Suimanga cabeciazul"
"Cyanomitra olivacea","Olive Sunbird","Suimanga oliváceo"
"Cyanomitra veroxii","Grey Sunbird","Suimanga ratonil"
"Chalcomitra adelberti","Buff-throated Sunbird","Suimanga gorjiclaro"
"Chalcomitra fuliginosa","Carmelite Sunbird","Suimanga carmelita"
"Chalcomitra rubescens","Green-throated Sunbird","Suimanga gorjiverde"
"Chalcomitra amethystina","Amethyst Sunbird","Suimanga amatista"
"Chalcomitra senegalensis","Scarlet-chested Sunbird","Suimanga pechiescarlata"
"Chalcomitra hunteri","Hunter's Sunbird","Suimanga de Hunter"
"Chalcomitra balfouri","Socotra Sunbird","Suimanga de Socotora"
"Leptocoma zeylonica","Purple-rumped Sunbird","Suimanga cingalés"
"Leptocoma minima","Crimson-backed Sunbird","Suimanga mínimo"
"Leptocoma sperata","Purple-throated Sunbird","Suimanga gorjipúrpura"
"Leptocoma brasiliana","Van Hasselt's Sunbird","Suimanga ventrigranate"
"Leptocoma aspasia","Black Sunbird","Suimanga negro"
"Leptocoma calcostetha","Copper-throated Sunbird","Suimanga de Macklot"
"Nectarinia bocagii","Bocage's Sunbird","Suimanga de Bocage"
"Nectarinia purpureiventris","Purple-breasted Sunbird","Suimanga pechipúrpura"
"Nectarinia tacazze","Tacazze Sunbird","Suimanga de Tacazzé"
"Nectarinia kilimensis","Bronze Sunbird","Suimanga bronceado"
"Nectarinia famosa","Malachite Sunbird","Suimanga malaquita"
"Nectarinia johnstoni","Scarlet-tufted Sunbird","Suimanga de Johnston"
"Drepanorhynchus reichenowi","Golden-winged Sunbird","Suimanga alidorado"
"Cinnyris chloropygius","Olive-bellied Sunbird","Suimanga ventrioliva"
"Cinnyris minullus","Tiny Sunbird","Suimanga enano"
"Cinnyris manoensis","Eastern Miombo Sunbird","Suimanga del miombo oriental"
"Cinnyris gertrudis","Western Miombo Sunbird","Suimanga del miombo occidental"
"Cinnyris chalybeus","Southern Double-collared Sunbird","Suimanga acerado"
"Cinnyris neergaardi","Neergaard's Sunbird","Suimanga de Neergaard"
"Cinnyris stuhlmanni","Rwenzori Double-collared Sunbird","Suimanga de Stuhlmann"
"Cinnyris whytei","Whyte's Double-collared Sunbird",NA
"Cinnyris prigoginei","Prigogine's Double-collared Sunbird","Suimanga de Prigogine"
"Cinnyris ludovicensis","Ludwig's Double-collared Sunbird","Suimanga angoleño"
"Cinnyris reichenowi","Northern Double-collared Sunbird","Suimanga de Preuss"
"Cinnyris afer","Greater Double-collared Sunbird","Suimanga bicollar"
"Cinnyris regius","Regal Sunbird","Suimanga real"
"Cinnyris rockefelleri","Rockefeller's Sunbird","Suimanga de Rockefeller"
"Cinnyris mediocris","Eastern Double-collared Sunbird","Suimanga del Kilimanjaro"
"Cinnyris usambaricus","Usambara Double-collared Sunbird","Suimanga de los Usambara"
"Cinnyris fuelleborni","Forest Double-collared Sunbird","Suimanga de Fülleborn"
"Cinnyris moreaui","Moreau's Sunbird","Suimanga de Moreau"
"Cinnyris loveridgei","Loveridge's Sunbird","Suimanga de Loveridge"
"Cinnyris pulchellus","Beautiful Sunbird","Suimanga colilargo sudanés"
"Cinnyris melanogastrus","Gorgeous Sunbird","Suimanga colilargo masai"
"Cinnyris mariquensis","Marico Sunbird","Suimanga del Marico"
"Cinnyris shelleyi","Shelley's Sunbird","Suimanga de Shelley"
"Cinnyris congensis","Congo Sunbird","Suimanga congoleño"
"Cinnyris erythrocercus","Red-chested Sunbird","Suimanga pechirrojo"
"Cinnyris nectarinioides","Black-bellied Sunbird","Suimanga ventrinegro"
"Cinnyris bifasciatus","Purple-banded Sunbird","Suimanga bandeado"
"Cinnyris tsavoensis","Tsavo Sunbird","Suimanga del Tsavo"
"Cinnyris chalcomelas","Violet-breasted Sunbird","Suimanga pechivioleta"
"Cinnyris pembae","Pemba Sunbird","Suimanga de Pemba"
"Cinnyris bouvieri","Orange-tufted Sunbird","Suimanga de Bouvier"
"Cinnyris osea","Palestine Sunbird","Suimanga palestino"
"Cinnyris hellmayri","Arabian Sunbird","Suimanga árabe"
"Cinnyris habessinicus","Abyssinian Sunbird","Suimanga brillante"
"Cinnyris coccinigastrus","Splendid Sunbird","Suimanga espléndido"
"Cinnyris johannae","Johanna's Sunbird","Suimanga de Johanna"
"Cinnyris superbus","Superb Sunbird","Suimanga soberbio"
"Cinnyris rufipennis","Rufous-winged Sunbird","Suimanga alirrojo"
"Cinnyris oustaleti","Oustalet's Sunbird","Suimanga de Oustalet"
"Cinnyris talatala","White-bellied Sunbird","Suimanga pechiblanco"
"Cinnyris venustus","Variable Sunbird","Suimanga variable"
"Cinnyris fuscus","Dusky Sunbird","Suimanga oscuro"
"Cinnyris ursulae","Ursula's Sunbird","Suimanga de Úrsula"
"Cinnyris batesi","Bates's Sunbird","Suimanga de Bates"
"Cinnyris cupreus","Copper Sunbird","Suimanga cobrizo"
"Cinnyris asiaticus","Purple Sunbird","Suimanga asiático"
"Cinnyris ornatus","Ornate Sunbird",NA
"Cinnyris jugularis","Garden Sunbird","Suimanga dorsioliva"
"Cinnyris aurora","Palawan Sunbird",NA
"Cinnyris frenatus","Sahul Sunbird",NA
"Cinnyris infrenatus","Tukangbesi Sunbird",NA
"Cinnyris teysmanni","Flores Sea Sunbird",NA
"Cinnyris clementiae","South Moluccan Sunbird",NA
"Cinnyris idenburgi","Mamberamo Sunbird","Suimanga de Rand"
"Cinnyris buettikoferi","Apricot-breasted Sunbird","Suimanga de Sumba"
"Cinnyris solaris","Flame-breasted Sunbird","Suimanga de Timor"
"Cinnyris sovimanga","Souimanga Sunbird","Suimanga malgache"
"Cinnyris notatus","Malagasy Green Sunbird","Suimanga piquilargo"
"Cinnyris dussumieri","Seychelles Sunbird","Suimanga de Seychelles"
"Cinnyris humbloti","Humblot's Sunbird","Suimanga de Humblot"
"Cinnyris comorensis","Anjouan Sunbird","Suimanga de Anjuán"
"Cinnyris coquerellii","Mayotte Sunbird","Suimanga de Mayotte"
"Cinnyris lotenius","Loten's Sunbird","Suimanga de Loten"
"Aethopyga primigenia","Grey-hooded Sunbird","Suimanga de Hachisuka"
"Aethopyga boltoni","Apo Sunbird","Suimanga de Bolton"
"Aethopyga tibolii","Tboli Sunbird",NA
"Aethopyga linaraborae","Lina's Sunbird","Suimanga de Lina"
"Aethopyga flagrans","Flaming Sunbird","Suimanga llameante"
"Aethopyga guimarasensis","Maroon-naped Sunbird","Suimanga de Guimarás"
"Aethopyga pulcherrima","Metallic-winged Sunbird","Suimanga submontano"
"Aethopyga duyvenbodei","Elegant Sunbird","Suimanga elegante"
"Aethopyga shelleyi","Lovely Sunbird","Suimanga filipino"
"Aethopyga bella","Handsome Sunbird","Suimanga hermoso"
"Aethopyga gouldiae","Mrs. Gould's Sunbird","Suimanga de Gould"
"Aethopyga nipalensis","Green-tailed Sunbird","Suimanga coliverde"
"Aethopyga eximia","White-flanked Sunbird","Suimanga eximio"
"Aethopyga christinae","Fork-tailed Sunbird","Suimanga de Christina"
"Aethopyga saturata","Black-throated Sunbird","Suimanga gorjinegro"
"Aethopyga siparaja","Crimson Sunbird","Suimanga siparaja"
"Aethopyga magnifica","Magnificent Sunbird","Suimanga magnífico"
"Aethopyga vigorsii","Vigors's Sunbird","Suimanga de Vigors"
"Aethopyga mystacalis","Javan Sunbird","Suimanga de Java"
"Aethopyga temminckii","Temminck's Sunbird","Suimanga de Temminck"
"Aethopyga ignicauda","Fire-tailed Sunbird","Suimanga colafuego"
"Kurochkinegramma hypogrammicum","Purple-naped Spiderhunter","Arañero nuquiazul"
"Arachnothera longirostra","Little Spiderhunter","Arañero chico"
"Arachnothera flammifera","Orange-tufted Spiderhunter","Arañero filipino"
"Arachnothera dilutior","Pale Spiderhunter","Arañero de Palawan"
"Arachnothera crassirostris","Thick-billed Spiderhunter","Arañero picogordo"
"Arachnothera robusta","Long-billed Spiderhunter","Arañero piquilargo"
"Arachnothera flavigaster","Spectacled Spiderhunter","Arañero de anteojos"
"Arachnothera chrysogenys","Yellow-eared Spiderhunter","Arañero carigualdo"
"Arachnothera clarae","Naked-faced Spiderhunter","Arañero caricalvo"
"Arachnothera modesta","Grey-breasted Spiderhunter","Arañero modesto"
"Arachnothera affinis","Streaky-breasted Spiderhunter","Arañero pechiestriado"
"Arachnothera everetti","Bornean Spiderhunter","Arañero de Everett"
"Arachnothera magna","Streaked Spiderhunter","Arañero estriado"
"Arachnothera juliae","Whitehead's Spiderhunter","Arañero de Whitehead"
"Hypocryptadius cinnamomeus","Cinnamon Ibon","Anteojitos canelo"
"Carpospiza brachydactyla","Pale Rockfinch","Gorrión pálido"
"Petronia petronia","Rock Sparrow","Gorrión chillón"
"Onychostruthus taczanowskii","White-rumped Snowfinch","Gorrión de Taczanowski"
"Montifringilla henrici","Tibetan Snowfinch","Gorrión de Henri"
"Montifringilla nivalis","White-winged Snowfinch","Gorrión alpino"
"Montifringilla adamsi","Black-winged Snowfinch","Gorrión de Adams"
"Pyrgilauda theresae","Afghan Snowfinch","Gorrión afgano"
"Pyrgilauda ruficollis","Rufous-necked Snowfinch","Gorrión cuellirrufo"
"Pyrgilauda davidiana","Pere David's Snowfinch","Gorrión de David"
"Pyrgilauda blanfordi","Blanford's Snowfinch","Gorrión de Blanford"
"Gymnoris pyrgita","Yellow-spotted Bush Sparrow","Gorrión moteado"
"Gymnoris superciliaris","Yellow-throated Bush Sparrow","Gorrión cejudo"
"Gymnoris dentata","Sahel Bush Sparrow","Gorrión chico"
"Gymnoris xanthocollis","Yellow-throated Sparrow","Gorrión cuelligualdo"
"Passer melanurus","Cape Sparrow","Gorrión de El Cabo"
"Passer eminibey","Chestnut Sparrow","Gorrión castaño"
"Passer cordofanicus","Kordofan Sparrow","Gorrión del Kordofán"
"Passer shelleyi","Shelley's Sparrow","Gorrión de Shelley"
"Passer rufocinctus","Kenya Sparrow","Gorrión keniata"
"Passer motitensis","Great Sparrow","Gorrión grande"
"Passer griseus","Northern Grey-headed Sparrow","Gorrión gris"
"Passer swainsonii","Swainson's Sparrow","Gorrión de Swainson"
"Passer suahelicus","Swahili Sparrow","Gorrión swahili"
"Passer gongonensis","Parrot-billed Sparrow","Gorrión picogordo"
"Passer diffusus","Southern Grey-headed Sparrow","Gorrión sudafricano"
"Passer pyrrhonotus","Sind Sparrow","Gorrión del Sind"
"Passer cinnamomeus","Russet Sparrow","Gorrión rutilante"
"Passer montanus","Eurasian Tree Sparrow","Gorrión molinero"
"Passer ammodendri","Saxaul Sparrow","Gorrión del saxaul"
"Passer flaveolus","Plain-backed Sparrow","Gorrión liso"
"Passer hemileucus","Abd al-Kuri Sparrow","Gorrión de Abd al Kuri"
"Passer insularis","Socotra Sparrow","Gorrión de Socotora"
"Passer hispaniolensis","Spanish Sparrow","Gorrión moruno"
"Passer italiae","Italian Sparrow","Gorrión italiano"
"Passer domesticus","House Sparrow","Gorrión común"
"Passer castanopterus","Somali Sparrow","Gorrión somalí"
"Passer iagoensis","Iago Sparrow","Gorrión de Cabo Verde"
"Passer simplex","Desert Sparrow","Gorrión sahariano"
"Passer zarudnyi","Zarudny's Sparrow","Gorrión del Karakum"
"Passer euchlorus","Arabian Golden Sparrow","Gorrión árabe"
"Passer luteus","Sudan Golden Sparrow","Gorrión dorado"
"Passer moabiticus","Dead Sea Sparrow","Gorrión del Mar Muerto"
"Bubalornis albirostris","White-billed Buffalo Weaver","Bufalero piquiblanco"
"Bubalornis niger","Red-billed Buffalo Weaver","Bufalero piquirrojo"
"Dinemellia dinemelli","White-headed Buffalo Weaver","Bufalero cabeciblanco"
"Plocepasser mahali","White-browed Sparrow-Weaver","Tejedor gorrión cejiblanco"
"Plocepasser superciliosus","Chestnut-crowned Sparrow-Weaver","Tejedor gorrión coronicastaño"
"Plocepasser donaldsoni","Donaldson Smith's Sparrow-Weaver","Tejedor gorrión de Donaldson"
"Plocepasser rufoscapulatus","Chestnut-backed Sparrow-Weaver","Tejedor gorrión dorsicastaño"
"Histurgops ruficauda","Rufous-tailed Weaver","Tejedor colirrojo"
"Pseudonigrita arnaudi","Grey-capped Social Weaver","Tejedor social de Arnaud"
"Pseudonigrita cabanisi","Black-capped Social Weaver","Tejedor social de Cabanis"
"Philetairus socius","Sociable Weaver","Tejedor republicano"
"Sporopipes squamifrons","Scaly-feathered Weaver","Tejedorcito escamoso"
"Sporopipes frontalis","Speckle-fronted Weaver","Tejedorcito frontal"
"Amblyospiza albifrons","Thick-billed Weaver","Tejedor picogordo"
"Ploceus baglafecht","Baglafecht Weaver","Tejedor baglafecht"
"Ploceus bannermani","Bannerman's Weaver","Tejedor de Bannerman"
"Ploceus batesi","Bates's Weaver","Tejedor de Bates"
"Ploceus nigrimentus","Black-chinned Weaver","Tejedor gorjinegro"
"Ploceus bertrandi","Bertram's Weaver","Tejedor de Malawi"
"Ploceus pelzelni","Slender-billed Weaver","Tejedor de Pelzeln"
"Ploceus subpersonatus","Loango Weaver","Tejedor de Loango"
"Ploceus luteolus","Little Weaver","Tejedor chico"
"Ploceus ocularis","Spectacled Weaver","Tejedor de anteojos"
"Ploceus brachypterus","Olive-naped Weaver","Tejedor nuquiverde"
"Ploceus nigricollis","Black-necked Weaver","Tejedor cuellinegro"
"Ploceus alienus","Strange Weaver","Tejedor extraño"
"Ploceus melanogaster","Black-billed Weaver","Tejedor piquinegro"
"Ploceus capensis","Cape Weaver","Tejedor de El Cabo"
"Ploceus temporalis","Bocage's Weaver","Tejedor de Bocage"
"Ploceus subaureus","Eastern Golden Weaver","Tejedor dorado africano"
"Ploceus xanthops","Holub's Golden Weaver","Tejedor azafranado"
"Ploceus aurantius","Orange Weaver","Tejedor anaranjado"
"Ploceus heuglini","Heuglin's Masked Weaver","Tejedor de Heuglin"
"Ploceus bojeri","Golden Palm Weaver","Tejedor palmero"
"Ploceus castaneiceps","Taveta Weaver","Tejedor taveta"
"Ploceus princeps","Principe Weaver","Tejedor de Príncipe"
"Ploceus castanops","Northern Brown-throated Weaver","Tejedor gorjipardo norteño"
"Ploceus xanthopterus","Southern Brown-throated Weaver","Tejedor gorjipardo sureño"
"Ploceus holoxanthus","Ruvu Weaver",NA
"Ploceus burnieri","Kilombero Weaver","Tejedor de Kilombero"
"Ploceus galbula","Rüppell's Weaver","Tejedor de Rüppell"
"Ploceus taeniopterus","Northern Masked Weaver","Tejedor del Nilo"
"Ploceus intermedius","Lesser Masked Weaver","Tejedor intermedio"
"Ploceus velatus","Southern Masked Weaver","Tejedor enmascarado"
"Ploceus katangae","Katanga Masked Weaver","Tejedor de Katanga"
"Ploceus ruweti","Lufira Masked Weaver","Tejedor de Ruwet"
"Ploceus reichardi","Tanzanian Masked Weaver","Tejedor de Reichard"
"Ploceus vitellinus","Vitelline Masked Weaver","Tejedor vitelino"
"Ploceus spekei","Speke's Weaver","Tejedor de Speke"
"Ploceus spekeoides","Fox's Weaver","Tejedor de Fox"
"Ploceus cucullatus","Village Weaver","Tejedor común"
"Ploceus grandis","Giant Weaver","Tejedor gigante"
"Ploceus castaneofuscus","Chestnut-and-black Weaver","Tejedor pardinegro"
"Ploceus nigerrimus","Vieillot's Black Weaver","Tejedor de Vieillot"
"Ploceus weynsi","Weyns's Weaver","Tejedor de Weyns"
"Ploceus golandi","Kilifi Weaver","Tejedor de Clarke"
"Ploceus dichrocephalus","Juba Weaver","Tejedor de Salvadori"
"Ploceus melanocephalus","Black-headed Weaver","Tejedor cabecinegro"
"Ploceus jacksoni","Golden-backed Weaver","Tejedor de Jackson"
"Ploceus badius","Cinnamon Weaver","Tejedor canela"
"Ploceus rubiginosus","Chestnut Weaver","Tejedor castaño"
"Ploceus aureonucha","Golden-naped Weaver","Tejedor nuquigualdo"
"Ploceus tricolor","Yellow-mantled Weaver","Tejedor tricolor"
"Ploceus albinucha","Maxwell's Black Weaver","Tejedor de Maxwell"
"Ploceus nelicourvi","Nelicourvi Weaver","Tejedor malgache"
"Ploceus sakalava","Sakalava Weaver","Tejedor sakalava"
"Ploceus hypoxanthus","Asian Golden Weaver","Tejedor dorado asiático"
"Ploceus benghalensis","Black-breasted Weaver","Tejedor bengalí"
"Ploceus manyar","Streaked Weaver","Tejedor estriado"
"Ploceus philippinus","Baya Weaver","Tejedor baya"
"Ploceus megarhynchus","Finn's Weaver","Tejedor de Finn"
"Ploceus bicolor","Dark-backed Weaver","Tejedor bicolor"
"Ploceus preussi","Preuss's Weaver","Tejedor de Preuss"
"Ploceus dorsomaculatus","Yellow-capped Weaver","Tejedor dorsipinto"
"Ploceus olivaceiceps","Olive-headed Weaver","Tejedor cabeciverde"
"Ploceus nicolli","Usambara Weaver","Tejedor de los Usambara"
"Ploceus insignis","Brown-capped Weaver","Tejedor insigne"
"Ploceus angolensis","Bar-winged Weaver","Tejedor alibarrado"
"Ploceus sanctithomae","Sao Tome Weaver","Tejedor de Santo Tomé"
"Ploceus flavipes","Yellow-legged Weaver","Tejedor patigualdo"
"Malimbus coronatus","Red-crowned Malimbe","Malimbo coronado"
"Malimbus cassini","Cassin's Malimbe","Malimbo de Cassin"
"Malimbus racheliae","Rachel's Malimbe","Malimbo de Rachel"
"Malimbus ballmanni","Gola Malimbe","Malimbo de Gola"
"Malimbus scutatus","Red-vented Malimbe","Malimbo culirrojo"
"Malimbus ibadanensis","Ibadan Malimbe","Malimbo de Ibadán"
"Malimbus nitens","Blue-billed Malimbe","Malimbo piquiazul"
"Malimbus rubricollis","Red-headed Malimbe","Malimbo cabecirrojo"
"Malimbus erythrogaster","Red-bellied Malimbe","Malimbo ventrirrojo"
"Malimbus malimbicus","Crested Malimbe","Malimbo crestado"
"Anaplectes rubriceps","Red-headed Weaver","Tejedor cabecirrojo sureño"
"Anaplectes jubaensis","Red Weaver","Tejedor rojo"
"Quelea cardinalis","Cardinal Quelea","Quelea cardenal"
"Quelea erythrops","Red-headed Quelea","Quelea cabecirrojo"
"Quelea quelea","Red-billed Quelea","Quelea común"
"Pachyphantes superciliosus","Compact Weaver","Tejedor piquigrueso"
"Foudia madagascariensis","Red Fody","Fodi rojo"
"Foudia eminentissima","Comoro Fody","Fodi cabecirrojo"
"Foudia aldabrana","Aldabra Fody","Fodi de Aldabra"
"Foudia omissa","Forest Fody","Fodi forestal"
"Foudia rubra","Mauritius Fody","Fodi de Mauricio"
"Foudia sechellarum","Seychelles Fody","Fodi de Seychelles"
"Foudia flavicans","Rodrigues Fody","Fodi de Rodrigues"
"Brachycope anomala","Bob-tailed Weaver","Tejedor anómalo"
"Euplectes afer","Yellow-crowned Bishop","Obispo coronigualdo"
"Euplectes diadematus","Fire-fronted Bishop","Obispo diademado"
"Euplectes gierowii","Black Bishop","Obispo negro"
"Euplectes nigroventris","Zanzibar Red Bishop","Obispo de Zanzíbar"
"Euplectes hordeaceus","Black-winged Red Bishop","Obispo alinegro"
"Euplectes orix","Southern Red Bishop","Obispo rojo"
"Euplectes franciscanus","Northern Red Bishop","Obispo anaranjado"
"Euplectes aureus","Golden-backed Bishop","Obispo dorado"
"Euplectes capensis","Yellow Bishop","Obispo culigualdo"
"Euplectes axillaris","Fan-tailed Widowbird","Obispo de abanico"
"Euplectes macroura","Yellow-mantled Widowbird","Obispo dorsiamarillo"
"Euplectes hartlaubi","Marsh Widowbird","Obispo marismeño"
"Euplectes psammacromius","Montane Widowbird","Obispo montano"
"Euplectes albonotatus","White-winged Widowbird","Obispo aliblanco"
"Euplectes ardens","Red-collared Widowbird","Obispo acollarado"
"Euplectes laticauda","Red-cowled Widowbird","Obispo encapuchado"
"Euplectes progne","Long-tailed Widowbird","Obispo colilargo"
"Euplectes jacksoni","Jackson's Widowbird","Obispo de Jackson"
"Heteromunia pectoralis","Pictorella Mannikin","Diamante pectoral"
"Oreostruthus fuliginosus","Mountain Firetail","Diamante montano"
"Stagonopleura guttata","Diamond Firetail","Diamante moteado"
"Stagonopleura oculata","Red-eared Firetail","Diamante orejirrojo"
"Stagonopleura bella","Beautiful Firetail","Diamante hermoso"
"Neochmia phaeton","Crimson Finch","Diamante escarlata ventrinegro"
"Neochmia temporalis","Red-browed Finch","Diamante cejirrojo"
"Emblema pictum","Painted Finch","Diamante pintado"
"Emblema ruficauda","Star Finch","Diamante colirrojo"
"Emblema modesta","Plum-headed Finch","Diamante modesto"
"Stizoptera bichenovii","Double-barred Finch","Diamante de Bicheno"
"Taeniopygia guttata","Sunda Zebra Finch","Diamante cebra de Timor"
"Taeniopygia castanotis","Australian Zebra Finch","Diamante cebra australiano"
"Poephila personata","Masked Finch","Diamante enmascarado"
"Poephila acuticauda","Long-tailed Finch","Diamante colilargo"
"Poephila cincta","Black-throated Finch","Diamante gorjinegro"
"Spermestes griseicapilla","Grey-headed Silverbill","Capuchino cabecigrís"
"Spermestes cucullata","Bronze Mannikin","Capuchino bronceado"
"Spermestes fringilloides","Magpie Mannikin","Capuchino pío"
"Spermestes bicolor","Black-and-white Mannikin","Capuchino bicolor"
"Lepidopygia nana","Madagascar Mannikin","Capuchino malgache"
"Euodice cantans","African Silverbill","Capuchino picoplata africano"
"Euodice malabarica","Indian Silverbill","Capuchino picoplata indio"
"Padda oryzivora","Java Sparrow","Capuchino arrocero de Java"
"Padda fuscata","Timor Sparrow","Capuchino arrocero de Timor"
"Mayrimunia tristissima","Streak-headed Mannikin","Capuchino cabeciestriado"
"Mayrimunia leucosticta","White-spotted Mannikin","Capuchino moteado"
"Lonchura punctulata","Scaly-breasted Munia","Capuchino punteado"
"Lonchura kelaarti","Black-throated Munia","Capuchino golinegro"
"Lonchura molucca","Black-faced Munia","Capuchino carinegro"
"Lonchura striata","White-rumped Munia","Capuchino culiblanco"
"Lonchura fuscans","Dusky Munia","Capuchino sombrío"
"Lonchura leucogastra","White-bellied Munia","Capuchino ventriblanco"
"Lonchura leucogastroides","Javan Munia","Capuchino de Java"
"Lonchura malacca","Tricolored Munia","Capuchino tricolor"
"Lonchura atricapilla","Chestnut Munia","Capuchino castaño"
"Lonchura ferruginosa","White-capped Munia","Capuchino coroniblanco"
"Lonchura maja","White-headed Munia","Capuchino cabeciblanco"
"Lonchura pallida","Pale-headed Munia","Capuchino pálido"
"Lonchura grandis","Great-billed Mannikin","Capuchino grande"
"Lonchura teerinki","Black-breasted Mannikin","Capuchino pechinegro"
"Lonchura montana","Western Alpine Mannikin","Capuchino montano"
"Lonchura monticola","Eastern Alpine Mannikin","Capuchino alpino"
"Lonchura vana","Grey-banded Mannikin","Capuchino de las Arfak"
"Lonchura nevermanni","Grey-crowned Mannikin","Capuchino coronigrís"
"Lonchura caniceps","Grey-headed Mannikin","Capuchino canoso"
"Lonchura spectabilis","Hooded Mannikin","Capuchino vistoso"
"Lonchura forbesi","Forbes's Mannikin","Capuchino de Nueva Irlanda"
"Lonchura hunsteini","Mottled Mannikin","Capuchino de Hunstein"
"Lonchura nigerrima","New Hanover Mannikin","Capuchino de Nueva Hanover"
"Lonchura flaviprymna","Yellow-rumped Mannikin","Capuchino culiamarillo"
"Lonchura quinticolor","Five-colored Munia","Capuchino multicolor"
"Lonchura castaneothorax","Chestnut-breasted Mannikin","Capuchino pechicastaño"
"Lonchura stygia","Black Mannikin","Capuchino negro"
"Lonchura melaena","Buff-bellied Mannikin","Capuchino de Nueva Bretaña"
"Chloebia gouldiae","Gouldian Finch","Diamante de Gould"
"Erythrura prasina","Pin-tailed Parrotfinch","Diamante colifino"
"Erythrura viridifacies","Green-faced Parrotfinch","Diamante de Luzón"
"Erythrura hyperythra","Tawny-breasted Parrotfinch","Diamante coliverde"
"Erythrura psittacea","Red-throated Parrotfinch","Diamante lorito"
"Erythrura pealii","Fiji Parrotfinch","Diamante de Fiyi"
"Erythrura regia","Royal Parrotfinch","Diamante Real"
"Erythrura cyaneovirens","Red-headed Parrotfinch","Diamante verdiazul"
"Erythrura kleinschmidti","Pink-billed Parrotfinch","Diamante piquirrosado"
"Erythrura tricolor","Tricolored Parrotfinch","Diamante tricolor"
"Erythrura coloria","Red-eared Parrotfinch","Diamante de Mindanao"
"Erythrura papuana","Papuan Parrotfinch","Diamante papú"
"Erythrura trichroa","Blue-faced Parrotfinch","Diamante cariazul"
"Nesocharis shelleyi","Shelley's Oliveback","Olivino carinegro"
"Nesocharis ansorgei","White-collared Oliveback","Olivino acollarado"
"Coccopygia quartinia","Yellow-bellied Waxbill","Estrilda ventrigualda oriental"
"Coccopygia bocagei","Angola Waxbill","Estrilda de Bocage"
"Coccopygia melanotis","Swee Waxbill","Estrilda ventrigualda meridional"
"Mandingoa nitidula","Green Twinspot","Estrilda verde"
"Cryptospiza shelleyi","Shelley's Crimsonwing","Estrilda de Shelley"
"Cryptospiza jacksoni","Dusky Crimsonwing","Estrilda de Jackson"
"Cryptospiza salvadorii","Abyssinian Crimsonwing","Estrilda de Salvadori"
"Cryptospiza reichenovii","Red-faced Crimsonwing","Estrilda de Reichenow"
"Parmoptila rubrifrons","Red-fronted Antpecker","Estrilda piquifina frentirroja"
"Parmoptila woodhousei","Woodhouse's Antpecker","Estrilda piquifina de Woodhouse"
"Parmoptila jamesoni","Jameson's Antpecker","Estrilda piquifina de Jameson"
"Nigrita fusconotus","White-breasted Nigrita","Negrita pechiblanca"
"Nigrita bicolor","Chestnut-breasted Nigrita","Negrita pechirrufa"
"Nigrita canicapillus","Grey-headed Nigrita","Negrita canosa"
"Nigrita luteifrons","Pale-fronted Nigrita","Negrita frentigualda"
"Delacourella capistrata","Grey-headed Oliveback","Olivino carigrís"
"Brunhilda charmosyna","Black-cheeked Waxbill","Estrilda carinegra norteña"
"Brunhilda erythronotos","Black-faced Waxbill","Estrilda carinegra sureña"
"Glaucestrilda caerulescens","Lavender Waxbill","Estrilda azulada"
"Glaucestrilda perreini","Grey Waxbill","Estrilda colinegra"
"Glaucestrilda thomensis","Cinderella Waxbill","Estrilda cenicienta"
"Estrilda nonnula","Black-crowned Waxbill","Estrilda monjita"
"Estrilda atricapilla","Black-headed Waxbill","Estrilda capirotada"
"Estrilda kandti","Kandt's Waxbill","Estrilda de Kandt"
"Estrilda melpoda","Orange-cheeked Waxbill","Estrilda carinaranja"
"Estrilda poliopareia","Anambra Waxbill","Estrilda del Níger"
"Estrilda paludicola","Fawn-breasted Waxbill","Estrilda pechiparda"
"Estrilda astrild","Common Waxbill","Estrilda común"
"Estrilda nigriloris","Black-lored Waxbill","Estrilda ojinegra"
"Estrilda troglodytes","Black-rumped Waxbill","Estrilda culinegra"
"Estrilda rhodopyga","Crimson-rumped Waxbill","Estrilda culirroja"
"Estrilda rufibarba","Arabian Waxbill","Estrilda árabe"
"Ortygospiza atricollis","Quailfinch","Estrilda codorniz"
"Paludipasser locustella","Locust Finch","Estrilda saltamontes"
"Amadina fasciata","Cut-throat Finch","Estrilda degollada"
"Amadina erythrocephala","Red-headed Finch","Estrilda cabecirroja"
"Amandava formosa","Green Avadavat","Bengalí verde"
"Amandava subflava","Orange-breasted Waxbill","Bengalí cebra"
"Amandava amandava","Red Avadavat","Bengalí rojo"
"Granatina ianthinogaster","Purple Grenadier","Granadero oriental"
"Granatina granatina","Violet-eared Waxbill","Granadero meridional"
"Uraeginthus angolensis","Blue Waxbill","Azulito angoleño"
"Uraeginthus bengalus","Red-cheeked Cordon-bleu","Azulito carirrojo"
"Uraeginthus cyanocephalus","Blue-capped Cordon-bleu","Azulito coroniazul"
"Spermophaga poliogenys","Grant's Bluebill","Estrilda piquigorda de Grant"
"Spermophaga haematina","Western Bluebill","Estrilda piquigorda cabecinegra"
"Spermophaga ruficapilla","Red-headed Bluebill","Estrilda piquigorda cabecirroja"
"Pyrenestes minor","Lesser Seedcracker","Estrilda piquigorda chica"
"Pyrenestes sanguineus","Crimson Seedcracker","Estrilda piquigorda escarlata"
"Pyrenestes ostrinus","Black-bellied Seedcracker","Estrilda piquigorda ventrinegra"
"Pytilia melba","Green-winged Pytilia","Estrilda melba"
"Pytilia afra","Orange-winged Pytilia","Estrilda alinaranja"
"Pytilia phoenicoptera","Red-winged Pytilia","Estrilda alirroja"
"Pytilia lineata","Red-billed Pytilia","Estrilda etíope"
"Pytilia hypogrammica","Yellow-winged Pytilia","Estrilda aliamarilla"
"Euschistospiza dybowskii","Dybowski's Twinspot","Estrilda de Dybowski"
"Euschistospiza cinereovinacea","Dusky Twinspot","Estrilda sombría"
"Hypargos niveoguttatus","Red-throated Twinspot","Estrilda golirroja"
"Hypargos margaritatus","Pink-throated Twinspot","Estrilda golirrosa"
"Clytospiza monteiri","Brown Twinspot","Estrilda parda"
"Lagonosticta senegala","Red-billed Firefinch","Amaranta senegalesa"
"Lagonosticta rubricata","African Firefinch","Amaranta ocre"
"Lagonosticta rhodopareia","Jameson's Firefinch","Amaranta de Jameson"
"Lagonosticta virata","Mali Firefinch","Amaranta de Mali"
"Lagonosticta sanguinodorsalis","Rock Firefinch","Amaranta roquera"
"Lagonosticta umbrinodorsalis","Chad Firefinch","Amaranta de Chad"
"Lagonosticta rara","Black-bellied Firefinch","Amaranta ventrinegra"
"Lagonosticta rufopicta","Bar-breasted Firefinch","Amaranta barrada"
"Lagonosticta nitidula","Brown Firefinch","Amaranta parda"
"Lagonosticta larvata","Black-faced Firefinch","Amaranta etíope"
"Vidua chalybeata","Village Indigobird","Viuda senegalesa"
"Vidua purpurascens","Purple Indigobird","Viuda purpúrea"
"Vidua raricola","Jambandu Indigobird","Viuda de Jambandú"
"Vidua larvaticola","Barka Indigobird","Viuda de Barka"
"Vidua funerea","Dusky Indigobird","Viuda sombría"
"Vidua codringtoni","Zambezi Indigobird","Viuda verdosa"
"Vidua wilsoni","Wilson's Indigobird","Viuda de Wilson"
"Vidua nigeriae","Quailfinch Indigobird","Viuda nigeriana"
"Vidua maryae","Jos Plateau Indigobird","Viuda del Jos"
"Vidua camerunensis","Cameroon Indigobird","Viuda camerunesa"
"Vidua macroura","Pin-tailed Whydah","Viuda colicinta"
"Vidua hypocherina","Steel-blue Whydah","Viuda metálica"
"Vidua fischeri","Straw-tailed Whydah","Viuda de Fischer"
"Vidua regia","Shaft-tailed Whydah","Viuda real"
"Vidua paradisaea","Long-tailed Paradise Whydah","Viuda del paraíso"
"Vidua orientalis","Sahel Paradise Whydah","Viuda del Sahel"
"Vidua interjecta","Exclamatory Paradise Whydah","Viuda chillona"
"Vidua togoensis","Togo Paradise Whydah","Viuda togolesa"
"Vidua obtusa","Broad-tailed Paradise Whydah","Viuda coliancha"
"Anomalospiza imberbis","Cuckoo-finch","Viuda anómala"
"Peucedramus taeniatus","Olive Warbler","Ocotero"
"Prunella collaris","Alpine Accentor","Acentor alpino"
"Prunella himalayana","Altai Accentor","Acentor del Himalaya"
"Prunella rubeculoides","Robin Accentor","Acentor petirrojo"
"Prunella strophiata","Rufous-breasted Accentor","Acentor pechirrufo"
"Prunella montanella","Siberian Accentor","Acentor siberiano"
"Prunella fulvescens","Brown Accentor","Acentor pardo"
"Prunella ocularis","Radde's Accentor","Acentor de Radde"
"Prunella atrogularis","Black-throated Accentor","Acentor gorjinegro"
"Prunella koslowi","Kozlov's Accentor","Acentor mongol"
"Prunella modularis","Dunnock","Acentor común"
"Prunella rubida","Japanese Accentor","Acentor japonés"
"Prunella immaculata","Maroon-backed Accentor","Acentor inmaculado"
"Dendronanthus indicus","Forest Wagtail","Lavandera forestal"
"Motacilla flava","Western Yellow Wagtail","Lavandera boyera"
"Motacilla tschutschensis","Eastern Yellow Wagtail","Lavandera de Chukotka"
"Motacilla citreola","Citrine Wagtail","Lavandera cetrina"
"Motacilla capensis","Cape Wagtail","Lavandera de El Cabo"
"Motacilla flaviventris","Madagascar Wagtail","Lavandera malgache"
"Motacilla bocagii","Sao Tome Shorttail","Picolargo de Bocage"
"Motacilla cinerea","Grey Wagtail","Lavandera cascadeña"
"Motacilla clara","Mountain Wagtail","Lavandera clara"
"Motacilla alba","White Wagtail","Lavandera blanca"
"Motacilla aguimp","African Pied Wagtail","Lavandera africana"
"Motacilla samveasnae","Mekong Wagtail","Lavandera del Mekong"
"Motacilla grandis","Japanese Wagtail","Lavandera japonesa"
"Motacilla maderaspatensis","White-browed Wagtail","Lavandera india"
"Tmetothylacus tenellus","Golden Pipit","Bisbita dorado"
"Hemimacronyx chloris","Yellow-breasted Pipit","Bisbita pechigualdo"
"Macronyx sharpei","Sharpe's Longclaw","Bisbita de Sharpe"
"Macronyx flavicollis","Abyssinian Longclaw","Bisbita abisinio"
"Macronyx fuelleborni","Fülleborn's Longclaw","Bisbita de Fülleborn"
"Macronyx capensis","Cape Longclaw","Bisbita de El Cabo"
"Macronyx croceus","Yellow-throated Longclaw","Bisbita gorjigualdo"
"Macronyx aurantiigula","Pangani Longclaw","Bisbita de Pangani"
"Macronyx ameliae","Rosy-throated Longclaw","Bisbita gorjirrosado"
"Macronyx grimwoodi","Grimwood's Longclaw","Bisbita de Grimwood"
"Anthus richardi","Richard's Pipit","Bisbita de Richard"
"Anthus rufulus","Paddyfield Pipit","Bisbita oriental"
"Anthus australis","Australian Pipit",NA
"Anthus novaeseelandiae","New Zealand Pipit","Bisbita neozelandés"
"Anthus cinnamomeus","African Pipit","Bisbita africano"
"Anthus hoeschi","Mountain Pipit","Bisbita montano"
"Anthus godlewskii","Blyth's Pipit","Bisbita estepario"
"Anthus campestris","Tawny Pipit","Bisbita campestre"
"Anthus similis","Long-billed Pipit","Bisbita piquilargo"
"Anthus nicholsoni","Nicholson's Pipit","Bisbita sudafricano"
"Anthus nyassae","Wood Pipit","Bisbita del Nyasa"
"Anthus vaalensis","Buffy Pipit","Bisbita del Vaal"
"Anthus leucophrys","Plain-backed Pipit","Bisbita liso"
"Anthus pallidiventris","Long-legged Pipit","Bisbita patilargo"
"Anthus pratensis","Meadow Pipit","Bisbita pratense"
"Anthus trivialis","Tree Pipit","Bisbita arbóreo"
"Anthus hodgsoni","Olive-backed Pipit","Bisbita de Hodgson"
"Anthus gustavi","Pechora Pipit","Bisbita del Pechora"
"Anthus roseatus","Rosy Pipit","Bisbita rosado"
"Anthus cervinus","Red-throated Pipit","Bisbita gorjirrojo"
"Anthus japonicus","Siberian Pipit",NA
"Anthus rubescens","American Pipit","Bisbita norteamericano"
"Anthus spinoletta","Water Pipit","Bisbita alpino"
"Anthus petrosus","European Rock Pipit","Bisbita costero"
"Anthus nilghiriensis","Nilgiri Pipit","Bisbita de los Nilgiri"
"Anthus sylvanus","Upland Pipit","Bisbita del Himalaya"
"Anthus berthelotii","Berthelot's Pipit","Bisbita caminero"
"Anthus lineiventris","Striped Pipit","Bisbita rayado"
"Anthus crenatus","African Rock Pipit","Bisbita roquero"
"Anthus brachyurus","Short-tailed Pipit","Bisbita colicorto"
"Anthus caffer","Bushveld Pipit","Bisbita cafre"
"Anthus sokokensis","Sokoke Pipit","Bisbita del Sokoke"
"Anthus melindae","Malindi Pipit","Bisbita de Malindi"
"Anthus gutturalis","Alpine Pipit","Bisbita papú"
"Anthus ruficollis","Madanga","Madanga"
"Anthus spragueii","Sprague's Pipit","Bisbita llanero"
"Anthus chii","Yellowish Pipit","Bisbita amarillento"
"Anthus peruvianus","Peruvian Pipit","Bisbita peruano"
"Anthus furcatus","Short-billed Pipit","Bisbita piquicorto"
"Anthus brevirostris","Puna Pipit",NA
"Anthus chacoensis","Pampas Pipit","Bisbita chaqueño"
"Anthus correndera","Correndera Pipit","Bisbita correndera"
"Anthus antarcticus","South Georgia Pipit","Bisbita de las Georgias del Sur"
"Anthus nattereri","Ochre-breasted Pipit","Bisbita ocre"
"Anthus hellmayri","Hellmayr's Pipit","Bisbita pálido"
"Anthus bogotensis","Paramo Pipit","Bisbita andino"
"Urocynchramus pylzowi","Przevalski's Finch","Camachuelo de Przewalski"
"Fringilla coelebs","Eurasian Chaffinch","Pinzón vulgar"
"Fringilla spodiogenys","African Chaffinch",NA
"Fringilla moreletti","Azores Chaffinch",NA
"Fringilla maderensis","Madeira Chaffinch",NA
"Fringilla canariensis","Canary Islands Chaffinch",NA
"Fringilla teydea","Tenerife Blue Chaffinch","Pinzón azul de Tenerife"
"Fringilla polatzeki","Gran Canaria Blue Chaffinch","Pinzón azul de Gran Canaria"
"Fringilla montifringilla","Brambling","Pinzón real"
"Mycerobas icterioides","Black-and-yellow Grosbeak","Picogordo negrigualdo"
"Mycerobas affinis","Collared Grosbeak","Picogordo acollarado"
"Mycerobas melanozanthos","Spot-winged Grosbeak","Picogordo alimoteado"
"Mycerobas carnipes","White-winged Grosbeak","Picogordo aliblanco"
"Hesperiphona vespertina","Evening Grosbeak","Picogordo vespertino"
"Hesperiphona abeillei","Hooded Grosbeak","Picogordo encapuchado"
"Coccothraustes coccothraustes","Hawfinch","Picogordo común"
"Eophona migratoria","Chinese Grosbeak","Picogordo chino"
"Eophona personata","Japanese Grosbeak","Picogordo japonés"
"Pinicola enucleator","Pine Grosbeak","Camachuelo picogrueso"
"Pyrrhula nipalensis","Brown Bullfinch","Camachuelo pardo"
"Pyrrhula aurantiaca","Orange Bullfinch","Camachuelo anaranjado"
"Pyrrhula erythrocephala","Red-headed Bullfinch","Camachuelo cabecirrojo"
"Pyrrhula erythaca","Grey-headed Bullfinch","Camachuelo cabecigrís"
"Pyrrhula owstoni","Taiwan Bullfinch","Camachuelo de Taiwán"
"Pyrrhula leucogenis","White-cheeked Bullfinch","Camachuelo filipino"
"Pyrrhula pyrrhula","Eurasian Bullfinch","Camachuelo común"
"Pyrrhula murina","Azores Bullfinch","Camachuelo de las Azores"
"Rhodopechys sanguineus","Crimson-winged Finch","Camachuelo alirrojo asiático"
"Bucanetes githagineus","Trumpeter Finch","Camachuelo trompetero"
"Bucanetes mongolicus","Mongolian Finch","Camachuelo mongol"
"Agraphospiza rubescens","Blanford's Rosefinch","Camachuelo de Blanford"
"Callacanthis burtoni","Spectacled Finch","Pinzón de anteojos"
"Pyrrhoplectes epauletta","Golden-naped Finch","Pinzón nuquigualdo"
"Procarduelis nipalensis","Dark-breasted Rosefinch","Camachuelo oscuro"
"Leucosticte nemoricola","Plain Mountain Finch","Pinzón montano de Hodgson"
"Leucosticte brandti","Brandt's Mountain Finch","Pinzón montano de Brandt"
"Leucosticte arctoa","Asian Rosy Finch","Pinzón montano pardo"
"Leucosticte tephrocotis","Grey-crowned Rosy Finch","Pinzón montano nuquigrís"
"Leucosticte atrata","Black Rosy Finch","Pinzón montano negro"
"Leucosticte australis","Brown-capped Rosy Finch","Pinzón montano coronipardo"
"Carpodacus erythrinus","Common Rosefinch","Camachuelo carminoso"
"Carpodacus sipahi","Scarlet Finch","Camachuelo escarlata"
"Carpodacus ferreorostris","Bonin Grosbeak","Camachuelo de las Bonin"
"Carpodacus rubicilloides","Streaked Rosefinch","Camachuelo estriado"
"Carpodacus rubicilla","Great Rosefinch","Camachuelo grande"
"Carpodacus grandis","Blyth's Rosefinch","Camachuelo de Blyth"
"Carpodacus rhodochlamys","Red-mantled Rosefinch","Camachuelo dorsirrojo"
"Carpodacus pulcherrimus","Himalayan Beautiful Rosefinch","Camachuelo bonito del Himalaya"
"Carpodacus davidianus","Chinese Beautiful Rosefinch","Camachuelo bonito chino"
"Carpodacus waltoni","Pink-rumped Rosefinch","Camachuelo culirrosado"
"Carpodacus rodochroa","Pink-browed Rosefinch","Camachuelo cejirrosado"
"Carpodacus edwardsii","Dark-rumped Rosefinch","Camachuelo de Edwards"
"Carpodacus rodopeplus","Spot-winged Rosefinch","Camachuelo alimoteado"
"Carpodacus verreauxii","Sharpe's Rosefinch","Camachuelo de Sharpe"
"Carpodacus vinaceus","Vinaceous Rosefinch","Camachuelo vinoso"
"Carpodacus formosanus","Taiwan Rosefinch","Camachuelo de Formosa"
"Carpodacus synoicus","Sinai Rosefinch","Camachuelo del Sinaí"
"Carpodacus stoliczkae","Pale Rosefinch","Camachuelo pálido"
"Carpodacus roborowskii","Tibetan Rosefinch","Camachuelo de Roborowski"
"Carpodacus sillemi","Sillem's Rosefinch","Pinzón montano de Sillem"
"Carpodacus sibiricus","Siberian Long-tailed Rosefinch","Camachuelo colilargo"
"Carpodacus lepidus","Chinese Long-tailed Rosefinch",NA
"Carpodacus roseus","Pallas's Rosefinch","Camachuelo de Pallas"
"Carpodacus trifasciatus","Three-banded Rosefinch","Camachuelo tribarrado"
"Carpodacus thura","Himalayan White-browed Rosefinch","Camachuelo de Thura"
"Carpodacus dubius","Chinese White-browed Rosefinch","Camachuelo chino"
"Carpodacus puniceus","Red-fronted Rosefinch","Camachuelo frentirrojo"
"Carpodacus subhimachalus","Crimson-browed Finch","Camachuelo cejirrojo"
"Melamprosops phaeosoma","Poo-uli","Poo-uli"
"Paroreomyza maculata","Oahu Alauahio","Alauahio de Oahu"
"Paroreomyza flammea","Kakawahie","Alauahio de Molokai"
"Paroreomyza montana","Maui Alauahio","Alauahio de Maui"
"Oreomystis bairdi","Akikiki","Akikiki de Kauai"
"Telespiza cantans","Laysan Finch","Palila de Laysan"
"Telespiza ultima","Nihoa Finch","Palila de Nihoa"
"Loxioides bailleui","Palila","Palila de Hawái"
"Rhodacanthis flaviceps","Lesser Koa Finch","Koa menor"
"Rhodacanthis palmeri","Greater Koa Finch","Koa mayor"
"Chloridops kona","Kona Grosbeak","Kona"
"Psittirostra psittacea","Ou","Ou"
"Dysmorodrepanis munroi","Lanai Hookbill","Drepanis de Munro"
"Drepanis coccinea","Iiwi","Iiwi"
"Drepanis pacifica","Hawaii Mamo","Mamo de Hawaii"
"Drepanis funerea","Black Mamo","Mamo negro"
"Ciridops anna","Ula-ai-hawane","Ula-ai-hawane"
"Palmeria dolei","Akohekohe","Akohekohe"
"Himatione sanguinea","Apapane","Apapane"
"Himatione fraithii","Laysan Honeycreeper","Mielerito de Laysan"
"Viridonia sagittirostris","Greater Amakihi","Amakihi grande"
"Akialoa obscura","Lesser Akialoa","Akialoa de Hawaii"
"Akialoa ellisiana","Oahu Akialoa","Akialoa de Oahu"
"Akialoa stejnegeri","Kauai Akialoa","Akialoa de Kauai"
"Akialoa lanaiensis","Maui-nui Akialoa","Akialoa de Lanai"
"Hemignathus lucidus","Oahu Nukupuu","Nukupuu de Oahu"
"Hemignathus hanapepe","Kauai Nukupuu","Nukupuu de Kauai"
"Hemignathus affinis","Maui Nukupuu","Nukupuu de Maui"
"Hemignathus wilsoni","Akiapolaau","Akiapolaau"
"Pseudonestor xanthophrys","Maui Parrotbill","Pseudonestor"
"Magumma parva","Anianiau","Anianiau"
"Loxops mana","Hawaii Creeper","Akikiki de Hawaii"
"Loxops caeruleirostris","Akekee","Akepa de Kauai"
"Loxops coccineus","Hawaii Akepa","Akepa de Hawaii"
"Loxops wolstenholmei","Oahu Akepa","Akepa de Oahu"
"Loxops ochraceus","Maui Akepa","Akepa de Maui"
"Chlorodrepanis virens","Hawaii Amakihi","Amakihi de Hawaii"
"Chlorodrepanis flava","Oahu Amakihi","Amakihi de Oahu"
"Chlorodrepanis stejnegeri","Kauai Amakihi","Amakihi de Kauai"
"Haemorhous purpureus","Purple Finch","Camachuelo purpúreo"
"Haemorhous cassinii","Cassin's Finch","Camachuelo de Cassin"
"Haemorhous mexicanus","House Finch","Camachuelo mexicano"
"Chloris chloris","European Greenfinch","Verderón común"
"Chloris sinica","Oriental Greenfinch","Verderón chino"
"Chloris kittlitzi","Bonin Greenfinch",NA
"Chloris spinoides","Yellow-breasted Greenfinch","Verderón del Himalaya"
"Chloris monguilloti","Vietnamese Greenfinch","Verderón vietnamita"
"Chloris ambigua","Black-headed Greenfinch","Verderón cabecinegro"
"Rhodospiza obsoleta","Desert Finch","Camachuelo desertícola"
"Rhynchostruthus socotranus","Socotra Golden-winged Grosbeak","Picogordo de Socotora"
"Rhynchostruthus percivali","Arabian Golden-winged Grosbeak","Picogordo árabe"
"Rhynchostruthus louisae","Somali Golden-winged Grosbeak","Picogordo somalí"
"Linurgus olivaceus","Oriole Finch","Canario oropéndola"
"Crithagra rufobrunnea","Principe Seedeater","Serín de Príncipe"
"Crithagra concolor","Sao Tome Grosbeak","Picogordo de Santo Tomé"
"Crithagra citrinelloides","African Citril","Serín etíope"
"Crithagra frontalis","Western Citril","Serín cejigualdo"
"Crithagra hyposticta","Southern Citril","Serín keniata"
"Crithagra capistrata","Black-faced Canary","Serín carinegro"
"Crithagra koliensis","Papyrus Canary","Serín de los papiros"
"Crithagra scotops","Forest Canary","Serín forestal"
"Crithagra leucopygia","White-rumped Seedeater","Serín culiblanco"
"Crithagra atrogularis","Black-throated Canary","Serín gorjinegro"
"Crithagra xanthopygia","Yellow-rumped Seedeater","Serín culigualdo"
"Crithagra reichenowi","Reichenow's Seedeater","Serín de Reichenow"
"Crithagra rothschildi","Arabian Serin","Serín árabe"
"Crithagra flavigula","Yellow-throated Seedeater","Serín gorjigualdo"
"Crithagra xantholaema","Salvadori's Seedeater","Serín de Salvadori"
"Crithagra citrinipectus","Lemon-breasted Canary","Serín pechilimón"
"Crithagra mozambica","Yellow-fronted Canary","Serín frentiamarillo"
"Crithagra dorsostriata","White-bellied Canary","Serín dorsiestriado"
"Crithagra ankoberensis","Ankober Serin","Serín de Ankober"
"Crithagra menachensis","Yemen Serin","Serín yemení"
"Crithagra totta","Cape Siskin","Serín de El Cabo"
"Crithagra symonsi","Drakensberg Siskin","Serín del Drakensberg"
"Crithagra donaldsoni","Northern Grosbeak-Canary","Serín piquigordo norteño"
"Crithagra buchanani","Southern Grosbeak-Canary","Serín piquigordo sureño"
"Crithagra flaviventris","Yellow Canary","Serín amarillo"
"Crithagra sulphurata","Brimstone Canary","Serín azufrado"
"Crithagra striatipectus","Stripe-breasted Seedeater","Serín pechirrayado"
"Crithagra reichardi","Reichard's Seedeater","Serín de Reichard"
"Crithagra gularis","Streaky-headed Seedeater","Serín gris"
"Crithagra canicapilla","West African Seedeater","Serín canoso"
"Crithagra mennelli","Black-eared Seedeater","Serín orejinegro"
"Crithagra tristriata","Brown-rumped Seedeater","Serín culipardo"
"Crithagra albogularis","White-throated Canary","Serín gorjiblanco"
"Crithagra burtoni","Thick-billed Seedeater","Serín de Burton"
"Crithagra striolata","Streaky Seedeater","Serín estriado"
"Crithagra whytii","Yellow-browed Seedeater","Serín de Whyti"
"Crithagra melanochroa","Kipengere Seedeater","Serín de los Kipengere"
"Crithagra leucoptera","Protea Canary","Serín de las proteas"
"Linaria flavirostris","Twite","Pardillo piquigualdo"
"Linaria cannabina","Common Linnet","Pardillo común"
"Linaria yemenensis","Yemen Linnet","Pardillo yemení"
"Linaria johannis","Warsangli Linnet","Pardillo somalí"
"Acanthis flammea","Redpoll","Pardillo norteño"
"Loxia pytyopsittacus","Parrot Crossbill","Piquituerto lorito"
"Loxia scotica","Scottish Crossbill","Piquituerto escocés"
"Loxia curvirostra","Red Crossbill","Piquituerto común"
"Loxia sinesciuris","Cassia Crossbill","Piquituerto de Cassia"
"Loxia leucoptera","Two-barred Crossbill","Piquituerto aliblanco"
"Loxia megaplaga","Hispaniolan Crossbill","Piquituerto de La Española"
"Chrysocorythus estherae","Indonesian Serin","Serín montano"
"Chrysocorythus mindanensis","Mindanao Serin","Serín de Mindanao"
"Carduelis carduelis","European Goldfinch","Jilguero europeo"
"Carduelis caniceps","Grey-crowned Goldfinch","Jilguero oriental"
"Carduelis citrinella","Citril Finch","Verderón serrano"
"Carduelis corsicana","Corsican Finch","Verderón corso"
"Serinus pusillus","Red-fronted Serin","Serín frentirrojo"
"Serinus serinus","European Serin","Serín verdecillo"
"Serinus syriacus","Syrian Serin","Serín sirio"
"Serinus canaria","Atlantic Canary","Serín canario"
"Serinus canicollis","Cape Canary","Serín dorsigrís"
"Serinus flavivertex","Yellow-crowned Canary","Serín coronigualdo"
"Serinus nigriceps","Ethiopian Siskin","Serín cabecinegro"
"Serinus alario","Black-headed Canary","Serín alario"
"Spinus thibetanus","Tibetan Serin","Jilguero tibetano"
"Spinus lawrencei","Lawrence's Goldfinch","Jilguero de Lawrence"
"Spinus tristis","American Goldfinch","Jilguero yanqui"
"Spinus psaltria","Lesser Goldfinch","Jilguero menor"
"Spinus spinus","Eurasian Siskin","Jilguero lúgano"
"Spinus dominicensis","Antillean Siskin","Jilguero antillano"
"Spinus pinus","Pine Siskin","Jilguero de los pinos"
"Spinus atriceps","Black-capped Siskin","Jilguero capirotado"
"Spinus notatus","Black-headed Siskin","Jilguero cabecinegro"
"Spinus barbatus","Black-chinned Siskin","Jilguero golinegro"
"Spinus xanthogastrus","Yellow-bellied Siskin","Jilguero ventriamarillo"
"Spinus olivaceus","Olivaceous Siskin","Jilguero oliváceo"
"Spinus magellanicus","Hooded Siskin","Jilguero encapuchado"
"Spinus siemiradzkii","Saffron Siskin","Jilguero azafranado"
"Spinus yarrellii","Yellow-faced Siskin","Jilguero cariamarillo"
"Spinus cucullatus","Red Siskin","Jilguero rojo"
"Spinus atratus","Black Siskin","Jilguero negro"
"Spinus uropygialis","Yellow-rumped Siskin","Jilguero cordillerano"
"Spinus crassirostris","Thick-billed Siskin","Jilguero piquigrueso"
"Spinus spinescens","Andean Siskin","Jilguero andino"
"Chlorophonia elegantissima","Elegant Euphonia","Eufonia elegante"
"Chlorophonia musica","Hispaniolan Euphonia","Eufonia de La Española"
"Chlorophonia sclateri","Puerto Rican Euphonia","Eufonia de Puerto Rico"
"Chlorophonia flavifrons","Lesser Antillean Euphonia","Eufonia de las Antillas Menores"
"Chlorophonia cyanocephala","Golden-rumped Euphonia","Eufonia culidorada"
"Chlorophonia cyanea","Blue-naped Chlorophonia","Clorofonia nuquiazul"
"Chlorophonia pyrrhophrys","Chestnut-breasted Chlorophonia","Clorofonia pechicastaña"
"Chlorophonia flavirostris","Yellow-collared Chlorophonia","Clorofonia acollarada"
"Chlorophonia occipitalis","Blue-crowned Chlorophonia","Clorofonia coroniazul"
"Chlorophonia callophrys","Golden-browed Chlorophonia","Clorofonia cejidorada"
"Euphonia jamaica","Jamaican Euphonia","Eufonia jamaicana"
"Euphonia saturata","Orange-crowned Euphonia","Eufonia coroninaranja"
"Euphonia plumbea","Plumbeous Euphonia","Eufonia plúmbea"
"Euphonia chlorotica","Purple-throated Euphonia","Eufonia golipúrpura"
"Euphonia finschi","Finsch's Euphonia","Eufonia de Finsch"
"Euphonia concinna","Velvet-fronted Euphonia","Eufonia del Magdalena"
"Euphonia trinitatis","Trinidad Euphonia","Eufonia de Trinidad"
"Euphonia godmani","West Mexican Euphonia","Eufonia mexicana"
"Euphonia affinis","Scrub Euphonia","Eufonia matorralera"
"Euphonia luteicapilla","Yellow-crowned Euphonia","Eufonia coronigualda"
"Euphonia chrysopasta","White-lored Euphonia","Eufonia maquillada"
"Euphonia minuta","White-vented Euphonia","Eufonia culiblanca"
"Euphonia chalybea","Green-chinned Euphonia","Eufonia bronceada"
"Euphonia violacea","Violaceous Euphonia","Eufonia violácea"
"Euphonia hirundinacea","Yellow-throated Euphonia","Eufonia gorjiamarilla"
"Euphonia laniirostris","Thick-billed Euphonia","Eufonia piquigruesa"
"Euphonia imitans","Spot-crowned Euphonia","Eufonia coronipinta"
"Euphonia gouldi","Olive-backed Euphonia","Eufonia olivácea"
"Euphonia fulvicrissa","Fulvous-vented Euphonia","Eufonia ventricanela"
"Euphonia anneae","Tawny-capped Euphonia","Eufonia coronirrufa"
"Euphonia xanthogaster","Orange-bellied Euphonia","Eufonia ventrinaranja"
"Euphonia mesochrysa","Bronze-green Euphonia","Eufonia verdosa"
"Euphonia cayennensis","Golden-sided Euphonia","Eufonia negra"
"Euphonia rufiventris","Rufous-bellied Euphonia","Eufonia ventrirrufa"
"Euphonia pectoralis","Chestnut-bellied Euphonia","Eufonia ventricastaña"
"Rhynchophanes mccownii","Thick-billed Longspur","Escribano de McCown"
"Calcarius lapponicus","Lapland Longspur","Escribano lapón"
"Calcarius pictus","Smith's Longspur","Escribano de Smith"
"Calcarius ornatus","Chestnut-collared Longspur","Escribano collarejo"
"Plectrophenax nivalis","Snow Bunting","Escribano nival"
"Plectrophenax hyperboreus","McKay's Bunting","Escribano de McKay"
"Rhodinocichla rosea","Rosy Thrush-tanager","Tangara rosada"
"Emberiza lathami","Crested Bunting","Escribano crestado"
"Emberiza siemsseni","Slaty Bunting","Escribano azul"
"Emberiza calandra","Corn Bunting","Escribano triguero"
"Emberiza citrinella","Yellowhammer","Escribano cerillo"
"Emberiza leucocephalos","Pine Bunting","Escribano cabeciblanco"
"Emberiza cia","Rock Bunting","Escribano montesino"
"Emberiza godlewskii","Godlewski's Bunting","Escribano de Godlewski"
"Emberiza cioides","Meadow Bunting","Escribano de Brandt"
"Emberiza stewarti","White-capped Bunting","Escribano de Stewart"
"Emberiza jankowskii","Jankowski's Bunting","Escribano de Jankowski"
"Emberiza buchanani","Grey-necked Bunting","Escribano cabecigrís"
"Emberiza cineracea","Cinereous Bunting","Escribano cinéreo"
"Emberiza hortulana","Ortolan Bunting","Escribano hortelano"
"Emberiza caesia","Cretzschmar's Bunting","Escribano ceniciento"
"Emberiza cirlus","Cirl Bunting","Escribano soteño"
"Emberiza striolata","Striolated Bunting","Escribano estriado"
"Emberiza sahari","House Bunting","Escribano sahariano"
"Emberiza impetuani","Lark-like Bunting","Escribano alaudino"
"Emberiza tahapisi","Cinnamon-breasted Bunting","Escribano canelo"
"Emberiza goslingi","Gosling's Bunting","Escribano gorjigrís"
"Emberiza socotrana","Socotra Bunting","Escribano de Socotora"
"Emberiza capensis","Cape Bunting","Escribano de El Cabo"
"Emberiza tristrami","Tristram's Bunting","Escribano de Tristram"
"Emberiza fucata","Chestnut-eared Bunting","Escribano orejudo"
"Emberiza pusilla","Little Bunting","Escribano pigmeo"
"Emberiza chrysophrys","Yellow-browed Bunting","Escribano cejigualdo"
"Emberiza rustica","Rustic Bunting","Escribano rústico"
"Emberiza elegans","Yellow-throated Bunting","Escribano elegante"
"Emberiza aureola","Yellow-breasted Bunting","Escribano aureolado"
"Emberiza poliopleura","Somali Bunting","Escribano somalí"
"Emberiza flaviventris","Golden-breasted Bunting","Escribano pechidorado"
"Emberiza affinis","Brown-rumped Bunting","Escribano culipardo"
"Emberiza cabanisi","Cabanis's Bunting","Escribano de Cabanis"
"Emberiza rutila","Chestnut Bunting","Escribano herrumbroso"
"Emberiza koslowi","Tibetan Bunting","Escribano tibetano"
"Emberiza melanocephala","Black-headed Bunting","Escribano cabecinegro"
"Emberiza bruniceps","Red-headed Bunting","Escribano carirrojo"
"Emberiza sulphurata","Yellow Bunting","Escribano japonés"
"Emberiza spodocephala","Black-faced Bunting","Escribano carinegro"
"Emberiza personata","Masked Bunting","Escribano enmascarado"
"Emberiza variabilis","Grey Bunting","Escribano gris"
"Emberiza pallasi","Pallas's Reed Bunting","Escribano de Pallas"
"Emberiza yessoensis","Ochre-rumped Bunting","Escribano culiocre"
"Emberiza schoeniclus","Common Reed Bunting","Escribano palustre"
"Oreothraupis arremonops","Tanager Finch","Cerquero tangarino"
"Chlorospingus flavigularis","Yellow-throated Chlorospingus","Clorospingo gorjiamarillo"
"Chlorospingus parvirostris","Yellow-whiskered Chlorospingus","Clorospingo bigotudo"
"Chlorospingus canigularis","Ashy-throated Chlorospingus","Clorospingo gorjigrís"
"Chlorospingus pileatus","Sooty-capped Chlorospingus","Clorospingo cejiblanco"
"Chlorospingus flavopectus","Common Chlorospingus","Clorospingo común"
"Chlorospingus tacarcunae","Tacarcuna Chlorospingus","Clorospingo del Tacarcuna"
"Chlorospingus inornatus","Pirre Chlorospingus","Clorospingo del Pirre"
"Chlorospingus semifuscus","Dusky Chlorospingus","Clorospingo oscuro"
"Rhynchospiza stolzmanni","Tumbes Sparrow","Chingolo de Tumbes"
"Rhynchospiza dabbenei","Yungas Sparrow","Chingolo de las yungas"
"Rhynchospiza strigiceps","Chaco Sparrow","Chingolo coronicastaño"
"Peucaea carpalis","Rufous-winged Sparrow","Chingolo alirrufo"
"Peucaea sumichrasti","Cinnamon-tailed Sparrow","Chingolo colicanela"
"Peucaea ruficauda","Stripe-headed Sparrow","Chingolo cabecilistado"
"Peucaea humeralis","Black-chested Sparrow","Chingolo pechinegro"
"Peucaea mystacalis","Bridled Sparrow","Chingolo embridado"
"Peucaea botterii","Botteri's Sparrow","Chingolo de Botteri"
"Peucaea cassinii","Cassin's Sparrow","Chingolo de Cassin"
"Peucaea aestivalis","Bachman's Sparrow","Chingolo de Bachman"
"Ammodramus savannarum","Grasshopper Sparrow","Chingolo saltamontes"
"Ammodramus humeralis","Grassland Sparrow","Chingolo pajonalero"
"Ammodramus aurifrons","Yellow-browed Sparrow","Chingolo cejigualdo"
"Arremonops rufivirgatus","Olive Sparrow","Cerquero oliváceo"
"Arremonops chloronotus","Green-backed Sparrow","Cerquero dorsiverde"
"Arremonops conirostris","Black-striped Sparrow","Cerquero negrilistado"
"Arremonops tocuyensis","Tocuyo Sparrow","Cerquero de El Tocuyo"
"Amphispizopsis quinquestriata","Five-striped Sparrow","Chingolo cincorrayas"
"Amphispiza bilineata","Black-throated Sparrow","Chingolo gorjinegro"
"Chondestes grammacus","Lark Sparrow","Chingolo arlequín"
"Calamospiza melanocorys","Lark Bunting","Chingolo albinegro"
"Spizella passerina","Chipping Sparrow","Chingolo cejiblanco"
"Spizella pallida","Clay-colored Sparrow","Chingolo pálido"
"Spizella atrogularis","Black-chinned Sparrow","Chingolo barbinegro"
"Spizella pusilla","Field Sparrow","Chingolo campestre"
"Spizella breweri","Brewer's Sparrow","Chingolo de Brewer"
"Spizella wortheni","Worthen's Sparrow","Chingolo de Worthen"
"Arremon basilicus","Sierra Nevada Brushfinch","Cerquero de Bangs"
"Arremon perijanus","Perija Brushfinch","Cerquero del Perijá"
"Arremon costaricensis","Costa Rican Brushfinch","Cerquero costarricense"
"Arremon atricapillus","Black-headed Brushfinch","Cerquero cabecinegro"
"Arremon phaeopleurus","Caracas Brushfinch","Cerquero de Sclater"
"Arremon phygas","Paria Brushfinch","Cerquero de Berlepsch"
"Arremon assimilis","Grey-browed Brushfinch","Cerquero picofino"
"Arremon torquatus","White-browed Brushfinch","Cerquero cabecilistado"
"Arremon aurantiirostris","Orange-billed Sparrow","Cerquero piquinaranja"
"Arremon abeillei","Black-capped Sparrow","Cerquero coroninegro"
"Arremon nigriceps","Maranon Sparrow","Cerquero del Marañón"
"Arremon schlegeli","Golden-winged Sparrow","Cerquero alidorado"
"Arremon axillaris","Yellow-mandibled Sparrow","Cerquero axilar"
"Arremon taciturnus","Pectoral Sparrow","Cerquero pectoral"
"Arremon franciscanus","Sao Francisco Sparrow","Cerquero franciscano"
"Arremon semitorquatus","Half-collared Sparrow","Cerquero semiacollarado"
"Arremon dorbignii","Moss-backed Sparrow","Cerquero cejilargo"
"Arremon flavirostris","Saffron-billed Sparrow","Cerquero piquiamarillo"
"Arremon virenticeps","Green-striped Brushfinch","Cerquero verdilistado"
"Arremon brunneinucha","Chestnut-capped Brushfinch","Cerquero coronicastaño"
"Arremon crassirostris","Sooty-faced Finch","Cerquero carisucio"
"Arremon castaneiceps","Olive Finch","Cerquero capirrufo"
"Passerella unalaschcensis","Sooty Fox Sparrow","Chingolo fuliginoso"
"Passerella schistacea","Slate-colored Fox Sparrow","Chingolo pizarroso"
"Passerella megarhyncha","Thick-billed Fox Sparrow","Chingolo picogrueso"
"Passerella iliaca","Red Fox Sparrow","Chingolo zorruno"
"Spizelloides arborea","American Tree Sparrow","Chingolo arbóreo"
"Junco vulcani","Volcano Junco","Junco de los volcanes"
"Junco insularis","Guadalupe Junco","Junco de Guadalupe"
"Junco hyemalis","Dark-eyed Junco","Junco pizarroso"
"Junco phaeonotus","Yellow-eyed Junco","Junco ojilumbre"
"Junco bairdi","Baird's Junco","Junco de Baja California"
"Zonotrichia capensis","Rufous-collared Sparrow","Chingolo común"
"Zonotrichia leucophrys","White-crowned Sparrow","Chingolo coroniblanco"
"Zonotrichia atricapilla","Golden-crowned Sparrow","Chingolo coronidorado"
"Zonotrichia querula","Harris's Sparrow","Chingolo de Harris"
"Zonotrichia albicollis","White-throated Sparrow","Chingolo gorjiblanco"
"Artemisiospiza nevadensis","Sagebrush Sparrow","Chingolo de Nevada"
"Artemisiospiza belli","Bell's Sparrow","Chingolo de Bell"
"Oriturus superciliosus","Striped Sparrow","Chingolo rayado"
"Pooecetes gramineus","Vesper Sparrow","Chingolo coliblanco"
"Ammospiza leconteii","LeConte's Sparrow","Chingolo de Le Conte"
"Ammospiza maritima","Seaside Sparrow","Chingolo costero"
"Ammospiza nelsoni","Nelson's Sparrow","Chingolo de Nelson"
"Ammospiza caudacuta","Saltmarsh Sparrow","Chingolo colifino"
"Centronyx bairdii","Baird's Sparrow","Chingolo de Baird"
"Centronyx henslowii","Henslow's Sparrow","Chingolo de Henslow"
"Passerculus sandwichensis","Savannah Sparrow","Chingolo sabanero"
"Xenospiza baileyi","Sierra Madre Sparrow","Chingolo serrano"
"Melospiza melodia","Song Sparrow","Chingolo cantor"
"Melospiza lincolnii","Lincoln's Sparrow","Chingolo de Lincoln"
"Melospiza georgiana","Swamp Sparrow","Chingolo pantanero"
"Pezopetes capitalis","Large-footed Finch","Cerquero patigrande"
"Torreornis inexpectata","Zapata Sparrow","Chingolo de la ciénaga"
"Melozone kieneri","Rusty-crowned Ground Sparrow","Toquí nuquirrufo"
"Melozone fusca","Canyon Towhee","Toquí pardo"
"Melozone albicollis","White-throated Towhee","Toquí oaxaqueño"
"Melozone aberti","Abert's Towhee","Toquí de Abert"
"Melozone crissalis","California Towhee","Toquí californiano"
"Melozone occipitalis","Grey-crowned Ground Sparrow","Toquí coronigrís"
"Melozone leucotis","White-eared Ground Sparrow","Toquí orejiblanco"
"Melozone biarcuata","Prevost's Ground Sparrow","Toquí cuatroojos"
"Melozone cabanisi","Cabanis's Ground Sparrow","Toquí costarricense"
"Aimophila rufescens","Rusty Sparrow","Chingolo rojizo"
"Aimophila ruficeps","Rufous-crowned Sparrow","Chingolo coronirrufo"
"Aimophila notosticta","Oaxaca Sparrow","Chingolo oaxaqueño"
"Pipilo chlorurus","Green-tailed Towhee","Toquí coliverde"
"Pipilo maculatus","Spotted Towhee","Toquí moteado"
"Pipilo erythrophthalmus","Eastern Towhee","Toquí flanquirrufo"
"Pipilo naufragus","Bermuda Towhee","Toquí de las Bermudas"
"Pipilo ocai","Collared Towhee","Toquí acollarado"
"Atlapetes pileatus","Rufous-capped Brushfinch","Atlapetes coronirrufo"
"Atlapetes albinucha","White-naped Brushfinch","Atlapetes nuquiblanco"
"Atlapetes tibialis","Yellow-thighed Brushfinch","Cerquero musliamarillo"
"Atlapetes luteoviridis","Yellow-green Brushfinch","Cerquero verdiamarillo"
"Atlapetes albofrenatus","Moustached Brushfinch","Atlapetes bigotudo"
"Atlapetes personatus","Tepui Brushfinch","Atlapetes de tepuí"
"Atlapetes melanocephalus","Santa Marta Brushfinch","Atlapetes de Santa Marta"
"Atlapetes semirufus","Ochre-breasted Brushfinch","Atlapetes semirrufo"
"Atlapetes flaviceps","Yellow-headed Brushfinch","Atlapetes cabecigualdo"
"Atlapetes fuscoolivaceus","Dusky-headed Brushfinch","Atlapetes sombrío"
"Atlapetes leucopis","White-rimmed Brushfinch","Atlapetes embridado"
"Atlapetes albiceps","White-headed Brushfinch","Atlapetes cabeciblanco"
"Atlapetes rufigenis","Rufous-eared Brushfinch","Atlapetes orejirrufo"
"Atlapetes crassus","Choco Brushfinch","Atlapetes del Chocó"
"Atlapetes tricolor","Tricolored Brushfinch","Atlapetes tricolor"
"Atlapetes schistaceus","Slaty Brushfinch","Atlapetes pizarroso"
"Atlapetes taczanowskii","Taczanowski's Brushfinch","Atlapetes de Taczanowski"
"Atlapetes pallidinucha","Pale-naped Brushfinch","Atlapetes nuquipálido"
"Atlapetes blancae","Antioquia Brushfinch","Atlapetes antioqueño"
"Atlapetes latinuchus","Yellow-breasted Brushfinch","Atlapetes pechiamarillo"
"Atlapetes nigrifrons","Black-fronted Brushfinch","Atlapetes del Perijá"
"Atlapetes leucopterus","White-winged Brushfinch","Atlapetes aliblanco"
"Atlapetes pallidiceps","Pale-headed Brushfinch","Atlapetes cabecipálido"
"Atlapetes seebohmi","Bay-crowned Brushfinch","Atlapetes de Seebohm"
"Atlapetes nationi","Rusty-bellied Brushfinch","Atlapetes ventrirrufo"
"Atlapetes forbesi","Apurimac Brushfinch","Atlapetes de Apurímac"
"Atlapetes melanopsis","Black-spectacled Brushfinch","Atlapetes de anteojos"
"Atlapetes terborghi","Vilcabamba Brushfinch","Atlapetes de Vilcabamba"
"Atlapetes canigenis","Cuzco Brushfinch","Atlapetes de Cuzco"
"Atlapetes melanolaemus","Grey-eared Brushfinch","Atlapetes carinegro"
"Atlapetes rufinucha","Bolivian Brushfinch","Atlapetes nuquirrufo"
"Atlapetes fulviceps","Fulvous-headed Brushfinch","Atlapetes cabecirrufo"
"Atlapetes citrinellus","Yellow-striped Brushfinch","Atlapetes amarillo"
"Calyptophilus tertius","Western Chat-Tanager","Tangara haitiana"
"Calyptophilus frugivorus","Eastern Chat-Tanager","Tangara dominicana"
"Phaenicophilus palmarum","Black-crowned Palm-tanager","Cuatroojos coroninegro"
"Phaenicophilus poliocephalus","Grey-crowned Palm-tanager","Cuatroojos coronigrís"
"Microligea palustris","Green-tailed Warbler","Reinita coliverde"
"Xenoligea montana","White-winged Warbler","Reinita montana"
"Nesospingus speculiferus","Puerto Rican Tanager","Tangara puertorriqueña"
"Spindalis zena","Western Spindalis","Cigua cubana"
"Spindalis dominicensis","Hispaniolan Spindalis","Cigua de La Española"
"Spindalis portoricensis","Puerto Rican Spindalis","Cigua puertorriqueña"
"Spindalis nigricephala","Jamaican Spindalis","Cigua jamaicana"
"Zeledonia coronata","Wrenthrush","Reinita de Zeledón"
"Teretistris fernandinae","Yellow-headed Warbler","Reinita chillina"
"Teretistris fornsi","Oriente Warbler","Reinita de Oriente"
"Icteria virens","Yellow-breasted Chat","Reinita grande"
"Xanthocephalus xanthocephalus","Yellow-headed Blackbird","Tordo cabeciamarillo"
"Dolichonyx oryzivorus","Bobolink","Tordo charlatán"
"Sturnella neglecta","Western Meadowlark","Pradero occidental"
"Sturnella magna","Eastern Meadowlark","Pradero oriental"
"Sturnella lilianae","Chihuahuan Meadowlark","Pradero de Lilian"
"Leistes militaris","Red-breasted Meadowlark","Loica pechirroja"
"Leistes superciliaris","White-browed Meadowlark","Loica cejiblanca"
"Leistes bellicosus","Peruvian Meadowlark","Loica peruana"
"Leistes loyca","Long-tailed Meadowlark","Loica común"
"Leistes defilippii","Pampas Meadowlark","Loica pampeana"
"Amblycercus holosericeus","Yellow-billed Cacique","Cacique piquiclaro"
"Cassiculus melanicterus","Mexican Cacique","Cacique mexicano"
"Psarocolius wagleri","Chestnut-headed Oropendola","Cacique cabecicastaño"
"Psarocolius angustifrons","Russet-backed Oropendola","Cacique dorsirrufo"
"Psarocolius atrovirens","Dusky-green Oropendola","Cacique verdioscuro"
"Psarocolius decumanus","Crested Oropendola","Cacique crestado"
"Psarocolius viridis","Green Oropendola","Cacique verde"
"Psarocolius bifasciatus","Olive Oropendola","Cacique de Pará"
"Psarocolius montezuma","Montezuma Oropendola","Cacique de Moctezuma"
"Psarocolius guatimozinus","Black Oropendola","Cacique negro"
"Psarocolius cassini","Baudo Oropendola","Cacique de Cassin"
"Cacicus solitarius","Solitary Cacique","Cacique solitario"
"Cacicus chrysopterus","Golden-winged Cacique","Cacique aliamarillo"
"Cacicus koepckeae","Selva Cacique","Cacique de Koepcke"
"Cacicus sclateri","Ecuadorian Cacique","Cacique ecuatoriano"
"Cacicus cela","Yellow-rumped Cacique","Cacique lomiamarillo"
"Cacicus uropygialis","Scarlet-rumped Cacique","Cacique subtropical"
"Cacicus chrysonotus","Mountain Cacique","Cacique montano sureño"
"Cacicus latirostris","Band-tailed Cacique","Cacique colibandeado"
"Cacicus oseryi","Casqued Cacique","Cacique de yelmo"
"Cacicus haemorrhous","Red-rumped Cacique","Cacique lomirrojo"
"Icterus parisorum","Scott's Oriole","Turpial de Scott"
"Icterus chrysater","Yellow-backed Oriole","Turpial dorsidorado"
"Icterus graduacauda","Audubon's Oriole","Turpial de Audubon"
"Icterus leucopteryx","Jamaican Oriole","Turpial jamaicano"
"Icterus auratus","Orange Oriole","Turpial yucateco"
"Icterus gularis","Altamira Oriole","Turpial de Altamira"
"Icterus nigrogularis","Yellow Oriole","Turpial amarillo"
"Icterus bullockiorum","Bullock's Oriole","Turpial de Bullock"
"Icterus pustulatus","Streak-backed Oriole","Turpial dorsilistado"
"Icterus abeillei","Black-backed Oriole","Turpial dorsinegro"
"Icterus galbula","Baltimore Oriole","Turpial de Baltimore"
"Icterus mesomelas","Yellow-tailed Oriole","Turpial coliamarillo"
"Icterus pectoralis","Spot-breasted Oriole","Turpial pechipinto"
"Icterus graceannae","White-edged Oriole","Turpial aliblanco"
"Icterus jamacaii","Campo Troupial","Turpial brasileño"
"Icterus icterus","Venezuelan Troupial","Turpial venezolano"
"Icterus croconotus","Orange-backed Troupial","Turpial amazónico"
"Icterus maculialatus","Bar-winged Oriole","Turpial alibarrado"
"Icterus wagleri","Black-vented Oriole","Turpial culinegro"
"Icterus cucullatus","Hooded Oriole","Turpial enmascarado"
"Icterus prosthemelas","Black-cowled Oriole","Turpial cabecinegro"
"Icterus spurius","Orchard Oriole","Turpial castaño"
"Icterus melanopsis","Cuban Oriole","Turpial cubano"
"Icterus northropi","Bahama Oriole","Turpial de las Bahamas"
"Icterus bonana","Martinique Oriole","Turpial de Martinica"
"Icterus portoricensis","Puerto Rican Oriole","Turpial puertorriqueño"
"Icterus oberi","Montserrat Oriole","Turpial de Montserrat"
"Icterus laudabilis","St. Lucia Oriole","Turpial de Santa Lucía"
"Icterus dominicensis","Hispaniolan Oriole","Turpial de La Española"
"Icterus auricapillus","Orange-crowned Oriole","Turpial coroninaranja"
"Icterus pyrrhopterus","Variable Oriole","Turpial variable"
"Icterus cayanensis","Epaulet Oriole","Turpial boyerito"
"Nesopsar nigerrimus","Jamaican Blackbird","Zanate jamaicano"
"Agelaius xanthomus","Yellow-shouldered Blackbird","Sargento puertorriqueño"
"Agelaius humeralis","Tawny-shouldered Blackbird","Sargento humeral"
"Agelaius tricolor","Tricolored Blackbird","Sargento tricolor"
"Agelaius phoeniceus","Red-winged Blackbird","Sargento alirrojo"
"Agelaius assimilis","Red-shouldered Blackbird","Sargento cubano"
"Molothrus rufoaxillaris","Screaming Cowbird","Tordo chillón"
"Molothrus oryzivorus","Giant Cowbird","Tordo gigante"
"Molothrus bonariensis","Shiny Cowbird","Tordo renegrido"
"Molothrus aeneus","Bronzed Cowbird","Tordo ojirrojo"
"Molothrus armenti","Bronze-brown Cowbird","Tordo chico"
"Molothrus ater","Brown-headed Cowbird","Tordo cabecipardo"
"Dives warczewiczi","Scrub Blackbird","Zanate matorralero"
"Dives dives","Melodious Blackbird","Zanate cantor"
"Ptiloxena atroviolacea","Cuban Blackbird","Zanate cubano"
"Euphagus carolinus","Rusty Blackbird","Zanate canadiense"
"Euphagus cyanocephalus","Brewer's Blackbird","Zanate de Brewer"
"Quiscalus quiscula","Common Grackle","Zanate común"
"Quiscalus nicaraguensis","Nicaraguan Grackle","Zanate nicaragüense"
"Quiscalus lugubris","Carib Grackle","Zanate caribeño"
"Quiscalus niger","Greater Antillean Grackle","Zanate antillano"
"Quiscalus major","Boat-tailed Grackle","Zanate marismeño"
"Quiscalus mexicanus","Great-tailed Grackle","Zanate mexicano"
"Quiscalus palustris","Slender-billed Grackle","Zanate picofino"
"Hypopyrrhus pyrohypogaster","Red-bellied Grackle","Chango ventrirrojo"
"Lampropsar tanagrinus","Velvet-fronted Grackle","Chango terciopelo"
"Gymnomystax mexicanus","Oriole Blackbird","Chango oriolino"
"Macroagelaius subalaris","Colombian Mountain Grackle","Chango colombiano"
"Macroagelaius imthurni","Golden-tufted Mountain Grackle","Chango de tepuí"
"Curaeus curaeus","Austral Blackbird","Tordo patagón"
"Amblyramphus holosericeus","Scarlet-headed Blackbird","Federal"
"Anumara forbesi","Forbes's Blackbird","Chango de Forbes"
"Gnorimopsar chopi","Chopi Blackbird","Chopí"
"Oreopsar bolivianus","Bolivian Blackbird","Tordo boliviano"
"Agelaioides badius","Greyish Baywing","Tordo músico"
"Agelaioides fringillarius","Pale Baywing","Tordo de Spix"
"Agelasticus thilius","Yellow-winged Blackbird","Varillero aliamarillo"
"Agelasticus xanthophthalmus","Pale-eyed Blackbird","Varillero ojipálido"
"Agelasticus cyanopus","Unicolored Blackbird","Varillero negro"
"Chrysomus ruficapillus","Chestnut-capped Blackbird","Varillero congo"
"Chrysomus icterocephalus","Yellow-hooded Blackbird","Varillero capuchino"
"Xanthopsar flavus","Saffron-cowled Blackbird","Tordo amarillo"
"Pseudoleistes virescens","Brown-and-yellow Marshbird","Tordo pechiamarillo"
"Pseudoleistes guirahuro","Yellow-rumped Marshbird","Tordo güirahuró"
"Seiurus aurocapilla","Ovenbird","Reinita hornera"
"Helmitheros vermivorum","Worm-eating Warbler","Reinita gusanera"
"Parkesia motacilla","Louisiana Waterthrush","Reinita charquera de Luisiana"
"Parkesia noveboracensis","Northern Waterthrush","Reinita charquera norteña"
"Vermivora bachmanii","Bachman's Warbler","Reinita de Bachman"
"Vermivora chrysoptera","Golden-winged Warbler","Reinita alidorada"
"Vermivora cyanoptera","Blue-winged Warbler","Reinita aliazul"
"Mniotilta varia","Black-and-white Warbler","Reinita trepadora"
"Protonotaria citrea","Prothonotary Warbler","Reinita protonotaria"
"Limnothlypis swainsonii","Swainson's Warbler","Reinita de Swainson"
"Oreothlypis superciliosa","Crescent-chested Warbler","Reinita cejuda"
"Oreothlypis gutturalis","Flame-throated Warbler","Reinita flamígera"
"Leiothlypis peregrina","Tennessee Warbler","Reinita de Tennessee"
"Leiothlypis celata","Orange-crowned Warbler","Reinita coroninaranja"
"Leiothlypis crissalis","Colima Warbler","Reinita de Colima"
"Leiothlypis luciae","Lucy's Warbler","Reinita de Lucy"
"Leiothlypis ruficapilla","Nashville Warbler","Reinita de Nashville"
"Leiothlypis virginiae","Virginia's Warbler","Reinita de Virginia"
"Leucopeza semperi","Semper's Warbler","Reinita de Semper"
"Oporornis agilis","Connecticut Warbler","Reinita de Connecticut"
"Geothlypis poliocephala","Grey-crowned Yellowthroat","Mascarita coronigrís"
"Geothlypis aequinoctialis","Masked Yellowthroat","Mascarita equinoccial"
"Geothlypis chiriquensis","Chiriqui Yellowthroat","Mascarita de Chiriquí"
"Geothlypis auricularis","Black-lored Yellowthroat","Mascarita embridada"
"Geothlypis velata","Southern Yellowthroat","Mascarita Sureña"
"Geothlypis tolmiei","MacGillivray's Warbler","Reinita de Tolmie"
"Geothlypis philadelphia","Mourning Warbler","Reinita plañidera"
"Geothlypis formosa","Kentucky Warbler","Reinita de Kentucky"
"Geothlypis semiflava","Olive-crowned Yellowthroat","Mascarita coronioliva"
"Geothlypis speciosa","Black-polled Yellowthroat","Mascarita transvolcánica"
"Geothlypis beldingi","Belding's Yellowthroat","Mascarita de Belding"
"Geothlypis rostrata","Bahama Yellowthroat","Mascarita de las Bahamas"
"Geothlypis flavovelata","Altamira Yellowthroat","Mascarita de Altamira"
"Geothlypis trichas","Common Yellowthroat","Mascarita común"
"Geothlypis nelsoni","Hooded Yellowthroat","Mascarita matorralera"
"Catharopeza bishopi","Whistling Warbler","Reinita de San Vicente"
"Setophaga plumbea","Plumbeous Warbler","Reinita plúmbea"
"Setophaga angelae","Elfin Woods Warbler","Reinita de Ángela"
"Setophaga pharetra","Arrowhead Warbler","Reinita jamaicana"
"Setophaga citrina","Hooded Warbler","Reinita encapuchada"
"Setophaga ruticilla","American Redstart","Candelita norteña"
"Setophaga kirtlandii","Kirtland's Warbler","Reinita de Kirtland"
"Setophaga tigrina","Cape May Warbler","Reinita atigrada"
"Setophaga cerulea","Cerulean Warbler","Reinita cerúlea"
"Setophaga americana","Northern Parula","Parula norteña"
"Setophaga pitiayumi","Tropical Parula","Parula pitiayumí"
"Setophaga magnolia","Magnolia Warbler","Reinita de Magnolia"
"Setophaga castanea","Bay-breasted Warbler","Reinita castaña"
"Setophaga fusca","Blackburnian Warbler","Reinita gorjinaranja"
"Setophaga aestiva","American Yellow Warbler","Reinita Amarilla"
"Setophaga petechia","Mangrove Warbler","Reinita de manglar"
"Setophaga pensylvanica","Chestnut-sided Warbler","Reinita de Pensilvania"
"Setophaga striata","Blackpoll Warbler","Reinita estriada"
"Setophaga caerulescens","Black-throated Blue Warbler","Reinita azulada"
"Setophaga palmarum","Palm Warbler","Reinita palmera"
"Setophaga pityophila","Olive-capped Warbler","Reinita coroniverde"
"Setophaga pinus","Pine Warbler","Reinita del pinar"
"Setophaga coronata","Myrtle Warbler","Reinita coronada"
"Setophaga auduboni","Audubon's Warbler","Reinita de Audubon"
"Setophaga goldmani","Goldman's Warbler",NA
"Setophaga dominica","Yellow-throated Warbler","Reinita gorjiamarilla"
"Setophaga flavescens","Bahama Warbler","Reinita de las Bahamas"
"Setophaga vitellina","Vitelline Warbler","Reinita de las Caimán"
"Setophaga discolor","Prairie Warbler","Reinita galana"
"Setophaga adelaidae","Adelaide's Warbler","Reinita puertorriqueña"
"Setophaga subita","Barbuda Warbler","Reinita de Barbuda"
"Setophaga delicata","St. Lucia Warbler","Reinita de Santa Lucía"
"Setophaga graciae","Grace's Warbler","Reinita de Grace"
"Setophaga nigrescens","Black-throated Grey Warbler","Reinita gris"
"Setophaga townsendi","Townsend's Warbler","Reinita de Townsend"
"Setophaga occidentalis","Hermit Warbler","Reinita cabecigualda"
"Setophaga chrysoparia","Golden-cheeked Warbler","Reinita caridorada"
"Setophaga virens","Black-throated Green Warbler","Reinita dorsiverde"
"Myiothlypis luteoviridis","Citrine Warbler","Reinita citrina norteña"
"Myiothlypis basilica","Santa Marta Warbler","Reinita de Santa Marta"
"Myiothlypis leucophrys","White-striped Warbler","Reinita cejiblanca"
"Myiothlypis flaveola","Flavescent Warbler","Reinita amarillenta"
"Myiothlypis leucoblephara","White-rimmed Warbler","Reinita silbona"
"Myiothlypis signata","Pale-legged Warbler","Reinita paticlara"
"Myiothlypis nigrocristata","Black-crested Warbler","Reinita crestinegra"
"Myiothlypis fulvicauda","Buff-rumped Warbler","Reinita culiparda"
"Myiothlypis rivularis","Riverbank Warbler","Reinita ribereña meridional"
"Myiothlypis bivittata","Two-banded Warbler","Reinita bandeada"
"Myiothlypis roraimae","Roraiman Warbler","Reinita del Roraima"
"Myiothlypis chlorophrys","Choco Warbler","Reinita del Chocó"
"Myiothlypis chrysogaster","Cuzco Warbler","Reinita ventridorada"
"Myiothlypis conspicillata","White-lored Warbler","Reinita embridada"
"Myiothlypis cinereicollis","Grey-throated Warbler","Reinita gorjigrís"
"Myiothlypis fraseri","Grey-and-gold Warbler","Reinita de Fraser"
"Myiothlypis coronata","Russet-crowned Warbler","Reinita coronirroja"
"Myiothlypis griseiceps","Grey-headed Warbler","Reinita cabecigrís"
"Basileuterus lachrymosus","Fan-tailed Warbler","Reinita roquera"
"Basileuterus rufifrons","Rufous-capped Warbler","Reinita coronirrufa"
"Basileuterus delattrii","Chestnut-capped Warbler","Chiví gorra castaña"
"Basileuterus melanogenys","Black-cheeked Warbler","Reinita carinegra"
"Basileuterus ignotus","Pirre Warbler","Reinita del Pirre"
"Basileuterus belli","Golden-browed Warbler","Reinita cejidorada"
"Basileuterus culicivorus","Golden-crowned Warbler","Reinita coroniestriada"
"Basileuterus melanotis","Black-eared Warbler","Reinita Tica"
"Basileuterus tacarcunae","Tacarcuna Warbler","Reinita de Tacarcuna"
"Basileuterus trifasciatus","Three-banded Warbler","Reinita de Cajamarca"
"Basileuterus punctipectus","Yungas Warbler",NA
"Basileuterus tristriatus","Three-striped Warbler","Reinita cabecilistada"
"Cardellina canadensis","Canada Warbler","Reinita canadiense"
"Cardellina pusilla","Wilson's Warbler","Reinita de Wilson"
"Cardellina rubrifrons","Red-faced Warbler","Reinita carirroja"
"Cardellina rubra","Red Warbler","Reinita roja"
"Cardellina versicolor","Pink-headed Warbler","Reinita rosada"
"Myioborus pictus","Painted Whitestart","Candelita aliblanca"
"Myioborus miniatus","Slate-throated Whitestart","Candelita plomiza"
"Myioborus brunniceps","Brown-capped Whitestart","Candelita coronicastaña"
"Myioborus flavivertex","Yellow-crowned Whitestart","Candelita coronigualda"
"Myioborus albifrons","White-fronted Whitestart","Candelita frentiblanca"
"Myioborus ornatus","Golden-fronted Whitestart","Candelita adornada"
"Myioborus melanocephalus","Spectacled Whitestart","Candelita de anteojos"
"Myioborus torquatus","Collared Whitestart","Candelita collareja"
"Myioborus pariae","Paria Whitestart","Candelita de Paria"
"Myioborus albifacies","White-faced Whitestart","Candelita cariblanca"
"Myioborus cardonai","Guaiquinima Whitestart","Candelita de Cardona"
"Myioborus castaneocapilla","Tepui Whitestart","Candelita de tepuí"
"Mitrospingus cassinii","Dusky-faced Tanager","Tangara carinegruzca"
"Mitrospingus oleagineus","Olive-backed Tanager","Tangara dorsioliva"
"Orthogonys chloricterus","Olive-green Tanager","Tangara verdioliva"
"Lamprospiza melanoleuca","Red-billed Pied Tanager","Tangara piquirroja"
"Piranga bidentata","Flame-colored Tanager","Piranga estriada"
"Piranga lutea","Tooth-billed Tanager","Piranga Montana"
"Piranga flava","Red Tanager","Piranga bermeja"
"Piranga hepatica","Hepatic Tanager","Piranga hepática"
"Piranga rubra","Summer Tanager","Piranga roja"
"Piranga roseogularis","Rose-throated Tanager","Piranga yucateca"
"Piranga olivacea","Scarlet Tanager","Piranga escarlata"
"Piranga ludoviciana","Western Tanager","Piranga carirroja"
"Piranga leucoptera","White-winged Tanager","Piranga aliblanca"
"Piranga erythrocephala","Red-headed Tanager","Piranga cabecirroja"
"Piranga rubriceps","Red-hooded Tanager","Piranga capuchirroja"
"Habia rubica","Red-crowned Ant Tanager","Habia coronirroja"
"Driophlox fuscicauda","Red-throated Ant Tanager","Habia gorjirroja"
"Driophlox atrimaxillaris","Black-cheeked Ant Tanager","Habia carinegra"
"Driophlox gutturalis","Sooty Ant Tanager","Habia sombría"
"Driophlox cristata","Crested Ant Tanager","Habia copetona"
"Chlorothraupis carmioli","Carmiol's Tanager","Tangara de Carmiol"
"Chlorothraupis frenata","Yellow-lored Tanager","Tangara embridada"
"Chlorothraupis olivacea","Lemon-spectacled Tanager","Tangara olivácea"
"Chlorothraupis stolzmanni","Ochre-breasted Tanager","Tangara pechiocre"
"Pheucticus chrysopeplus","Yellow Grosbeak","Picogrueso amarillo"
"Pheucticus tibialis","Black-thighed Grosbeak","Picogrueso muslinegro"
"Pheucticus chrysogaster","Golden Grosbeak","Picogrueso ventriamarillo"
"Pheucticus aureoventris","Black-backed Grosbeak","Picogrueso dorsinegro"
"Pheucticus ludovicianus","Rose-breasted Grosbeak","Picogrueso pechirrosado"
"Pheucticus melanocephalus","Black-headed Grosbeak","Picogrueso cabecinegro"
"Granatellus venustus","Red-breasted Chat","Reinita mexicana"
"Granatellus sallaei","Grey-throated Chat","Reinita yucateca"
"Granatellus pelzelni","Rose-breasted Chat","Reinita pechirroja común"
"Granatellus paraensis","Rose-bellied Chat","Reinita pechirroja de Pará"
"Cardinalis cardinalis","Northern Cardinal","Cardenal norteño"
"Cardinalis phoeniceus","Vermilion Cardinal","Cardenal de la Guajira"
"Cardinalis sinuatus","Pyrrhuloxia","Cardenal pardo"
"Caryothraustes poliogaster","Black-faced Grosbeak","Picogrueso carinegro"
"Caryothraustes canadensis","Yellow-green Grosbeak","Picogrueso verdiamarillo"
"Periporphyrus celaeno","Crimson-collared Grosbeak","Picogrueso acollarado"
"Periporphyrus erythromelas","Red-and-black Grosbeak","Picogrueso rojinegro"
"Amaurospiza concolor","Blue Seedeater","Semillero Azul"
"Amaurospiza aequatorialis","Ecuadorian Seedeater",NA
"Amaurospiza moesta","Blackish-blue Seedeater","Semillero negruzco"
"Amaurospiza carrizalensis","Carrizal Seedeater","Semillero de Carrizal"
"Spiza americana","Dickcissel","Arrocero"
"Cyanoloxia glaucocaerulea","Glaucous-blue Grosbeak","Picogrueso índigo"
"Cyanoloxia cyanoides","Blue-black Grosbeak","Picogrueso negriazul"
"Cyanoloxia rothschildii","Amazonian Grosbeak","Picogrueso amazónico"
"Cyanoloxia brissonii","Ultramarine Grosbeak","Picogrueso de Brisson"
"Cyanocompsa parellina","Blue Bunting","Picogrueso azul"
"Passerina caerulea","Blue Grosbeak","Azulillo grande"
"Passerina cyanea","Indigo Bunting","Azulillo índigo"
"Passerina amoena","Lazuli Bunting","Azulillo lapislázuli"
"Passerina versicolor","Varied Bunting","Azulillo morado"
"Passerina ciris","Painted Bunting","Azulillo sietecolores"
"Passerina rositae","Rose-bellied Bunting","Azulillo ventrirrosado"
"Passerina leclancherii","Orange-breasted Bunting","Azulillo pechinaranja"
"Catamblyrhynchus diadema","Plushcap","Tangara peluda"
"Charitospiza eucosma","Coal-crested Finch","Monterita crestada"
"Orchesticus abeillei","Brown Tanager","Tangara parda"
"Parkerthraustes humeralis","Yellow-shouldered Grosbeak","Picogrueso humeral"
"Nemosia pileata","Hooded Tanager","Tangara encapuchada"
"Nemosia rourei","Cherry-throated Tanager","Tangara golirroja"
"Cyanicterus cyanicterus","Blue-backed Tanager","Tangara dorsiazul"
"Sericossypha albocristata","White-capped Tanager","Tangara coroniblanca"
"Compsothraupis loricata","Scarlet-throated Tanager","Tangara gorjirroja"
"Coryphaspiza melanotis","Black-masked Finch","Cachilo enmascarado"
"Embernagra platensis","Pampa Finch","Coludo verdón"
"Embernagra longicauda","Serra Finch","Coludo gorjipálido"
"Emberizoides ypiranganus","Lesser Grass Finch","Coludo chico"
"Emberizoides herbicola","Wedge-tailed Grass Finch","Coludo colicuña"
"Emberizoides duidae","Duida Grass Finch","Coludo del Duida"
"Incaspiza pulchra","Great Inca Finch","Incaspiza alirrufo"
"Incaspiza personata","Rufous-backed Inca Finch","Incaspiza dorsirrufo"
"Incaspiza ortizi","Grey-winged Inca Finch","Incaspiza aligrís"
"Incaspiza laeta","Buff-bridled Inca Finch","Incaspiza bigotudo"
"Incaspiza watkinsi","Little Inca Finch","Incaspiza chico"
"Rhopospina fruticeti","Mourning Sierra Finch","Yal pechinegro"
"Rhopospina caerulescens","Blue Finch","Yal azul"
"Rhopospina alaudina","Band-tailed Sierra Finch","Yal platero"
"Rhopospina carbonaria","Carbonated Sierra Finch","Yal carbonero"
"Chlorophanes spiza","Green Honeycreeper","Mielerito verde"
"Iridophanes pulcherrimus","Golden-collared Honeycreeper","Mielerito collarejo"
"Chrysothlypis salmoni","Scarlet-and-white Tanager","Tangara rojiblanca"
"Chrysothlypis chrysomelas","Black-and-yellow Tanager","Tangara negriamarilla"
"Heterospingus rubrifrons","Sulphur-rumped Tanager","Tangara lomiazufrada"
"Heterospingus xanthopygius","Scarlet-browed Tanager","Tangara cejirroja"
"Hemithraupis flavicollis","Yellow-backed Tanager","Tangara gorjigualda"
"Hemithraupis guira","Guira Tanager","Tangara guirá"
"Hemithraupis ruficapilla","Rufous-headed Tanager","Tangara cabecirrufa"
"Tersina viridis","Swallow Tanager","Tangara golondrina"
"Cyanerpes caeruleus","Purple Honeycreeper","Mielerito cerúleo"
"Cyanerpes cyaneus","Red-legged Honeycreeper","Mielerito patirrojo"
"Cyanerpes nitidus","Short-billed Honeycreeper","Mielerito piquicorto"
"Cyanerpes lucidus","Shining Honeycreeper","Mielerito reluciente"
"Dacnis berlepschi","Scarlet-breasted Dacnis","Dacnis pechirrojo"
"Dacnis venusta","Scarlet-thighed Dacnis","Dacnis muslirrojo"
"Dacnis cayana","Blue Dacnis","Dacnis azul"
"Dacnis flaviventer","Yellow-bellied Dacnis","Dacnis ventriamarillo"
"Dacnis hartlaubi","Turquoise Dacnis","Dacnis turquesa"
"Dacnis lineata","Black-faced Dacnis","Dacnis carinegro"
"Dacnis egregia","Yellow-tufted Dacnis","Dacnis egregio"
"Dacnis viguieri","Viridian Dacnis","Dacnis verdoso"
"Dacnis nigripes","Black-legged Dacnis","Dacnis patinegro"
"Dacnis albiventris","White-bellied Dacnis","Dacnis ventriblanco"
"Saltatricula multicolor","Many-colored Chaco Finch","Pepitero chico"
"Saltatricula atricollis","Black-throated Saltator","Pepitero gorjinegro"
"Saltator orenocensis","Orinoco Saltator","Pepitero del Orinoco"
"Saltator similis","Green-winged Saltator","Pepitero verdoso"
"Saltator grandis","Cinnamon-bellied Saltator","Pepitero grisáceo norteño"
"Saltator olivascens","Olive-grey Saltator","Pepitero grisáceo del Caribe"
"Saltator coerulescens","Bluish-grey Saltator","Pepitero grisáceo del Amazonas"
"Saltator striatipectus","Streaked Saltator","Pepitero listado"
"Saltator albicollis","Lesser Antillean Saltator","Pepitero antillano"
"Saltator maximus","Buff-throated Saltator","Pepitero gorjicanelo"
"Saltator atripennis","Black-winged Saltator","Pepitero alinegro"
"Saltator atriceps","Black-headed Saltator","Pepitero cabecinegro"
"Saltator nigriceps","Black-cowled Saltator","Pepitero capuchinegro"
"Saltator fuliginosus","Black-throated Grosbeak","Pepitero fuliginoso"
"Saltator grossus","Slate-colored Grosbeak","Pepitero pizarroso"
"Saltator cinctus","Masked Saltator","Pepitero enmascarado"
"Saltator maxillosus","Thick-billed Saltator","Pepitero picudo"
"Saltator aurantiirostris","Golden-billed Saltator","Pepitero piquigualdo"
"Coereba flaveola","Bananaquit","Platanero"
"Tiaris olivaceus","Yellow-faced Grassquit","Semillero tomeguín"
"Euneornis campestris","Orangequit","Semillero azulillo"
"Melopyrrha portoricensis","Puerto Rican Bullfinch","Semillero puertorriqueño"
"Melopyrrha grandis","St. Kitts Bullfinch","Semillero de San Cristóbal"
"Melopyrrha violacea","Greater Antillean Bullfinch","Semillero prieto"
"Melopyrrha nigra","Cuban Bullfinch","Semillero negrito"
"Melopyrrha taylori","Grand Cayman Bullfinch","Semillero de Gran Caimán"
"Loxipasser anoxanthus","Yellow-shouldered Grassquit","Semillero jamaicano"
"Phonipara canora","Cuban Grassquit","Semillero canoro"
"Loxigilla barbadensis","Barbados Bullfinch","Semillero de Barbados"
"Loxigilla noctis","Lesser Antillean Bullfinch","Semillero gorjirrojo"
"Melanospiza richardsoni","St. Lucia Black Finch","Semillero de Santa Lucía"
"Melanospiza bicolor","Black-faced Grassquit","Semillero bicolor"
"Asemospiza fuliginosa","Sooty Grassquit","Semillero fuliginoso"
"Asemospiza obscura","Dull-colored Grassquit","Semillero oscuro"
"Certhidea olivacea","Green Warbler-Finch","Pinzón de Darwin oliváceo"
"Certhidea fusca","Grey Warbler-Finch","Pinzón de Darwin gris"
"Platyspiza crassirostris","Vegetarian Finch","Pinzón de Darwin vegetariano"
"Pinaroloxias inornata","Cocos Finch","Pinzón de Darwin de Cocos"
"Camarhynchus heliobates","Mangrove Finch","Pinzón de Darwin manglero"
"Camarhynchus pauper","Medium Tree Finch","Pinzón de Darwin modesto"
"Camarhynchus pallidus","Woodpecker Finch","Pinzón de Darwin carpintero"
"Camarhynchus parvulus","Small Tree Finch","Pinzón de Darwin chico"
"Camarhynchus psittacula","Large Tree Finch","Pinzón de Darwin lorito"
"Geospiza fuliginosa","Small Ground Finch","Pinzón de Darwin fuliginoso"
"Geospiza difficilis","Sharp-beaked Ground Finch","Pinzón de Darwin picofino"
"Geospiza acutirostris","Genovesa Ground Finch","Pinzón de Darwin de Genovesa picofino picofino"
"Geospiza septentrionalis","Vampire Ground Finch","Pinzón de Darwin chupasangre"
"Geospiza conirostris","Espanola Cactus Finch","Pinzón de Darwin conirrostro"
"Geospiza propinqua","Genovesa Cactus Finch","Pinzón de Darwin de Genovesa picogrueso"
"Geospiza magnirostris","Large Ground Finch","Pinzón de Darwin picogordo"
"Geospiza scandens","Common Cactus Finch","Pinzón de Darwin de Española"
"Geospiza fortis","Medium Ground Finch","Pinzón de Darwin picomediano"
"Volatinia jacarina","Blue-black Grassquit","Semillero volatinero"
"Conothraupis speculigera","Black-and-white Tanager","Tangara albinegra"
"Conothraupis mesoleuca","Cone-billed Tanager","Tangara picuda"
"Creurgops verticalis","Rufous-crested Tanager","Tangara crestirrufa"
"Creurgops dentatus","Slaty Tanager","Tangara pizarrosa"
"Eucometis penicillata","Grey-headed Tanager","Tangara cabecigrís"
"Trichothraupis melanops","Black-goggled Tanager","Tangara de anteojos"
"Heliothraupis oneilli","Inti Tanager","Tangara inti"
"Loriotus cristatus","Flame-crested Tanager","Tangara crestifuego"
"Loriotus luctuosus","White-shouldered Tanager","Tangara luctuosa"
"Loriotus rufiventer","Yellow-crested Tanager","Tangara crestiamarilla"
"Coryphospingus pileatus","Grey Pileated Finch","Soldadito capirotado"
"Coryphospingus cucullatus","Red Pileated Finch","Soldadito crestirrojo"
"Tachyphonus surinamus","Fulvous-crested Tanager","Tangara crestifulva"
"Tachyphonus delatrii","Tawny-crested Tanager","Tangara de Delattre"
"Tachyphonus rufus","White-lined Tanager","Tangara negra"
"Tachyphonus phoenicius","Red-shouldered Tanager","Tangara de galones"
"Tachyphonus coronatus","Ruby-crowned Tanager","Tangara coronada"
"Rhodospingus cruentus","Crimson-breasted Finch","Soldadito carmesí"
"Lanio versicolor","White-winged Shrike-Tanager","Tangara aliblanca"
"Lanio fulvus","Fulvous Shrike-Tanager","Tangara fulva"
"Lanio aurantius","Black-throated Shrike-Tanager","Tangara gorjinegra"
"Lanio leucothorax","White-throated Shrike-Tanager","Tangara gorjiblanca"
"Ramphocelus sanguinolentus","Crimson-collared Tanager","Tangara acollarada"
"Ramphocelus flammigerus","Flame-rumped Tanager","Tangara flamígera"
"Ramphocelus passerinii","Scarlet-rumped Tanager","Tangara terciopelo"
"Ramphocelus bresilia","Brazilian Tanager","Tangara brasileña"
"Ramphocelus dimidiatus","Crimson-backed Tanager","Tangara dorsirroja"
"Ramphocelus nigrogularis","Masked Crimson Tanager","Tangara enmascarada"
"Ramphocelus melanogaster","Huallaga Tanager","Tangara del Huallaga"
"Ramphocelus carbo","Silver-beaked Tanager","Tangara picoplata"
"Sporophila bouvronides","Lesson's Seedeater","Semillero de Lesson"
"Sporophila lineola","Lined Seedeater","Semillero overo"
"Sporophila torqueola","Cinnamon-rumped Seedeater","Semillero torcaz"
"Sporophila morelleti","Morelet's Seedeater","Semillero cuelliblanco"
"Sporophila corvina","Variable Seedeater","Semillero corvino"
"Sporophila intermedia","Grey Seedeater","Semillero intermedio"
"Sporophila americana","Wing-barred Seedeater","Semillero aliblanco"
"Sporophila fringilloides","White-naped Seedeater","Semillero nuquiblanco"
"Sporophila luctuosa","Black-and-white Seedeater","Semillero negriblanco"
"Sporophila caerulescens","Double-collared Seedeater","Semillero corbatita"
"Sporophila nigricollis","Yellow-bellied Seedeater","Semillero ventriamarillo"
"Sporophila ardesiaca","Dubois's Seedeater","Semillero de Dubois"
"Sporophila funerea","Thick-billed Seed Finch","Semillero piquigrueso"
"Sporophila angolensis","Chestnut-bellied Seed Finch","Semillero curió"
"Sporophila nuttingi","Nicaraguan Seed Finch","Semillero nicaragüense"
"Sporophila maximiliani","Great-billed Seed Finch","Semillero de Maximilian"
"Sporophila crassirostris","Large-billed Seed Finch","Semillero piquigrande"
"Sporophila atrirostris","Black-billed Seed Finch","Semillero piquinegro"
"Sporophila schistacea","Slate-colored Seedeater","Semillero pizarroso"
"Sporophila falcirostris","Temminck's Seedeater","Semillero picudo"
"Sporophila frontalis","Buffy-fronted Seedeater","Semillero frentiblanco"
"Sporophila plumbea","Plumbeous Seedeater","Semillero plomizo"
"Sporophila beltoni","Tropeiro Seedeater","Semillero arriero"
"Sporophila collaris","Rusty-collared Seedeater","Semillero acollarado"
"Sporophila albogularis","White-throated Seedeater","Semillero gorjiblanco"
"Sporophila leucoptera","White-bellied Seedeater","Semillero ventriblanco"
"Sporophila peruviana","Parrot-billed Seedeater","Semillero peruano"
"Sporophila telasco","Chestnut-throated Seedeater","Semillero gorjicastaño"
"Sporophila simplex","Drab Seedeater","Semillero simple"
"Sporophila castaneiventris","Chestnut-bellied Seedeater","Semillero ventricastaño"
"Sporophila minuta","Ruddy-breasted Seedeater","Semillero pechirrufo"
"Sporophila bouvreuil","Copper Seedeater","Semillero camachuelo"
"Sporophila nigrorufa","Black-and-tawny Seedeater","Semillero rojinegro"
"Sporophila hypoxantha","Tawny-bellied Seedeater","Semillero ventricanela"
"Sporophila ruficollis","Dark-throated Seedeater","Semillero gorjioscuro"
"Sporophila iberaensis","Ibera Seedeater","Semillero del Iberá"
"Sporophila pileata","Pearly-bellied Seedeater","Semillero capirotado"
"Sporophila hypochroma","Rufous-rumped Seedeater","Semillero culirrufo"
"Sporophila cinnamomea","Chestnut Seedeater","Semillero castaño"
"Sporophila palustris","Marsh Seedeater","Semillero palustre"
"Sporophila melanogaster","Black-bellied Seedeater","Semillero ventrinegro"
"Piezorina cinerea","Cinereous Finch","Yal cinéreo"
"Xenospingus concolor","Slender-billed Finch","Yal picofino"
"Cnemoscopus rubrirostris","Pink-billed Cnemoscopus","Tangara piquirrubio"
"Cnemoscopus chrysogaster","Black-billed Cnemoscopus","Tangara ventrigualdo"
"Pseudospingus verticalis","Black-headed Hemispingus","Hemispingo cabecinegro"
"Pseudospingus xanthophthalmus","Drab Hemispingus","Hemispingo modesto"
"Poospiza boliviana","Bolivian Warbling Finch","Monterita boliviana"
"Poospiza ornata","Cinnamon Warbling Finch","Monterita canela"
"Poospiza nigrorufa","Black-and-rufous Warbling Finch","Monterita sietevestidos pampera"
"Poospiza whitii","Black-and-chestnut Warbling Finch","Monterita sietevestidos andina"
"Poospiza hispaniolensis","Collared Warbling Finch","Monterita collareja"
"Poospiza rubecula","Rufous-breasted Warbling Finch","Monterita pechirrufa"
"Poospiza baeri","Tucuman Mountain Finch","Monterita de Tucumán"
"Poospiza garleppi","Cochabamba Mountain Finch","Monterita de Cochabamba"
"Poospiza goeringi","Slaty-backed Hemispingus","Hemispingo dorsigrís"
"Poospiza rufosuperciliaris","Rufous-browed Hemispingus","Hemispingo cejirrufo"
"Kleinothraupis reyi","Grey-capped Hemispingus","Hemispingo coronigrís"
"Kleinothraupis atropileus","Black-capped Hemispingus","Hemispingo capirotado"
"Kleinothraupis auricularis","White-browed Hemispingus","Hemispingo cejiblanco"
"Kleinothraupis calophrys","Orange-browed Hemispingus","Hemispingo de los bambúes"
"Kleinothraupis parodii","Parodi's Hemispingus","Hemispingo de Parodi"
"Sphenopsis frontalis","Oleaginous Hemispingus","Hemispingo oleaginoso"
"Sphenopsis melanotis","Black-eared Hemispingus","Hemispingo orejinegro"
"Sphenopsis ochracea","Western Hemispingus","Hemispingo ocráceo"
"Sphenopsis piurae","Piura Hemispingus","Hemispingo de Piura"
"Thlypopsis fulviceps","Fulvous-headed Tanager","Tangara cabecifulva"
"Thlypopsis inornata","Buff-bellied Tanager","Tangara sencilla"
"Thlypopsis sordida","Orange-headed Tanager","Tangara cabecinaranja"
"Thlypopsis pyrrhocoma","Chestnut-headed Tanager","Tangara pioró"
"Thlypopsis ruficeps","Rust-and-yellow Tanager","Tangara alisera"
"Thlypopsis superciliaris","Superciliaried Hemispingus","Hemispingo cejudo"
"Thlypopsis ornata","Rufous-chested Tanager","Tangara pechicanela"
"Thlypopsis pectoralis","Brown-flanked Tanager","Tangara pectoral"
"Castanozoster thoracicus","Bay-chested Warbling Finch","Monterita torácica"
"Donacospiza albifrons","Long-tailed Reed Finch","Cachilo canela"
"Cypsnagra hirundinacea","White-rumped Tanager","Tangara culiblanca"
"Poospizopsis hypocondria","Rufous-sided Warbling Finch","Monterita pechigrís"
"Poospizopsis caesar","Chestnut-breasted Mountain Finch","Monterita pechicastaña"
"Urothraupis stolzmanni","Black-backed Bush Tanager","Tangara de Stolzmann"
"Nephelornis oneilli","Pardusco","Tangara pardusca"
"Microspingus lateralis","Buff-throated Warbling Finch","Monterita culirrufa"
"Microspingus cabanisi","Grey-throated Warbling Finch","Monterita de Cabanis"
"Microspingus erythrophrys","Rusty-browed Warbling Finch","Monterita cejirrufa"
"Microspingus alticola","Plain-tailed Warbling Finch","Monterita de Cajamarca"
"Microspingus torquatus","Ringed Warbling Finch","Monterita acollarada"
"Microspingus trifasciatus","Three-striped Hemispingus","Hemispingo trilistado"
"Microspingus melanoleucus","Black-capped Warbling Finch","Monterita cabecinegra"
"Microspingus cinereus","Cinereous Warbling Finch","Monterita cinérea"
"Conirostrum margaritae","Pearly-breasted Conebill","Conirrostro pechigrís"
"Conirostrum bicolor","Bicolored Conebill","Conirrostro bicolor"
"Conirostrum speciosum","Chestnut-vented Conebill","Conirrostro culirrufo"
"Conirostrum leucogenys","White-eared Conebill","Conirrostro orejiblanco"
"Conirostrum albifrons","Capped Conebill","Conirrostro coronado"
"Conirostrum binghami","Giant Conebill","Conirrostro gigante"
"Conirostrum sitticolor","Blue-backed Conebill","Conirrostro dorsiazul"
"Conirostrum ferrugineiventre","White-browed Conebill","Conirrostro cejiblanco"
"Conirostrum tamarugense","Tamarugo Conebill","Conirrostro de tamarugal"
"Conirostrum rufum","Rufous-browed Conebill","Conirrostro rufo"
"Conirostrum cinereum","Cinereous Conebill","Conirrostro cinéreo"
"Sicalis citrina","Stripe-tailed Yellow Finch","Chirigüe citrino"
"Sicalis taczanowskii","Sulphur-throated Finch","Chirigüe de Taczanowski"
"Sicalis uropygialis","Bright-rumped Yellow Finch","Chirigüe culigualdo"
"Sicalis flaveola","Saffron Finch","Chirigüe azafranado"
"Sicalis columbiana","Orange-fronted Yellow Finch","Chirigüe frentinaranja"
"Sicalis luteola","Grassland Yellow Finch","Chirigüe sabanero"
"Sicalis luteocephala","Citron-headed Yellow Finch","Chirigüe cabecigualdo"
"Sicalis lebruni","Patagonian Yellow Finch","Chirigüe austral"
"Sicalis olivascens","Greenish Yellow Finch","Chirigüe oliváceo"
"Sicalis mendozae","Monte Yellow Finch","Chirigüe de Mendoza"
"Sicalis auriventris","Greater Yellow Finch","Chirigüe grande"
"Sicalis raimondii","Raimondi's Yellow Finch","Chirigüe de Raimondi"
"Sicalis lutea","Puna Yellow Finch","Chirigüe puneño"
"Phrygilus gayi","Grey-hooded Sierra Finch","Yal cabecigrís"
"Phrygilus patagonicus","Patagonian Sierra Finch","Yal patagón"
"Phrygilus atriceps","Black-hooded Sierra Finch","Yal cabecinegro"
"Phrygilus punensis","Peruvian Sierra Finch","Yal peruano"
"Nesospiza acunhae","Inaccessible Island Finch","Yal de la Inaccesible"
"Nesospiza wilkinsi","Wilkins's Finch","Yal de Wilkins"
"Nesospiza questi","Nightingale Island Finch","Yal de la Nightingale"
"Rowettia goughensis","Gough Finch","Yal de Gough"
"Melanodera melanodera","White-bridled Finch","Yal cejiblanco"
"Melanodera xanthogramma","Yellow-bridled Finch","Yal cejiamarillo"
"Geospizopsis plebejus","Ash-breasted Sierra Finch","Yal plebeyo"
"Geospizopsis unicolor","Plumbeous Sierra Finch","Yal plomizo"
"Haplospiza unicolor","Uniform Finch","Yal unicolor"
"Haplospiza rustica","Slaty Finch","Yal pizarroso"
"Acanthidops bairdi","Peg-billed Finch","Yal costarricense"
"Xenodacnis petersi","Streaked Dacnis","Dacnis andino norteño"
"Xenodacnis parina","Tit-like Dacnis","Dacnis andino sureño"
"Idiopsar dorsalis","Red-backed Sierra Finch","Yal dorsirrojo"
"Idiopsar erythronotus","White-throated Sierra Finch","Yal gorjiblanco"
"Idiopsar speculifer","Glacier Finch","Diuca aliblanca"
"Idiopsar brachyurus","Boulder Finch","Yal colicorto"
"Catamenia analis","Band-tailed Seedeater","Semillero colifajado"
"Catamenia inornata","Plain-colored Seedeater","Semillero sencillo"
"Catamenia homochroa","Paramo Seedeater","Semillero paramero"
"Diglossa glauca","Golden-eyed Flowerpiercer","Pinchaflor glauco"
"Diglossa caerulescens","Bluish Flowerpiercer","Pinchaflor azulado"
"Diglossa cyanea","Warbling Masked Flowerpiercer","Pinchaflor enmascarado"
"Diglossa melanopis","Whistling Masked Flowerpiercer",NA
"Diglossa indigotica","Indigo Flowerpiercer","Pinchaflor índigo"
"Diglossa sittoides","Rusty Flowerpiercer","Pinchaflor ferrugíneo"
"Diglossa plumbea","Slaty Flowerpiercer","Pinchaflor plomizo"
"Diglossa baritula","Cinnamon-bellied Flowerpiercer","Pinchaflor ventricanelo"
"Diglossa mystacalis","Moustached Flowerpiercer","Pinchaflor bigotudo"
"Diglossa lafresnayii","Glossy Flowerpiercer","Pinchaflor satinado"
"Diglossa gloriosissima","Chestnut-bellied Flowerpiercer","Pinchaflor ventrirrufo"
"Diglossa duidae","Scaled Flowerpiercer","Pinchaflor del Duida"
"Diglossa major","Greater Flowerpiercer","Pinchaflor grande"
"Diglossa venezuelensis","Venezuelan Flowerpiercer","Pinchaflor venezolano"
"Diglossa albilatera","White-sided Flowerpiercer","Pinchaflor flanquiblanco"
"Diglossa carbonaria","Grey-bellied Flowerpiercer","Pinchaflor carbonero"
"Diglossa brunneiventris","Black-throated Flowerpiercer","Pinchaflor gorjinegro"
"Diglossa gloriosa","Merida Flowerpiercer","Pinchaflor de Mérida"
"Diglossa humeralis","Black Flowerpiercer","Pinchaflor negro"
"Calochaetes coccineus","Vermilion Tanager","Tangara bermellón"
"Iridosornis porphyrocephalus","Purplish-mantled Tanager","Tangara capiazul"
"Iridosornis analis","Yellow-throated Tanager","Tangara goliamarilla"
"Iridosornis jelskii","Golden-collared Tanager","Tangara de Jelski"
"Iridosornis reinhardti","Yellow-scarfed Tanager","Tangara de Reinhardt"
"Iridosornis rufivertex","Golden-crowned Tanager","Tangara coronidorada"
"Pipraeidea melanonota","Fawn-breasted Tanager","Tangara de antifaz"
"Rauenia bonariensis","Blue-and-yellow Tanager","Tangara naranjera"
"Pseudosaltator rufiventris","Rufous-bellied Mountain Tanager","Pepitero colorado"
"Dubusia carrikeri","Carriker's Mountain Tanager","Tangara pechifulva de Carriker"
"Dubusia taeniata","Buff-breasted Mountain Tanager","Tangara pechifulva norteña"
"Dubusia stictocephala","Streak-crowned Mountain Tanager","Tangara pechifulva sureña"
"Dubusia castaneoventris","Chestnut-bellied Mountain Tanager","Tangara ventricastaña"
"Buthraupis montana","Hooded Mountain Tanager","Tangara montana"
"Sporathraupis cyanocephala","Blue-capped Tanager","Tangara coroniazul"
"Tephrophilus wetmorei","Masked Mountain Tanager","Tangara de Wetmore"
"Chlorornis riefferii","Grass-green Tanager","Tangara lorito"
"Cnemathraupis eximia","Black-chested Mountain Tanager","Tangara dorsiverde"
"Cnemathraupis aureodorsalis","Golden-backed Mountain Tanager","Tangara dorsidorada"
"Anisognathus somptuosus","Blue-winged Mountain Tanager","Tangara aliazul"
"Anisognathus notabilis","Black-chinned Mountain Tanager","Tangara barbinegra"
"Anisognathus melanogenys","Santa Marta Mountain Tanager","Tangara de Santa Marta"
"Anisognathus igniventris","Scarlet-bellied Mountain Tanager","Tangara ventrinaranja"
"Anisognathus lacrymosus","Lacrimose Mountain Tanager","Tangara lacrimosa"
"Chlorochrysa phoenicotis","Glistening-green Tanager","Tangara verde"
"Chlorochrysa nitidissima","Multicolored Tanager","Tangara multicolor"
"Chlorochrysa calliparaea","Orange-eared Tanager","Tangara orejinaranja"
"Wetmorethraupis sterrhopteron","Orange-throated Tanager","Tangara golinaranja"
"Bangsia flavovirens","Yellow-green Tanager","Tangara verdiamarilla"
"Bangsia arcaei","Blue-and-gold Tanager","Tangara de Arcé"
"Bangsia aureocincta","Gold-ringed Tanager","Tangara del Tatamá"
"Bangsia edwardsi","Moss-backed Tanager","Tangara de Edwards"
"Bangsia rothschildi","Golden-chested Tanager","Tangara de Rothschild"
"Bangsia melanochlamys","Black-and-gold Tanager","Tangara negrigualda"
"Lophospingus griseocristatus","Grey-crested Finch","Soldadito gris"
"Lophospingus pusillus","Black-crested Finch","Soldadito común"
"Neothraupis fasciata","Shrike-like Tanager","Tangara bandeada"
"Diuca diuca","Diuca Finch","Diuca común"
"Gubernatrix cristata","Yellow Cardinal","Gobernador crestado"
"Stephanophorus diadematus","Diademed Tanager","Tangara diademada"
"Cissopis leverianus","Magpie Tanager","Tangara urraca"
"Schistochlamys melanopis","Black-faced Tanager","Tangara carinegra"
"Schistochlamys ruficapillus","Cinnamon Tanager","Tangara canela"
"Paroaria coronata","Red-crested Cardinal","Cardenilla crestada"
"Paroaria dominicana","Red-cowled Cardinal","Cardenilla dominica"
"Paroaria baeri","Crimson-fronted Cardinal","Cardenilla frentirroja"
"Paroaria capitata","Yellow-billed Cardinal","Cardenilla piquigualda"
"Paroaria nigrogenis","Masked Cardinal","Cardenilla enmascarada"
"Paroaria gularis","Red-capped Cardinal","Cardenilla capirroja"
"Ixothraupis varia","Dotted Tanager","Tangara manchada"
"Ixothraupis rufigula","Rufous-throated Tanager","Tangara golirrufa"
"Ixothraupis punctata","Spotted Tanager","Tangara puntosa"
"Ixothraupis guttata","Speckled Tanager","Tangara pintoja"
"Ixothraupis xanthogastra","Yellow-bellied Tanager","Tangara ventriamarilla"
"Chalcothraupis ruficervix","Golden-naped Tanager","Tangara nuquigualda"
"Poecilostreptus cabanisi","Azure-rumped Tanager","Tangara chiapaneca"
"Poecilostreptus palmeri","Grey-and-gold Tanager","Tangara grisdorada"
"Thraupis episcopus","Blue-grey Tanager","Tangara azuleja"
"Thraupis sayaca","Sayaca Tanager","Tangara sayaca"
"Thraupis glaucocolpa","Glaucous Tanager","Tangara glauca"
"Thraupis cyanoptera","Azure-shouldered Tanager","Tangara cianóptera"
"Thraupis abbas","Yellow-winged Tanager","Tangara aliamarilla"
"Thraupis ornata","Golden-chevroned Tanager","Tangara adornada"
"Thraupis palmarum","Palm Tanager","Tangara palmera"
"Stilpnia cyanoptera","Black-headed Tanager","Tangara cabecinegra"
"Stilpnia whitelyi","Black-hooded Tanager","Tangara capuchinegra"
"Stilpnia viridicollis","Silver-backed Tanager","Tangara dorsiplateada"
"Stilpnia phillipsi","Sira Tanager","Tangara del Sira"
"Stilpnia argyrofenges","Straw-backed Tanager","Tangara dorsipajiza"
"Stilpnia heinei","Black-capped Tanager","Tangara coroninegra"
"Stilpnia larvata","Golden-hooded Tanager","Tangara cabecidorada"
"Stilpnia cyanicollis","Blue-necked Tanager","Tangara cabeciazul"
"Stilpnia nigrocincta","Masked Tanager","Tangara pechinegra"
"Stilpnia peruviana","Black-backed Tanager","Tangara dorsinegra"
"Stilpnia preciosa","Chestnut-backed Tanager","Tangara preciosa"
"Stilpnia meyerdeschauenseei","Green-capped Tanager","Tangara coroniverde"
"Stilpnia vitriolina","Scrub Tanager","Tangara matorralera"
"Stilpnia cayana","Burnished-buff Tanager","Tangara isabel norteña"
"Stilpnia cucullata","Lesser Antillean Tanager","Tangara de Granada"
"Tangara vassorii","Blue-and-black Tanager","Tangara azulinegra común"
"Tangara nigroviridis","Beryl-spangled Tanager","Tangara de lentejuelas"
"Tangara dowii","Spangle-cheeked Tanager","Tangara caripinta"
"Tangara fucosa","Green-naped Tanager","Tangara nuquiverde"
"Tangara cyanotis","Blue-browed Tanager","Tangara cejiazul"
"Tangara rufigenis","Rufous-cheeked Tanager","Tangara carirrufa"
"Tangara labradorides","Metallic-green Tanager","Tangara verdinegra"
"Tangara gyrola","Bay-headed Tanager","Tangara cabecibaya"
"Tangara lavinia","Rufous-winged Tanager","Tangara alirrufa"
"Tangara chrysotis","Golden-eared Tanager","Tangara orejidorada"
"Tangara xanthocephala","Saffron-crowned Tanager","Tangara coronigualda"
"Tangara parzudakii","Flame-faced Tanager","Tangara carirroja"
"Tangara johannae","Blue-whiskered Tanager","Tangara bigotuda"
"Tangara schrankii","Green-and-gold Tanager","Tangara de Schrank"
"Tangara arthus","Golden Tanager","Tangara pechicastaña"
"Tangara florida","Emerald Tanager","Tangara florida"
"Tangara icterocephala","Silver-throated Tanager","Tangara goliplateada"
"Tangara fastuosa","Seven-colored Tanager","Tangara sietecolores"
"Tangara seledon","Green-headed Tanager","Tangara arcoiris"
"Tangara cyanocephala","Red-necked Tanager","Tangara militar"
"Tangara desmaresti","Brassy-breasted Tanager","Tangara de Desmarest"
"Tangara cyanoventris","Gilt-edged Tanager","Tangara ventriazul"
"Tangara inornata","Plain-colored Tanager","Tangara cenicienta"
"Tangara mexicana","Turquoise Tanager","Tangara turquesa"
"Tangara brasiliensis","White-bellied Tanager","Tangara ventriblanca"
"Tangara chilensis","Paradise Tanager","Tangara del paraíso"
"Tangara callophrys","Opal-crowned Tanager","Tangara opalina"
"Tangara velia","Opal-rumped Tanager","Tangara velia"
